[INFO] 01-02-2026 09:08:35 [main] Log - Running test case testHomePage1
[INFO] 01-02-2026 09:08:39 [main] Log - Test case testHomePage1 is passed.
[INFO] 01-02-2026 09:08:40 [main] Log - Running test case testHomePage2
[ERROR] 01-02-2026 09:08:40 [main] Log - Test case testHomePage2 is failed.
[ERROR] 01-02-2026 09:08:41 [main] Log - java.lang.AssertionError: expected [Anh Tester Automation Test] but found [Anh Tester Automation Testing]
[INFO] 01-02-2026 09:08:41 [main] Log - End testing AutomationOpenCart
[INFO] 01-02-2026 09:12:17 [main] Log - Running test case testHomePage1
[INFO] 01-02-2026 09:12:21 [main] Log - Test case testHomePage1 is passed.
[INFO] 01-02-2026 09:12:22 [main] Log - Running test case testHomePage2
[ERROR] 01-02-2026 09:12:22 [main] Log - Test case testHomePage2 is failed.
[ERROR] 01-02-2026 09:12:23 [main] Log - java.lang.AssertionError: expected [Anh Tester Automation Test] but found [Anh Tester Automation Testing]
[INFO] 01-02-2026 09:12:23 [main] Log - End testing AutomationOpenCart
[INFO] 01-02-2026 09:17:14 [main] Log - Running test case testHomePage1
[INFO] 01-02-2026 09:17:16 [main] Log - Test case testHomePage1 is passed.
[INFO] 01-02-2026 09:17:17 [main] Log - Running test case testHomePage2
[ERROR] 01-02-2026 09:17:17 [main] Log - Test case testHomePage2 is failed.
[ERROR] 01-02-2026 09:17:18 [main] Log - java.lang.AssertionError: expected [Anh Tester Automation Test] but found [Anh Tester Automation Testing]
[INFO] 01-02-2026 09:17:20 [main] Log - End testing AutomationOpenCart
[INFO] 01-02-2026 09:20:51 [main] Log - Running test case testHomePage1
[INFO] 01-02-2026 09:20:54 [main] Log - Test case testHomePage1 is passed.
[INFO] 01-02-2026 09:20:54 [main] Log - Running test case testHomePage2
[ERROR] 01-02-2026 09:20:55 [main] Log - Test case testHomePage2 is failed.
[ERROR] 01-02-2026 09:20:56 [main] Log - java.lang.AssertionError: expected [Anh Tester Automation Test] but found [Anh Tester Automation Testing]
[INFO] 01-02-2026 09:20:58 [main] Log - End testing AutomationOpenCart
[INFO] 01-02-2026 09:43:58 [main] Log - Running test case testHomePage1
[INFO] 01-02-2026 09:44:02 [main] Log - Test case testHomePage1 is passed.
[INFO] 01-02-2026 09:44:02 [main] Log - Running test case testHomePage2
[ERROR] 01-02-2026 09:44:03 [main] Log - Test case testHomePage2 is failed.
[ERROR] 01-02-2026 09:44:04 [main] Log - java.lang.AssertionError: expected [Anh Tester Automation Test] but found [Anh Tester Automation Testing]
[INFO] 01-02-2026 09:44:04 [main] Log - End testing AutomationOpenCart
[INFO] 01-02-2026 09:54:50 [main] Log - Running test case testHomePage1
[INFO] 01-02-2026 09:54:53 [main] Log - Test case testHomePage1 is passed.
[INFO] 01-02-2026 09:54:54 [main] Log - Running test case testHomePage2
[ERROR] 01-02-2026 09:54:54 [main] Log - Test case testHomePage2 is failed.
[ERROR] 01-02-2026 09:54:55 [main] Log - java.lang.AssertionError: expected [Anh Tester Automation Test] but found [Anh Tester Automation Testing]
[INFO] 01-02-2026 09:54:57 [main] Log - End testing AutomationOpenCart
[INFO] 01-02-2026 10:08:44 [main] Log - Running test case testHomePage1
[INFO] 01-02-2026 10:08:48 [main] Log - Test case testHomePage1 is passed.
[INFO] 01-02-2026 10:08:48 [main] Log - Running test case testHomePage2
[ERROR] 01-02-2026 10:08:49 [main] Log - Test case testHomePage2 is failed.
[ERROR] 01-02-2026 10:08:50 [main] Log - java.lang.AssertionError: expected [Anh Tester Automation Test] but found [Anh Tester Automation Testing]
[ERROR] 01-02-2026 10:08:50 [main] Log - Test case testHomePage2 is failed.
[ERROR] 01-02-2026 10:08:50 [main] Log - java.lang.NullPointerException
[INFO] 01-02-2026 10:08:51 [main] Log - End testing AutomationOpenCart
[INFO] 01-02-2026 10:35:40 [main] Log - Running test case testHomePage1
[INFO] 01-02-2026 10:35:44 [main] Log - Test case testHomePage1 is passed.
[INFO] 01-02-2026 10:35:46 [main] Log - Running test case testHomePage2
[ERROR] 01-02-2026 10:35:46 [main] Log - Test case testHomePage2 is failed.
[ERROR] 01-02-2026 10:35:47 [main] Log - java.lang.AssertionError: expected [Anh Tester Automation Test] but found [Anh Tester Automation Testing]
[INFO] 01-02-2026 10:35:49 [main] Log - End testing AutomationOpenCart
[INFO] 01-02-2026 11:03:29 [main] Log - Running test case testHomePage1
[INFO] 01-02-2026 11:03:32 [main] Log - Test case testHomePage1 is passed.
[INFO] 01-02-2026 11:03:33 [main] Log - Running test case testHomePage2
[ERROR] 01-02-2026 11:03:33 [main] Log - Test case testHomePage2 is failed.
[ERROR] 01-02-2026 11:03:34 [main] Log - java.lang.AssertionError: expected [Anh Tester Automation Test] but found [Anh Tester Automation Testing]
[INFO] 01-02-2026 11:03:34 [main] Log - End testing AutomationOpenCart
[INFO] 01-02-2026 11:21:42 [main] Log - Running test case testHomePage1
[INFO] 01-02-2026 11:21:46 [main] Log - Test case testHomePage1 is passed.
[INFO] 01-02-2026 11:21:46 [main] Log - Running test case testHomePage2
[ERROR] 01-02-2026 11:21:46 [main] Log - Test case testHomePage2 is failed.
[ERROR] 01-02-2026 11:21:47 [main] Log - java.lang.AssertionError: expected [Anh Tester Automation Test] but found [Anh Tester Automation Testing]
[INFO] 01-02-2026 11:21:48 [main] Log - End testing AutomationOpenCart
[INFO] 01-02-2026 11:26:45 [main] Log - Running test case testHomePage1
[INFO] 01-02-2026 11:26:49 [main] Log - Test case testHomePage1 is passed.
[ERROR] 01-02-2026 11:26:50 [main] Log - Test case testHomePage1 is failed.
[ERROR] 01-02-2026 11:26:51 [main] Log - java.lang.RuntimeException: java.nio.file.AccessDeniedException: .\export\videos\testHomePage1
[INFO] 01-02-2026 11:26:51 [main] Log - Running test case testHomePage2
[ERROR] 01-02-2026 11:26:52 [main] Log - Test case testHomePage2 is failed.
[ERROR] 01-02-2026 11:26:52 [main] Log - java.lang.AssertionError: expected [Anh Tester Automation Test] but found [Anh Tester Automation Testing]
[INFO] 01-02-2026 11:26:53 [main] Log - End testing AutomationOpenCart
[INFO] 01-02-2026 11:30:50 [main] Log - Running test case testHomePage1
[INFO] 01-02-2026 11:30:54 [main] Log - Test case testHomePage1 is passed.
[ERROR] 01-02-2026 11:30:55 [main] Log - Test case testHomePage1 is failed.
[ERROR] 01-02-2026 11:30:56 [main] Log - java.lang.RuntimeException: java.nio.file.AccessDeniedException: .\export\videos\testHomePage1
[INFO] 01-02-2026 11:30:56 [main] Log - End testing AutomationOpenCart
[INFO] 01-02-2026 11:37:00 [main] Log - Running test case testHomePage1
[INFO] 01-02-2026 11:37:03 [main] Log - Test case testHomePage1 is passed.
[INFO] 02-02-2026 08:57:17 [main] Log - Running test case testHomePage1
[INFO] 02-02-2026 08:57:20 [main] Log - Test case testHomePage1 is passed.
[INFO] 02-02-2026 08:57:20 [main] Log - Running test case testHomePage2
[ERROR] 02-02-2026 08:57:21 [main] Log - Test case testHomePage2 is failed.
[ERROR] 02-02-2026 08:57:22 [main] Log - java.lang.AssertionError: expected [Anh Tester Automation Test] but found [Anh Tester Automation Testing]
[INFO] 02-02-2026 08:57:22 [main] Log - End testing AutomationOpenCart
[INFO] 02-02-2026 09:01:43 [main] Log - Running test case testHomePage1
[INFO] 02-02-2026 09:01:47 [main] Log - Test case testHomePage1 is passed.
[INFO] 02-02-2026 09:01:47 [main] Log - Running test case testHomePage2
[ERROR] 02-02-2026 09:01:48 [main] Log - Test case testHomePage2 is failed.
[ERROR] 02-02-2026 09:01:48 [main] Log - java.lang.AssertionError: expected [Anh Tester Automation Test] but found [Anh Tester Automation Testing]
[INFO] 02-02-2026 09:01:49 [main] Log - End testing AutomationOpenCart
[INFO] 02-02-2026 09:18:09 [main] Log - Running test case testHomePage1
[INFO] 02-02-2026 09:18:18 [main] Log - Test case testHomePage1 is passed.
[INFO] 02-02-2026 09:18:18 [main] Log - Running test case testHomePage2
[ERROR] 02-02-2026 09:18:18 [main] Log - Test case testHomePage2 is failed.
[ERROR] 02-02-2026 09:18:19 [main] Log - java.lang.AssertionError: expected [Anh Tester Automation Test] but found [Anh Tester Automation Testing]
[INFO] 02-02-2026 09:18:20 [main] Log - End testing AutomationOpenCart
[INFO] 02-02-2026 09:26:02 [main] Log - Running test case testHomePage1
[INFO] 02-02-2026 09:26:10 [main] Log - Test case testHomePage1 is passed.
[INFO] 02-02-2026 09:26:10 [main] Log - Running test case testHomePage2
[ERROR] 02-02-2026 09:26:11 [main] Log - Test case testHomePage2 is failed.
[ERROR] 02-02-2026 09:26:11 [main] Log - java.lang.AssertionError: expected [Anh Tester Automation Test] but found [Anh Tester Automation Testing]
[INFO] 02-02-2026 09:26:12 [main] Log - End testing AutomationOpenCart
[INFO] 02-02-2026 09:31:24 [main] Log - Running test case testHomePage1
[INFO] 02-02-2026 09:31:32 [main] Log - Test case testHomePage1 is passed.
[INFO] 02-02-2026 09:31:34 [main] Log - Running test case testHomePage2
[ERROR] 02-02-2026 09:31:35 [main] Log - Test case testHomePage2 is failed.
[ERROR] 02-02-2026 09:31:36 [main] Log - java.lang.AssertionError: expected [Anh Tester Automation Test] but found [Anh Tester Automation Testing]
[INFO] 02-02-2026 09:31:36 [main] Log - End testing AutomationOpenCart
[INFO] 02-02-2026 21:12:28 [main] Log - Running test case testHomePage1
[INFO] 02-02-2026 21:12:33 [main] Log - Test case testHomePage1 is passed.
[INFO] 02-02-2026 21:12:33 [main] Log - Running test case testHomePage2
[ERROR] 02-02-2026 21:12:34 [main] Log - Test case testHomePage2 is failed.
[ERROR] 02-02-2026 21:12:34 [main] Log - java.lang.AssertionError: expected [Anh Tester Automation Test] but found [Anh Tester Automation Testing]
[INFO] 02-02-2026 21:12:35 [main] Log - End testing AutomationOpenCart
[INFO] 02-02-2026 22:24:37 [main] Log - Running test case testHomePage2
[ERROR] 02-02-2026 22:24:48 [main] Log - Test case testHomePage2 is failed.
[ERROR] 02-02-2026 22:24:48 [main] Log - java.lang.AssertionError: expected [Anh Tester Automation Test] but found [Anh Tester Automation Testing]
[INFO] 02-02-2026 22:24:50 [main] Log - End testing AutomationOpenCart
[INFO] 02-02-2026 22:25:08 [main] Log - Running test case testHomePage1
[INFO] 02-02-2026 22:25:16 [main] Log - Test case testHomePage1 is passed.
[INFO] 02-02-2026 22:25:17 [main] Log - Running test case testHomePage2
[ERROR] 02-02-2026 22:25:18 [main] Log - Test case testHomePage2 is failed.
[ERROR] 02-02-2026 22:25:18 [main] Log - java.lang.AssertionError: expected [Anh Tester Automation Test] but found [Anh Tester Automation Testing]
[INFO] 02-02-2026 22:25:20 [main] Log - End testing AutomationOpenCart
[INFO] 02-02-2026 22:26:17 [main] Log - Running test case testHomePage1
[INFO] 02-02-2026 22:26:26 [main] Log - Test case testHomePage1 is passed.
[INFO] 02-02-2026 22:26:27 [main] Log - Running test case testHomePage2
[ERROR] 02-02-2026 22:26:28 [main] Log - Test case testHomePage2 is failed.
[ERROR] 02-02-2026 22:26:28 [main] Log - java.lang.AssertionError: expected [Anh Tester Automation Test] but found [Anh Tester Automation Testing]
[INFO] 02-02-2026 22:26:29 [main] Log - End testing AutomationOpenCart
[INFO] 03-02-2026 17:48:47 [main] Log - Running test case Register_Success
[ERROR] 03-02-2026 17:48:48 [main] Log - Hết thời gian chờ phần tử có thể click: element is null
[ERROR] 03-02-2026 17:48:48 [main] Log - Test case Register_Success is failed.
[ERROR] 03-02-2026 17:48:48 [main] Log - java.lang.RuntimeException: Không thể tìm thấy phần tử có thể click: element is null
[INFO] 03-02-2026 17:48:49 [main] Log - End testing AutomationOpenCart
[INFO] 03-02-2026 17:50:32 [main] Log - Running test case Register_Success
[ERROR] 03-02-2026 17:50:33 [main] Log - Hết thời gian chờ phần tử có thể click: element is null
[ERROR] 03-02-2026 17:50:33 [main] Log - Test case Register_Success is failed.
[ERROR] 03-02-2026 17:50:33 [main] Log - java.lang.RuntimeException: Không thể tìm thấy phần tử có thể click: element is null
[INFO] 03-02-2026 17:50:34 [main] Log - End testing AutomationOpenCart
[INFO] 03-02-2026 17:54:40 [main] Log - Running test case Register_Success
[ERROR] 03-02-2026 17:54:40 [main] Log - Hết thời gian chờ phần tử có thể click: element is null
[ERROR] 03-02-2026 17:54:40 [main] Log - Test case Register_Success is failed.
[ERROR] 03-02-2026 17:54:41 [main] Log - java.lang.RuntimeException: Không thể tìm thấy phần tử có thể click: element is null
[INFO] 03-02-2026 17:54:41 [main] Log - End testing AutomationOpenCart
[INFO] 03-02-2026 17:56:44 [main] Log - Running test case Register_Success
[ERROR] 03-02-2026 17:56:44 [main] Log - Hết thời gian chờ phần tử có thể click: element is null
[ERROR] 03-02-2026 17:56:44 [main] Log - Test case Register_Success is failed.
[ERROR] 03-02-2026 17:56:44 [main] Log - java.lang.RuntimeException: Không thể tìm thấy phần tử có thể click: element is null
[INFO] 03-02-2026 17:56:45 [main] Log - End testing AutomationOpenCart
[INFO] 03-02-2026 17:58:30 [main] Log - Running test case Register_Success
[ERROR] 03-02-2026 17:58:30 [main] Log - Hết thời gian chờ phần tử có thể click: element is null
[ERROR] 03-02-2026 17:58:30 [main] Log - Test case Register_Success is failed.
[ERROR] 03-02-2026 17:58:30 [main] Log - java.lang.RuntimeException: Không thể tìm thấy phần tử có thể click: element is null
[INFO] 03-02-2026 17:58:31 [main] Log - End testing AutomationOpenCart
[INFO] 03-02-2026 18:00:22 [main] Log - Running test case Register_Success
[ERROR] 03-02-2026 18:00:22 [main] Log - Hết thời gian chờ phần tử có thể click: element is null
[ERROR] 03-02-2026 18:00:22 [main] Log - Test case Register_Success is failed.
[ERROR] 03-02-2026 18:00:23 [main] Log - java.lang.RuntimeException: Không thể tìm thấy phần tử có thể click: element is null
[INFO] 03-02-2026 18:00:24 [main] Log - End testing AutomationOpenCart
[INFO] 03-02-2026 18:02:59 [main] Log - Running test case Register_Success
[ERROR] 03-02-2026 18:02:59 [main] Log - Hết thời gian chờ phần tử có thể click: element is null
[ERROR] 03-02-2026 18:02:59 [main] Log - Test case Register_Success is failed.
[ERROR] 03-02-2026 18:03:00 [main] Log - java.lang.RuntimeException: Không thể tìm thấy phần tử có thể click: element is null
[INFO] 03-02-2026 18:03:01 [main] Log - End testing AutomationOpenCart
[INFO] 03-02-2026 18:06:00 [main] Log - Running test case Register_Success
[ERROR] 03-02-2026 18:06:01 [main] Log - Hết thời gian chờ phần tử có thể click: element is null
[ERROR] 03-02-2026 18:06:01 [main] Log - Test case Register_Success is failed.
[ERROR] 03-02-2026 18:06:01 [main] Log - java.lang.RuntimeException: Không thể tìm thấy phần tử có thể click: element is null
[INFO] 03-02-2026 18:06:02 [main] Log - End testing AutomationOpenCart
[INFO] 03-02-2026 18:09:25 [main] Log - Running test case Register_Success
[ERROR] 03-02-2026 18:09:25 [main] Log - Hết thời gian chờ phần tử có thể click: element is null
[ERROR] 03-02-2026 18:09:25 [main] Log - Test case Register_Success is failed.
[ERROR] 03-02-2026 18:09:26 [main] Log - java.lang.RuntimeException: Không thể tìm thấy phần tử có thể click: element is null
[INFO] 03-02-2026 18:09:27 [main] Log - End testing AutomationOpenCart
[INFO] 03-02-2026 18:12:48 [main] Log - Running test case Register_Success
[ERROR] 03-02-2026 18:12:49 [main] Log - Hết thời gian chờ phần tử có thể click: element is null
[ERROR] 03-02-2026 18:12:49 [main] Log - Test case Register_Success is failed.
[ERROR] 03-02-2026 18:12:49 [main] Log - java.lang.RuntimeException: Không thể tìm thấy phần tử có thể click: element is null
[INFO] 03-02-2026 18:12:50 [main] Log - End testing AutomationOpenCart
[INFO] 03-02-2026 18:19:41 [main] Log - Running test case Register_Success
[ERROR] 03-02-2026 18:19:41 [main] Log - Hết thời gian chờ phần tử có thể click: element is null
[ERROR] 03-02-2026 18:19:41 [main] Log - Test case Register_Success is failed.
[ERROR] 03-02-2026 18:19:41 [main] Log - java.lang.RuntimeException: Không thể tìm thấy phần tử có thể click: element is null
[INFO] 03-02-2026 18:19:42 [main] Log - End testing AutomationOpenCart
[INFO] 03-02-2026 18:21:50 [main] Log - Running test case Register_Success
[ERROR] 03-02-2026 18:21:50 [main] Log - Test case Register_Success is failed.
[ERROR] 03-02-2026 18:21:51 [main] Log - java.lang.NullPointerException: Cannot invoke "Object.toString()" because "element" is null
[INFO] 03-02-2026 18:21:52 [main] Log - End testing AutomationOpenCart
[INFO] 03-02-2026 18:22:01 [main] Log - Running test case Register_Success
[ERROR] 03-02-2026 18:22:02 [main] Log - Test case Register_Success is failed.
[ERROR] 03-02-2026 18:22:02 [main] Log - java.lang.NullPointerException: Cannot invoke "Object.toString()" because "element" is null
[INFO] 03-02-2026 18:22:03 [main] Log - End testing AutomationOpenCart
[INFO] 03-02-2026 18:22:15 [main] Log - Running test case Register_Success
[ERROR] 03-02-2026 18:22:15 [main] Log - Test case Register_Success is failed.
[ERROR] 03-02-2026 18:22:16 [main] Log - java.lang.NullPointerException: Cannot invoke "Object.toString()" because "element" is null
[INFO] 03-02-2026 18:22:17 [main] Log - End testing AutomationOpenCart
[INFO] 03-02-2026 18:25:30 [main] Log - Running test case Register_Success
[ERROR] 03-02-2026 18:25:30 [main] Log - Test case Register_Success is failed.
[ERROR] 03-02-2026 18:25:31 [main] Log - java.lang.NullPointerException: Cannot invoke "Object.toString()" because "element" is null
[INFO] 03-02-2026 18:25:32 [main] Log - End testing AutomationOpenCart
[INFO] 03-02-2026 18:30:26 [main] Log - Running test case Register_Success
[ERROR] 03-02-2026 18:30:27 [main] Log - Test case Register_Success is failed.
[ERROR] 03-02-2026 18:30:27 [main] Log - java.lang.NullPointerException: Cannot invoke "Object.toString()" because "element" is null
[INFO] 03-02-2026 18:30:28 [main] Log - End testing AutomationOpenCart
[INFO] 03-02-2026 18:32:27 [main] Log - Running test case Register_Success
[ERROR] 03-02-2026 18:32:27 [main] Log - Test case Register_Success is failed.
[ERROR] 03-02-2026 18:32:28 [main] Log - java.lang.NullPointerException: Cannot invoke "Object.toString()" because "element" is null
[INFO] 03-02-2026 18:32:29 [main] Log - End testing AutomationOpenCart
[INFO] 03-02-2026 18:32:49 [main] Log - Running test case Register_Success
[ERROR] 03-02-2026 18:32:49 [main] Log - Test case Register_Success is failed.
[ERROR] 03-02-2026 18:32:50 [main] Log - java.lang.NullPointerException: Cannot invoke "Object.toString()" because "element" is null
[INFO] 03-02-2026 18:32:50 [main] Log - End testing AutomationOpenCart
[INFO] 03-02-2026 18:33:03 [main] Log - Running test case Register_Success
[ERROR] 03-02-2026 18:33:03 [main] Log - Test case Register_Success is failed.
[ERROR] 03-02-2026 18:33:04 [main] Log - java.lang.NullPointerException: Cannot invoke "Object.toString()" because "element" is null
[INFO] 03-02-2026 18:33:05 [main] Log - End testing AutomationOpenCart
[INFO] 03-02-2026 18:35:23 [main] Log - Running test case Register_Success
[ERROR] 03-02-2026 18:35:24 [main] Log - Test case Register_Success is failed.
[ERROR] 03-02-2026 18:35:24 [main] Log - java.lang.NullPointerException: Cannot invoke "Object.toString()" because "element" is null
[INFO] 03-02-2026 18:35:25 [main] Log - End testing AutomationOpenCart
[INFO] 03-02-2026 18:35:43 [main] Log - Running test case Register_Success
[INFO] 03-02-2026 18:35:43 [main] Log - Đang xác thực giá trị đúng...

[ERROR] 03-02-2026 18:35:43 [main] Log - Test case Register_Success is failed.
[ERROR] 03-02-2026 18:35:43 [main] Log - java.lang.NullPointerException: Cannot invoke "Object.toString()" because "element" is null
[INFO] 03-02-2026 18:35:44 [main] Log - End testing AutomationOpenCart
[INFO] 03-02-2026 18:36:45 [main] Log - Running test case Register_Success
[ERROR] 03-02-2026 18:36:45 [main] Log - Test case Register_Success is failed.
[ERROR] 03-02-2026 18:36:45 [main] Log - java.lang.NullPointerException: Cannot invoke "Object.toString()" because "element" is null
[INFO] 03-02-2026 18:36:46 [main] Log - End testing AutomationOpenCart
[INFO] 03-02-2026 18:43:39 [main] Log - Khởi tạo trình duyệt: chrome
[INFO] 03-02-2026 18:43:42 [main] Log - Running test case Register_Success
[ERROR] 03-02-2026 18:43:42 [main] Log - Test case Register_Success is failed.
[ERROR] 03-02-2026 18:43:43 [main] Log - java.lang.NullPointerException: Cannot invoke "Object.toString()" because "element" is null
[INFO] 03-02-2026 18:43:45 [main] Log - End testing AutomationOpenCart
[INFO] 03-02-2026 18:50:18 [main] Log - Khởi tạo trình duyệt: chrome
[INFO] 03-02-2026 18:50:22 [main] Log - Running test case Register_Success
[ERROR] 03-02-2026 18:50:22 [main] Log - Test case Register_Success is failed.
[ERROR] 03-02-2026 18:50:23 [main] Log - java.lang.NullPointerException: Cannot invoke "Object.toString()" because "element" is null
[INFO] 03-02-2026 18:50:24 [main] Log - End testing AutomationOpenCart
[INFO] 03-02-2026 18:52:06 [main] Log - Khởi tạo trình duyệt: chrome
[INFO] 03-02-2026 18:52:10 [main] Log - Running test case Register_Success
[ERROR] 03-02-2026 18:52:10 [main] Log - Test case Register_Success is failed.
[ERROR] 03-02-2026 18:52:11 [main] Log - java.lang.NullPointerException: Cannot invoke "Object.toString()" because "element" is null
[INFO] 03-02-2026 18:52:11 [main] Log - End testing AutomationOpenCart
[INFO] 03-02-2026 18:54:16 [main] Log - Khởi tạo trình duyệt: chrome
[INFO] 03-02-2026 18:54:19 [main] Log - Running test case Register_Success
[ERROR] 03-02-2026 18:54:19 [main] Log - Test case Register_Success is failed.
[ERROR] 03-02-2026 18:54:19 [main] Log - java.lang.NullPointerException: Cannot invoke "Object.toString()" because "element" is null
[INFO] 03-02-2026 18:54:20 [main] Log - End testing AutomationOpenCart
[INFO] 03-02-2026 18:55:05 [main] Log - Khởi tạo trình duyệt: chrome
[INFO] 03-02-2026 18:55:08 [main] Log - Running test case Register_Success
[ERROR] 03-02-2026 18:55:08 [main] Log - Test case Register_Success is failed.
[ERROR] 03-02-2026 18:55:09 [main] Log - java.lang.IllegalArgumentException: Element must be set
[INFO] 03-02-2026 18:55:10 [main] Log - End testing AutomationOpenCart
[INFO] 03-02-2026 18:56:05 [main] Log - Khởi tạo trình duyệt: chrome
[INFO] 03-02-2026 18:56:08 [main] Log - Running test case Register_Success
[ERROR] 03-02-2026 18:56:08 [main] Log - Test case Register_Success is failed.
[ERROR] 03-02-2026 18:56:09 [main] Log - java.lang.IllegalArgumentException: Element must be set
[INFO] 03-02-2026 18:56:09 [main] Log - End testing AutomationOpenCart
[INFO] 03-02-2026 18:58:49 [main] Log - Khởi tạo trình duyệt: chrome
[INFO] 03-02-2026 18:58:52 [main] Log - Running test case Register_Success
[ERROR] 03-02-2026 18:58:53 [main] Log - Hết thời gian chờ phần tử hiển thị: [[ChromeDriver: chrome on windows (17dc3a02d299ae12fbc023cca0e91088)] -> xpath: //a[normalize-space()='Register']]
[ERROR] 03-02-2026 18:58:53 [main] Log - Test case Register_Success is failed.
[ERROR] 03-02-2026 18:58:53 [main] Log - java.lang.RuntimeException: Không thể tìm thấy phần tử hiển thị: [[ChromeDriver: chrome on windows (17dc3a02d299ae12fbc023cca0e91088)] -> xpath: //a[normalize-space()='Register']]
[INFO] 03-02-2026 18:58:54 [main] Log - End testing AutomationOpenCart
[INFO] 03-02-2026 18:59:46 [main] Log - Khởi tạo trình duyệt: chrome
[INFO] 03-02-2026 18:59:49 [main] Log - Running test case Register_Success
[ERROR] 03-02-2026 18:59:50 [main] Log - Hết thời gian chờ phần tử hiển thị: [[ChromeDriver: chrome on windows (82c20a7a0780a6659d721065fde46a8d)] -> xpath: //a[normalize-space()='Register']]
[ERROR] 03-02-2026 18:59:50 [main] Log - Test case Register_Success is failed.
[ERROR] 03-02-2026 18:59:50 [main] Log - java.lang.RuntimeException: Không thể tìm thấy phần tử hiển thị: [[ChromeDriver: chrome on windows (82c20a7a0780a6659d721065fde46a8d)] -> xpath: //a[normalize-space()='Register']]
[INFO] 03-02-2026 18:59:51 [main] Log - End testing AutomationOpenCart
[INFO] 03-02-2026 19:01:14 [main] Log - Khởi tạo trình duyệt: chrome
[INFO] 03-02-2026 19:01:17 [main] Log - Running test case Register_Success
[ERROR] 03-02-2026 19:01:18 [main] Log - Hết thời gian chờ phần tử có thể click: [[ChromeDriver: chrome on windows (24a5b4b63610f8a4ea4408e5ecd0bfb6)] -> xpath: //a[normalize-space()='Register']]
[ERROR] 03-02-2026 19:01:18 [main] Log - Test case Register_Success is failed.
[ERROR] 03-02-2026 19:01:19 [main] Log - java.lang.RuntimeException: Không thể tìm thấy phần tử có thể click: [[ChromeDriver: chrome on windows (24a5b4b63610f8a4ea4408e5ecd0bfb6)] -> xpath: //a[normalize-space()='Register']]
[INFO] 03-02-2026 19:01:20 [main] Log - End testing AutomationOpenCart
[INFO] 03-02-2026 19:02:17 [main] Log - Khởi tạo trình duyệt: chrome
[INFO] 03-02-2026 19:02:19 [main] Log - Running test case Register_Success
[ERROR] 03-02-2026 19:02:20 [main] Log - Hết thời gian chờ phần tử có thể click: [[ChromeDriver: chrome on windows (3564e0c1ce1e1f911d831490d1fbfd3b)] -> xpath: //a[normalize-space()='Register']]
[ERROR] 03-02-2026 19:02:20 [main] Log - Test case Register_Success is failed.
[ERROR] 03-02-2026 19:02:21 [main] Log - java.lang.RuntimeException: Không thể tìm thấy phần tử có thể click: [[ChromeDriver: chrome on windows (3564e0c1ce1e1f911d831490d1fbfd3b)] -> xpath: //a[normalize-space()='Register']]
[INFO] 03-02-2026 19:02:22 [main] Log - End testing AutomationOpenCart
[INFO] 03-02-2026 19:03:10 [main] Log - Khởi tạo trình duyệt: chrome
[INFO] 03-02-2026 19:03:13 [main] Log - Running test case Register_Success
[INFO] 03-02-2026 19:03:14 [main] Log - Đang xác thực giá trị đúng...

[ERROR] 03-02-2026 19:03:14 [main] Log - Test case Register_Success is failed.
[ERROR] 03-02-2026 19:03:14 [main] Log - java.lang.NullPointerException: Cannot invoke "Object.toString()" because "element" is null
[INFO] 03-02-2026 19:03:15 [main] Log - End testing AutomationOpenCart
[INFO] 03-02-2026 19:10:59 [main] Log - Khởi tạo trình duyệt: chrome
[INFO] 03-02-2026 19:11:02 [main] Log - Running test case Register_Success
[INFO] 03-02-2026 19:11:03 [main] Log - Đang xác thực giá trị đúng...

[INFO] 03-02-2026 19:11:03 [main] Log - Giá trị đúng
[ERROR] 03-02-2026 19:11:03 [main] Log - Test case Register_Success is failed.
[ERROR] 03-02-2026 19:11:03 [main] Log - java.lang.NullPointerException: Cannot invoke "Object.toString()" because "element" is null
[INFO] 03-02-2026 19:11:04 [main] Log - End testing AutomationOpenCart
[INFO] 03-02-2026 19:13:16 [main] Log - Khởi tạo trình duyệt: chrome
[INFO] 03-02-2026 19:13:19 [main] Log - Running test case Register_Success
[INFO] 03-02-2026 19:13:20 [main] Log - Đang xác thực giá trị đúng...

[INFO] 03-02-2026 19:13:20 [main] Log - Giá trị đúng
[ERROR] 03-02-2026 19:13:20 [main] Log - Test case Register_Success is failed.
[ERROR] 03-02-2026 19:13:20 [main] Log - java.lang.RuntimeException: Scroll failed: element is NULL
[INFO] 03-02-2026 19:13:21 [main] Log - End testing AutomationOpenCart
[INFO] 03-02-2026 19:16:02 [main] Log - Khởi tạo trình duyệt: chrome
[INFO] 03-02-2026 19:16:05 [main] Log - Running test case Register_Success
[INFO] 03-02-2026 19:16:06 [main] Log - Đang xác thực giá trị đúng...

[INFO] 03-02-2026 19:16:06 [main] Log - Giá trị đúng
[ERROR] 03-02-2026 19:16:06 [main] Log - Test case Register_Success is failed.
[ERROR] 03-02-2026 19:16:07 [main] Log - java.lang.RuntimeException: Scroll failed: element is NULL
[INFO] 03-02-2026 19:16:07 [main] Log - End testing AutomationOpenCart
[INFO] 03-02-2026 19:16:38 [main] Log - Khởi tạo trình duyệt: chrome
[INFO] 03-02-2026 19:16:41 [main] Log - Running test case Register_Success
[ERROR] 03-02-2026 19:17:24 [main] Log - Test case Register_Success is failed.
[ERROR] 03-02-2026 19:17:25 [main] Log - Test case Register_Success is failed.
[INFO] 03-02-2026 19:17:25 [main] Log - End testing AutomationOpenCart
[INFO] 03-02-2026 19:19:34 [main] Log - Khởi tạo trình duyệt: chrome
[INFO] 03-02-2026 19:19:37 [main] Log - Running test case Register_Success
[INFO] 03-02-2026 19:21:41 [main] Log - Khởi tạo trình duyệt: chrome
[INFO] 03-02-2026 19:21:44 [main] Log - Running test case Register_Success
[INFO] 03-02-2026 19:21:45 [main] Log - Đang xác thực giá trị đúng...

[INFO] 03-02-2026 19:21:45 [main] Log - Giá trị đúng
[INFO] 03-02-2026 19:21:45 [main] Log - Cuộn tới phần tử: [[ChromeDriver: chrome on windows (dd246439cc1de23e4f394388f32ff1dc)] -> xpath: //legend[normalize-space()='Your Personal Details']]
[INFO] 03-02-2026 19:21:46 [main] Log - Cuộn tới phần tử: [[ChromeDriver: chrome on windows (dd246439cc1de23e4f394388f32ff1dc)] -> xpath: //legend[normalize-space()='Your Password']]
[INFO] 03-02-2026 19:21:47 [main] Log - Đang xác thực giá trị đúng...

[INFO] 03-02-2026 19:21:47 [main] Log - Giá trị đúng
[INFO] 03-02-2026 19:21:47 [main] Log - Test case Register_Success is passed.
[INFO] 03-02-2026 19:21:48 [main] Log - End testing AutomationOpenCart
[INFO] 03-02-2026 19:56:11 [main] Log - Khởi tạo trình duyệt: chrome
[ERROR] 03-02-2026 19:56:15 [main] Log - Test case Register_Negative_Boundary is failed.
[ERROR] 03-02-2026 19:56:15 [main] Log - org.testng.TestNGException: 
Method public void com.opencart.tests.RegisterTest.Register_Negative_Boundary(java.lang.String,java.lang.String,java.lang.String,java.lang.String,java.lang.String,java.lang.String,java.lang.String,java.lang.String) requires a @DataProvider named : registerData
[INFO] 03-02-2026 19:56:15 [main] Log - End testing AutomationOpenCart
[INFO] 03-02-2026 19:59:49 [main] Log - Khởi tạo trình duyệt: chrome
[INFO] 03-02-2026 19:59:53 [main] Log - Running test case Register_Negative_Boundary
[INFO] 03-02-2026 20:00:27 [main] Log - Actual error messages: [First Name must be between 1 and 32 characters!]
[INFO] 03-02-2026 20:00:27 [main] Log - Test case Register_Negative_Boundary is passed.
[INFO] 03-02-2026 20:00:27 [main] Log - Running test case Register_Negative_Boundary
[INFO] 03-02-2026 20:01:00 [main] Log - Actual error messages: [First Name must be between 1 and 32 characters!]
[INFO] 03-02-2026 20:01:00 [main] Log - Test case Register_Negative_Boundary is passed.
[INFO] 03-02-2026 20:01:00 [main] Log - Running test case Register_Negative_Boundary
[INFO] 03-02-2026 20:02:03 [main] Log - Actual error messages: []
[ERROR] 03-02-2026 20:02:03 [main] Log - Test case Register_Negative_Boundary is failed.
[ERROR] 03-02-2026 20:02:03 [main] Log - java.lang.AssertionError: Expected error message not found: E-Mail Address does not appear to be valid!
Actual messages: [] expected [true] but found [false]
[INFO] 03-02-2026 20:02:04 [main] Log - Running test case Register_Negative_Boundary
[INFO] 03-02-2026 20:02:37 [main] Log - Actual error messages: [Telephone must be between 3 and 32 characters!]
[INFO] 03-02-2026 20:02:37 [main] Log - Test case Register_Negative_Boundary is passed.
[INFO] 03-02-2026 20:02:37 [main] Log - Running test case Register_Success
[INFO] 03-02-2026 20:02:38 [main] Log - Đang xác thực giá trị đúng...

[INFO] 03-02-2026 20:02:38 [main] Log - Giá trị đúng
[INFO] 03-02-2026 20:02:38 [main] Log - Cuộn tới phần tử: [[ChromeDriver: chrome on windows (69052ce5f7168d253048d751fbb6ebbf)] -> xpath: //legend[normalize-space()='Your Personal Details']]
[INFO] 03-02-2026 20:02:39 [main] Log - Cuộn tới phần tử: [[ChromeDriver: chrome on windows (69052ce5f7168d253048d751fbb6ebbf)] -> xpath: //legend[normalize-space()='Your Password']]
[INFO] 03-02-2026 20:02:40 [main] Log - Đang xác thực giá trị đúng...

[ERROR] 03-02-2026 20:02:40 [main] Log - Test case Register_Success is failed.
[ERROR] 03-02-2026 20:02:40 [main] Log - java.lang.RuntimeException: Kiểm tra thất bại: Đăng ký tài khoản thất bại!
[INFO] 03-02-2026 20:02:41 [main] Log - Running test case Register_Success
[ERROR] 03-02-2026 20:04:12 [main] Log - Hết thời gian chờ phần tử có thể click: Proxy element for: AjaxElementLocator 'By.xpath: //a[normalize-space()='Register']'
[ERROR] 03-02-2026 20:04:42 [main] Log - Test case Register_Success is failed.
[ERROR] 03-02-2026 20:04:43 [main] Log - java.lang.RuntimeException: Không thể tìm thấy phần tử có thể click: Proxy element for: AjaxElementLocator 'By.xpath: //a[normalize-space()='Register']'
[INFO] 03-02-2026 20:04:43 [main] Log - End testing AutomationOpenCart
[INFO] 03-02-2026 20:12:06 [main] Log - Khởi tạo trình duyệt: chrome
[INFO] 03-02-2026 20:12:11 [main] Log - Running test case Register_Success
[INFO] 03-02-2026 20:12:12 [main] Log - Đang xác thực giá trị đúng...

[INFO] 03-02-2026 20:12:12 [main] Log - Giá trị đúng
[INFO] 03-02-2026 20:12:12 [main] Log - Cuộn tới phần tử: [[ChromeDriver: chrome on windows (abfbf0799a76cb8762704a41f63bc8b7)] -> xpath: //legend[normalize-space()='Your Personal Details']]
[INFO] 03-02-2026 20:12:12 [main] Log - Cuộn tới phần tử: [[ChromeDriver: chrome on windows (abfbf0799a76cb8762704a41f63bc8b7)] -> xpath: //legend[normalize-space()='Your Password']]
[INFO] 03-02-2026 20:12:14 [main] Log - Đang xác thực giá trị đúng...

[INFO] 03-02-2026 20:12:14 [main] Log - Giá trị đúng
[INFO] 03-02-2026 20:12:14 [main] Log - Test case Register_Success is passed.
[INFO] 03-02-2026 20:12:14 [main] Log - Running test case Register_Success
[ERROR] 03-02-2026 20:13:16 [main] Log - Test case Register_Success is failed.
[ERROR] 03-02-2026 20:13:16 [main] Log - Test case Register_Success is failed.
[INFO] 03-02-2026 20:13:17 [main] Log - End testing AutomationOpenCart
[INFO] 03-02-2026 20:21:58 [main] Log - Khởi tạo trình duyệt: chrome
[INFO] 03-02-2026 20:22:03 [main] Log - Running test case Register_Negative_Boundary
[INFO] 03-02-2026 20:22:37 [main] Log - Actual error messages: [First Name must be between 1 and 32 characters!]
[INFO] 03-02-2026 20:22:37 [main] Log - Test case Register_Negative_Boundary is passed.
[INFO] 03-02-2026 20:22:37 [main] Log - Running test case Register_Negative_Boundary
[INFO] 03-02-2026 20:23:10 [main] Log - Actual error messages: [First Name must be between 1 and 32 characters!]
[INFO] 03-02-2026 20:23:10 [main] Log - Test case Register_Negative_Boundary is passed.
[INFO] 03-02-2026 20:23:11 [main] Log - Running test case Register_Negative_Boundary
[INFO] 03-02-2026 20:24:13 [main] Log - Actual error messages: []
[ERROR] 03-02-2026 20:24:13 [main] Log - Test case Register_Negative_Boundary is failed.
[ERROR] 03-02-2026 20:24:13 [main] Log - java.lang.AssertionError: Expected error message not found: E-Mail Address does not appear to be valid!
Actual messages: [] expected [true] but found [false]
[INFO] 03-02-2026 20:24:15 [main] Log - Running test case Register_Negative_Boundary
[INFO] 03-02-2026 20:24:47 [main] Log - Actual error messages: [Telephone must be between 3 and 32 characters!]
[INFO] 03-02-2026 20:24:47 [main] Log - Test case Register_Negative_Boundary is passed.
[INFO] 03-02-2026 20:24:48 [main] Log - Running test case Register_Success
[INFO] 03-02-2026 20:24:48 [main] Log - Đang xác thực giá trị đúng...

[INFO] 03-02-2026 20:24:48 [main] Log - Giá trị đúng
[INFO] 03-02-2026 20:24:48 [main] Log - Cuộn tới phần tử: [[ChromeDriver: chrome on windows (840e20beb493a1e2f57ff43a9c31233e)] -> xpath: //legend[normalize-space()='Your Personal Details']]
[INFO] 03-02-2026 20:24:49 [main] Log - Cuộn tới phần tử: [[ChromeDriver: chrome on windows (840e20beb493a1e2f57ff43a9c31233e)] -> xpath: //legend[normalize-space()='Your Password']]
[INFO] 03-02-2026 20:24:50 [main] Log - Đang xác thực giá trị đúng...

[INFO] 03-02-2026 20:24:50 [main] Log - Giá trị đúng
[INFO] 03-02-2026 20:24:50 [main] Log - Test case Register_Success is passed.
[INFO] 03-02-2026 20:24:50 [main] Log - Running test case Register_Success
[ERROR] 03-02-2026 20:26:22 [main] Log - Hết thời gian chờ phần tử có thể click: Proxy element for: AjaxElementLocator 'By.xpath: //a[normalize-space()='Register']'
[ERROR] 03-02-2026 20:26:52 [main] Log - Test case Register_Success is failed.
[ERROR] 03-02-2026 20:26:52 [main] Log - java.lang.RuntimeException: Không thể tìm thấy phần tử có thể click: Proxy element for: AjaxElementLocator 'By.xpath: //a[normalize-space()='Register']'
[INFO] 03-02-2026 20:26:53 [main] Log - End testing AutomationOpenCart
[INFO] 03-02-2026 20:34:57 [main] Log - Khởi tạo trình duyệt: chrome
[INFO] 03-02-2026 20:35:01 [main] Log - Running test case Register_Negative_Boundary
[INFO] 03-02-2026 20:35:35 [main] Log - Actual error messages: [First Name must be between 1 and 32 characters!]
[INFO] 03-02-2026 20:35:35 [main] Log - Test case Register_Negative_Boundary is passed.
[INFO] 03-02-2026 20:35:35 [main] Log - Running test case Register_Negative_Boundary
[INFO] 03-02-2026 20:36:08 [main] Log - Actual error messages: [First Name must be between 1 and 32 characters!]
[INFO] 03-02-2026 20:36:08 [main] Log - Test case Register_Negative_Boundary is passed.
[INFO] 03-02-2026 20:36:08 [main] Log - Running test case Register_Negative_Boundary
[INFO] 03-02-2026 20:37:11 [main] Log - Actual error messages: []
[ERROR] 03-02-2026 20:37:11 [main] Log - Test case Register_Negative_Boundary is failed.
[ERROR] 03-02-2026 20:37:11 [main] Log - java.lang.AssertionError: Expected error message not found: E-Mail Address does not appear to be valid!
Actual messages: [] expected [true] but found [false]
[INFO] 03-02-2026 20:37:12 [main] Log - Running test case Register_Negative_Boundary
[INFO] 03-02-2026 20:37:45 [main] Log - Actual error messages: [Telephone must be between 3 and 32 characters!]
[INFO] 03-02-2026 20:37:45 [main] Log - Test case Register_Negative_Boundary is passed.
[INFO] 03-02-2026 20:37:45 [main] Log - Running test case Register_Success
[INFO] 03-02-2026 20:37:46 [main] Log - Đang xác thực giá trị đúng...

[INFO] 03-02-2026 20:37:46 [main] Log - Giá trị đúng
[INFO] 03-02-2026 20:37:46 [main] Log - Cuộn tới phần tử: [[ChromeDriver: chrome on windows (eddfc20c03e4e9b1c2788438b0897c30)] -> xpath: //legend[normalize-space()='Your Personal Details']]
[INFO] 03-02-2026 20:37:47 [main] Log - Cuộn tới phần tử: [[ChromeDriver: chrome on windows (eddfc20c03e4e9b1c2788438b0897c30)] -> xpath: //legend[normalize-space()='Your Password']]
[INFO] 03-02-2026 20:37:48 [main] Log - Đang xác thực giá trị đúng...

[INFO] 03-02-2026 20:37:48 [main] Log - Giá trị đúng
[INFO] 03-02-2026 20:37:48 [main] Log - Test case Register_Success is passed.
[INFO] 03-02-2026 20:37:48 [main] Log - Running test case Register_Success
[ERROR] 03-02-2026 20:39:20 [main] Log - Hết thời gian chờ phần tử có thể click: Proxy element for: AjaxElementLocator 'By.xpath: //a[normalize-space()='Register']'
[ERROR] 03-02-2026 20:39:50 [main] Log - Test case Register_Success is failed.
[ERROR] 03-02-2026 20:39:50 [main] Log - java.lang.RuntimeException: Không thể tìm thấy phần tử có thể click: Proxy element for: AjaxElementLocator 'By.xpath: //a[normalize-space()='Register']'
[INFO] 03-02-2026 20:39:52 [main] Log - End testing AutomationOpenCart
[INFO] 03-02-2026 20:49:21 [main] Log - Khởi tạo trình duyệt: chrome
[INFO] 03-02-2026 20:49:23 [main] Log - Running test case Register_Negative_Boundary
[ERROR] 03-02-2026 20:49:23 [main] Log - Test case Register_Negative_Boundary is skipped.
[ERROR] 03-02-2026 20:49:23 [main] Log - org.openqa.selenium.SessionNotCreatedException: Could not start a new session. Response code 500. Message: session not created: Chrome failed to start: crashed.
  (session not created: DevToolsActivePort file doesn't exist)
  (The process started from chrome location C:\Program Files\Google\Chrome\Application\chrome.exe is no longer running, so ChromeDriver is assuming that Chrome has crashed.) 
Host info: host: 'LAPTOP-PV3EPHCH', ip: '192.168.1.215'
Build info: version: '4.29.0', revision: '5fc1ec94cb'
System info: os.name: 'Windows 11', os.arch: 'amd64', os.version: '10.0', java.version: '17.0.12'
Driver info: org.openqa.selenium.chrome.ChromeDriver
Command: [null, newSession {capabilities=[Capabilities {browserName: chrome, goog:chromeOptions: {args: [--user-data-dir=/tmp/seleni..., --disable-notifications, --disable-save-password-bubble, --disable-infobars], binary: C:\Program Files\Google\Chr..., extensions: [], prefs: {credentials_enable_service: false, profile.password_manager_enabled: false}}}]}]
[INFO] 03-02-2026 20:49:24 [main] Log - Running test case Register_Negative_Boundary
[ERROR] 03-02-2026 20:49:24 [main] Log - Test case Register_Negative_Boundary is skipped.
[ERROR] 03-02-2026 20:49:24 [main] Log - org.openqa.selenium.SessionNotCreatedException: Could not start a new session. Response code 500. Message: session not created: Chrome failed to start: crashed.
  (session not created: DevToolsActivePort file doesn't exist)
  (The process started from chrome location C:\Program Files\Google\Chrome\Application\chrome.exe is no longer running, so ChromeDriver is assuming that Chrome has crashed.) 
Host info: host: 'LAPTOP-PV3EPHCH', ip: '192.168.1.215'
Build info: version: '4.29.0', revision: '5fc1ec94cb'
System info: os.name: 'Windows 11', os.arch: 'amd64', os.version: '10.0', java.version: '17.0.12'
Driver info: org.openqa.selenium.chrome.ChromeDriver
Command: [null, newSession {capabilities=[Capabilities {browserName: chrome, goog:chromeOptions: {args: [--user-data-dir=/tmp/seleni..., --disable-notifications, --disable-save-password-bubble, --disable-infobars], binary: C:\Program Files\Google\Chr..., extensions: [], prefs: {credentials_enable_service: false, profile.password_manager_enabled: false}}}]}]
[INFO] 03-02-2026 20:49:24 [main] Log - Running test case Register_Negative_Boundary
[ERROR] 03-02-2026 20:49:24 [main] Log - Test case Register_Negative_Boundary is skipped.
[ERROR] 03-02-2026 20:49:24 [main] Log - org.openqa.selenium.SessionNotCreatedException: Could not start a new session. Response code 500. Message: session not created: Chrome failed to start: crashed.
  (session not created: DevToolsActivePort file doesn't exist)
  (The process started from chrome location C:\Program Files\Google\Chrome\Application\chrome.exe is no longer running, so ChromeDriver is assuming that Chrome has crashed.) 
Host info: host: 'LAPTOP-PV3EPHCH', ip: '192.168.1.215'
Build info: version: '4.29.0', revision: '5fc1ec94cb'
System info: os.name: 'Windows 11', os.arch: 'amd64', os.version: '10.0', java.version: '17.0.12'
Driver info: org.openqa.selenium.chrome.ChromeDriver
Command: [null, newSession {capabilities=[Capabilities {browserName: chrome, goog:chromeOptions: {args: [--user-data-dir=/tmp/seleni..., --disable-notifications, --disable-save-password-bubble, --disable-infobars], binary: C:\Program Files\Google\Chr..., extensions: [], prefs: {credentials_enable_service: false, profile.password_manager_enabled: false}}}]}]
[INFO] 03-02-2026 20:49:24 [main] Log - Running test case Register_Negative_Boundary
[ERROR] 03-02-2026 20:49:24 [main] Log - Test case Register_Negative_Boundary is skipped.
[ERROR] 03-02-2026 20:49:24 [main] Log - org.openqa.selenium.SessionNotCreatedException: Could not start a new session. Response code 500. Message: session not created: Chrome failed to start: crashed.
  (session not created: DevToolsActivePort file doesn't exist)
  (The process started from chrome location C:\Program Files\Google\Chrome\Application\chrome.exe is no longer running, so ChromeDriver is assuming that Chrome has crashed.) 
Host info: host: 'LAPTOP-PV3EPHCH', ip: '192.168.1.215'
Build info: version: '4.29.0', revision: '5fc1ec94cb'
System info: os.name: 'Windows 11', os.arch: 'amd64', os.version: '10.0', java.version: '17.0.12'
Driver info: org.openqa.selenium.chrome.ChromeDriver
Command: [null, newSession {capabilities=[Capabilities {browserName: chrome, goog:chromeOptions: {args: [--user-data-dir=/tmp/seleni..., --disable-notifications, --disable-save-password-bubble, --disable-infobars], binary: C:\Program Files\Google\Chr..., extensions: [], prefs: {credentials_enable_service: false, profile.password_manager_enabled: false}}}]}]
[INFO] 03-02-2026 20:49:24 [main] Log - Running test case Register_Success
[ERROR] 03-02-2026 20:49:24 [main] Log - Test case Register_Success is skipped.
[ERROR] 03-02-2026 20:49:24 [main] Log - org.openqa.selenium.SessionNotCreatedException: Could not start a new session. Response code 500. Message: session not created: Chrome failed to start: crashed.
  (session not created: DevToolsActivePort file doesn't exist)
  (The process started from chrome location C:\Program Files\Google\Chrome\Application\chrome.exe is no longer running, so ChromeDriver is assuming that Chrome has crashed.) 
Host info: host: 'LAPTOP-PV3EPHCH', ip: '192.168.1.215'
Build info: version: '4.29.0', revision: '5fc1ec94cb'
System info: os.name: 'Windows 11', os.arch: 'amd64', os.version: '10.0', java.version: '17.0.12'
Driver info: org.openqa.selenium.chrome.ChromeDriver
Command: [null, newSession {capabilities=[Capabilities {browserName: chrome, goog:chromeOptions: {args: [--user-data-dir=/tmp/seleni..., --disable-notifications, --disable-save-password-bubble, --disable-infobars], binary: C:\Program Files\Google\Chr..., extensions: [], prefs: {credentials_enable_service: false, profile.password_manager_enabled: false}}}]}]
[INFO] 03-02-2026 20:49:25 [main] Log - Running test case Register_Success
[ERROR] 03-02-2026 20:49:25 [main] Log - Test case Register_Success is skipped.
[ERROR] 03-02-2026 20:49:25 [main] Log - org.openqa.selenium.SessionNotCreatedException: Could not start a new session. Response code 500. Message: session not created: Chrome failed to start: crashed.
  (session not created: DevToolsActivePort file doesn't exist)
  (The process started from chrome location C:\Program Files\Google\Chrome\Application\chrome.exe is no longer running, so ChromeDriver is assuming that Chrome has crashed.) 
Host info: host: 'LAPTOP-PV3EPHCH', ip: '192.168.1.215'
Build info: version: '4.29.0', revision: '5fc1ec94cb'
System info: os.name: 'Windows 11', os.arch: 'amd64', os.version: '10.0', java.version: '17.0.12'
Driver info: org.openqa.selenium.chrome.ChromeDriver
Command: [null, newSession {capabilities=[Capabilities {browserName: chrome, goog:chromeOptions: {args: [--user-data-dir=/tmp/seleni..., --disable-notifications, --disable-save-password-bubble, --disable-infobars], binary: C:\Program Files\Google\Chr..., extensions: [], prefs: {credentials_enable_service: false, profile.password_manager_enabled: false}}}]}]
[INFO] 03-02-2026 20:49:25 [main] Log - End testing AutomationOpenCart
[INFO] 03-02-2026 20:51:35 [main] Log - Khởi tạo trình duyệt: chrome
[INFO] 03-02-2026 20:51:40 [main] Log - Running test case Register_Negative_Boundary
[INFO] 03-02-2026 20:52:13 [main] Log - Actual error messages: [First Name must be between 1 and 32 characters!]
[INFO] 03-02-2026 20:52:13 [main] Log - Test case Register_Negative_Boundary is passed.
[INFO] 03-02-2026 20:52:14 [main] Log - Running test case Register_Negative_Boundary
[INFO] 03-02-2026 20:52:46 [main] Log - Actual error messages: [First Name must be between 1 and 32 characters!]
[INFO] 03-02-2026 20:52:46 [main] Log - Test case Register_Negative_Boundary is passed.
[INFO] 03-02-2026 20:52:47 [main] Log - Running test case Register_Negative_Boundary
[INFO] 03-02-2026 20:53:49 [main] Log - Actual error messages: []
[ERROR] 03-02-2026 20:53:49 [main] Log - Test case Register_Negative_Boundary is failed.
[ERROR] 03-02-2026 20:53:49 [main] Log - java.lang.AssertionError: Expected error message not found: E-Mail Address does not appear to be valid!
Actual messages: [] expected [true] but found [false]
[INFO] 03-02-2026 20:53:50 [main] Log - Running test case Register_Negative_Boundary
[INFO] 03-02-2026 20:54:23 [main] Log - Actual error messages: [Telephone must be between 3 and 32 characters!]
[INFO] 03-02-2026 20:54:23 [main] Log - Test case Register_Negative_Boundary is passed.
[INFO] 03-02-2026 20:54:23 [main] Log - Running test case Register_Success
[INFO] 03-02-2026 20:54:24 [main] Log - Đang xác thực giá trị đúng...

[INFO] 03-02-2026 20:54:24 [main] Log - Giá trị đúng
[INFO] 03-02-2026 20:54:24 [main] Log - Cuộn tới phần tử: [[ChromeDriver: chrome on windows (dcc8685a90fc23bb9fc55d654603c01a)] -> xpath: //legend[normalize-space()='Your Personal Details']]
[INFO] 03-02-2026 20:54:25 [main] Log - Cuộn tới phần tử: [[ChromeDriver: chrome on windows (dcc8685a90fc23bb9fc55d654603c01a)] -> xpath: //legend[normalize-space()='Your Password']]
[INFO] 03-02-2026 20:54:25 [main] Log - Đang xác thực giá trị đúng...

[ERROR] 03-02-2026 20:54:25 [main] Log - Test case Register_Success is failed.
[ERROR] 03-02-2026 20:54:26 [main] Log - java.lang.RuntimeException: Kiểm tra thất bại: Đăng ký tài khoản thất bại!
[INFO] 03-02-2026 20:54:26 [main] Log - Running test case Register_Success
[INFO] 03-02-2026 20:54:26 [main] Log - Đang xác thực giá trị đúng...

[INFO] 03-02-2026 20:54:26 [main] Log - Giá trị đúng
[INFO] 03-02-2026 20:54:26 [main] Log - Cuộn tới phần tử: [[ChromeDriver: chrome on windows (dcc8685a90fc23bb9fc55d654603c01a)] -> xpath: //legend[normalize-space()='Your Personal Details']]
[INFO] 03-02-2026 20:54:27 [main] Log - Cuộn tới phần tử: [[ChromeDriver: chrome on windows (dcc8685a90fc23bb9fc55d654603c01a)] -> xpath: //legend[normalize-space()='Your Password']]
[INFO] 03-02-2026 20:54:28 [main] Log - Đang xác thực giá trị đúng...

[INFO] 03-02-2026 20:54:28 [main] Log - Giá trị đúng
[INFO] 03-02-2026 20:54:28 [main] Log - Test case Register_Success is passed.
[INFO] 03-02-2026 20:54:29 [main] Log - End testing AutomationOpenCart
[INFO] 03-02-2026 20:56:19 [main] Log - Khởi tạo trình duyệt: chrome
[INFO] 03-02-2026 20:56:25 [main] Log - Running test case Register_Negative_Boundary
[INFO] 03-02-2026 20:56:58 [main] Log - Actual error messages: [First Name must be between 1 and 32 characters!]
[INFO] 03-02-2026 20:56:58 [main] Log - Test case Register_Negative_Boundary is passed.
[INFO] 03-02-2026 20:56:59 [main] Log - Running test case Register_Negative_Boundary
[INFO] 03-02-2026 20:57:31 [main] Log - Actual error messages: [First Name must be between 1 and 32 characters!]
[INFO] 03-02-2026 20:57:31 [main] Log - Test case Register_Negative_Boundary is passed.
[INFO] 03-02-2026 20:57:32 [main] Log - Running test case Register_Negative_Boundary
[INFO] 03-02-2026 20:58:34 [main] Log - Actual error messages: []
[ERROR] 03-02-2026 20:58:34 [main] Log - Test case Register_Negative_Boundary is failed.
[ERROR] 03-02-2026 20:58:35 [main] Log - java.lang.AssertionError: Expected error message not found: E-Mail Address does not appear to be valid!
Actual messages: [] expected [true] but found [false]
[INFO] 03-02-2026 20:58:36 [main] Log - Running test case Register_Negative_Boundary
[INFO] 03-02-2026 20:59:08 [main] Log - Actual error messages: [Telephone must be between 3 and 32 characters!]
[INFO] 03-02-2026 20:59:08 [main] Log - Test case Register_Negative_Boundary is passed.
[INFO] 03-02-2026 20:59:09 [main] Log - Running test case Register_Success
[INFO] 03-02-2026 20:59:09 [main] Log - Đang xác thực giá trị đúng...

[INFO] 03-02-2026 20:59:09 [main] Log - Giá trị đúng
[INFO] 03-02-2026 20:59:09 [main] Log - Cuộn tới phần tử: [[ChromeDriver: chrome on windows (38a58b2360bf92d33a64322a5c62c663)] -> xpath: //legend[normalize-space()='Your Personal Details']]
[INFO] 03-02-2026 20:59:10 [main] Log - Cuộn tới phần tử: [[ChromeDriver: chrome on windows (38a58b2360bf92d33a64322a5c62c663)] -> xpath: //legend[normalize-space()='Your Password']]
[INFO] 03-02-2026 20:59:11 [main] Log - Đang xác thực giá trị đúng...

[INFO] 03-02-2026 20:59:11 [main] Log - Giá trị đúng
[INFO] 03-02-2026 20:59:11 [main] Log - Test case Register_Success is passed.
[INFO] 03-02-2026 20:59:11 [main] Log - Running test case Register_Success
[ERROR] 03-02-2026 21:00:43 [main] Log - Hết thời gian chờ phần tử có thể click: Proxy element for: AjaxElementLocator 'By.xpath: //a[normalize-space()='Register']'
[ERROR] 03-02-2026 21:01:13 [main] Log - Test case Register_Success is failed.
[ERROR] 03-02-2026 21:01:13 [main] Log - java.lang.RuntimeException: Không thể tìm thấy phần tử có thể click: Proxy element for: AjaxElementLocator 'By.xpath: //a[normalize-space()='Register']'
[INFO] 03-02-2026 21:01:14 [main] Log - End testing AutomationOpenCart
[INFO] 03-02-2026 21:07:57 [main] Log - Khởi tạo trình duyệt: chrome
[INFO] 03-02-2026 21:08:03 [main] Log - Running test case Register_Success
[INFO] 03-02-2026 21:08:04 [main] Log - Đang xác thực giá trị đúng...

[INFO] 03-02-2026 21:08:04 [main] Log - Giá trị đúng
[INFO] 03-02-2026 21:08:04 [main] Log - Cuộn tới phần tử: [[ChromeDriver: chrome on windows (21bd86adf9ff3a33d43107a5c806f77a)] -> xpath: //legend[normalize-space()='Your Personal Details']]
[INFO] 03-02-2026 21:08:05 [main] Log - Cuộn tới phần tử: [[ChromeDriver: chrome on windows (21bd86adf9ff3a33d43107a5c806f77a)] -> xpath: //legend[normalize-space()='Your Password']]
[INFO] 03-02-2026 21:08:06 [main] Log - Đang xác thực giá trị đúng...

[INFO] 03-02-2026 21:08:06 [main] Log - Giá trị đúng
[ERROR] 03-02-2026 21:08:16 [main] Log - Test case Register_Success is failed.
[ERROR] 03-02-2026 21:08:16 [main] Log - org.openqa.selenium.ElementNotInteractableException: element not interactable
  (Session info: chrome=144.0.7559.110)
Build info: version: '4.29.0', revision: '5fc1ec94cb'
System info: os.name: 'Windows 11', os.arch: 'amd64', os.version: '10.0', java.version: '17.0.12'
Driver info: org.openqa.selenium.chrome.ChromeDriver
Command: [21bd86adf9ff3a33d43107a5c806f77a, clickElement {id=f.132C253ECCA093769EA2978E48D8AA58.d.FC870A5FFA15905DEEABAC170E1B6F6C.e.115}]
Capabilities {acceptInsecureCerts: false, browserName: chrome, browserVersion: 144.0.7559.110, chrome: {chromedriverVersion: 144.0.7559.109 (6a8d5e49388..., userDataDir: C:\Users\velvet\AppData\Loc...}, fedcm:accounts: true, goog:chromeOptions: {debuggerAddress: localhost:53971}, goog:processID: 13292, networkConnectionEnabled: false, pageLoadStrategy: normal, platformName: windows, proxy: Proxy(), se:cdp: ws://localhost:53971/devtoo..., se:cdpVersion: 144.0.7559.110, setWindowRect: true, strictFileInteractability: false, timeouts: {implicit: 0, pageLoad: 300000, script: 30000}, unhandledPromptBehavior: dismiss and notify, webauthn:extension:credBlob: true, webauthn:extension:largeBlob: true, webauthn:extension:minPinLength: true, webauthn:extension:prf: true, webauthn:virtualAuthenticators: true}
Element: [[ChromeDriver: chrome on windows (21bd86adf9ff3a33d43107a5c806f77a)] -> xpath: //a[text()='Logout']]
Session ID: 21bd86adf9ff3a33d43107a5c806f77a
[INFO] 03-02-2026 21:08:17 [main] Log - Running test case Register_Success
[ERROR] 03-02-2026 21:09:18 [main] Log - Hết thời gian chờ phần tử có thể click: [[ChromeDriver: chrome on windows (21bd86adf9ff3a33d43107a5c806f77a)] -> xpath: //a[normalize-space()='Register']]
[ERROR] 03-02-2026 21:09:18 [main] Log - Test case Register_Success is failed.
[ERROR] 03-02-2026 21:09:18 [main] Log - java.lang.RuntimeException: Không thể tìm thấy phần tử có thể click: [[ChromeDriver: chrome on windows (21bd86adf9ff3a33d43107a5c806f77a)] -> xpath: //a[normalize-space()='Register']]
[INFO] 03-02-2026 21:09:19 [main] Log - End testing AutomationOpenCart
[INFO] 05-02-2026 09:17:51 [main] Log - Khởi tạo trình duyệt: chrome
[INFO] 05-02-2026 09:18:00 [main] Log - Running test case Register_Negative_Boundary
[INFO] 05-02-2026 09:18:34 [main] Log - Thông báo lỗi: [First Name must be between 1 and 32 characters!]
[INFO] 05-02-2026 09:18:34 [main] Log - Test case Register_Negative_Boundary is passed.
[INFO] 05-02-2026 09:18:36 [main] Log - Running test case Register_Negative_Boundary
[INFO] 05-02-2026 09:19:09 [main] Log - Thông báo lỗi: [First Name must be between 1 and 32 characters!]
[INFO] 05-02-2026 09:19:09 [main] Log - Test case Register_Negative_Boundary is passed.
[INFO] 05-02-2026 09:19:09 [main] Log - Running test case Register_Negative_Boundary
[INFO] 05-02-2026 09:20:12 [main] Log - Thông báo lỗi: []
[ERROR] 05-02-2026 09:20:12 [main] Log - Test case Register_Negative_Boundary is failed.
[ERROR] 05-02-2026 09:20:13 [main] Log - java.lang.AssertionError: Lỗi mong muốn không tìm thấy: E-Mail Address does not appear to be valid!
Thông báo thực tế: [] expected [true] but found [false]
[INFO] 05-02-2026 09:20:14 [main] Log - Running test case Register_Negative_Boundary
[INFO] 05-02-2026 09:20:46 [main] Log - Thông báo lỗi: [Telephone must be between 3 and 32 characters!]
[INFO] 05-02-2026 09:20:46 [main] Log - Test case Register_Negative_Boundary is passed.
[INFO] 05-02-2026 09:20:47 [main] Log - Running test case Register_Success
[INFO] 05-02-2026 09:20:48 [main] Log - Đang xác thực giá trị đúng...

[INFO] 05-02-2026 09:20:48 [main] Log - Giá trị đúng
[INFO] 05-02-2026 09:20:48 [main] Log - Cuộn tới phần tử: [[ChromeDriver: chrome on windows (896bf465fceebec1afbd24b2c6437496)] -> xpath: //legend[normalize-space()='Your Personal Details']]
[INFO] 05-02-2026 09:20:48 [main] Log - Cuộn tới phần tử: [[ChromeDriver: chrome on windows (896bf465fceebec1afbd24b2c6437496)] -> xpath: //legend[normalize-space()='Your Password']]
[INFO] 05-02-2026 09:20:50 [main] Log - Đang xác thực giá trị đúng...

[INFO] 05-02-2026 09:20:50 [main] Log - Giá trị đúng
[INFO] 05-02-2026 09:20:51 [main] Log - Test case Register_Success is passed.
[INFO] 05-02-2026 09:20:51 [main] Log - Running test case Register_Success
[INFO] 05-02-2026 09:20:52 [main] Log - Đang xác thực giá trị đúng...

[INFO] 05-02-2026 09:20:52 [main] Log - Giá trị đúng
[INFO] 05-02-2026 09:20:52 [main] Log - Cuộn tới phần tử: [[ChromeDriver: chrome on windows (896bf465fceebec1afbd24b2c6437496)] -> xpath: //legend[normalize-space()='Your Personal Details']]
[INFO] 05-02-2026 09:20:53 [main] Log - Cuộn tới phần tử: [[ChromeDriver: chrome on windows (896bf465fceebec1afbd24b2c6437496)] -> xpath: //legend[normalize-space()='Your Password']]
[INFO] 05-02-2026 09:20:54 [main] Log - Đang xác thực giá trị đúng...

[INFO] 05-02-2026 09:20:54 [main] Log - Giá trị đúng
[INFO] 05-02-2026 09:20:55 [main] Log - Test case Register_Success is passed.
[INFO] 05-02-2026 09:20:55 [main] Log - End testing AutomationOpenCart
[INFO] 05-02-2026 09:31:42 [main] Log - Khởi tạo trình duyệt: chrome
[INFO] 05-02-2026 09:31:48 [main] Log - Running test case Register_Negative_Boundary
[INFO] 05-02-2026 09:32:21 [main] Log - Thông báo lỗi: [First Name must be between 1 and 32 characters!]
[INFO] 05-02-2026 09:32:21 [main] Log - Test case Register_Negative_Boundary is passed.
[INFO] 05-02-2026 09:32:23 [main] Log - Running test case Register_Negative_Boundary
[INFO] 05-02-2026 09:32:56 [main] Log - Thông báo lỗi: [First Name must be between 1 and 32 characters!]
[INFO] 05-02-2026 09:32:56 [main] Log - Test case Register_Negative_Boundary is passed.
[INFO] 05-02-2026 09:32:56 [main] Log - Running test case Register_Negative_Boundary
[INFO] 05-02-2026 09:33:59 [main] Log - Thông báo lỗi: []
[ERROR] 05-02-2026 09:33:59 [main] Log - Test case Register_Negative_Boundary is failed.
[ERROR] 05-02-2026 09:34:00 [main] Log - java.lang.AssertionError: Lỗi mong muốn không tìm thấy: E-Mail Address does not appear to be valid!
Thông báo thực tế: [] expected [true] but found [false]
[INFO] 05-02-2026 09:34:01 [main] Log - Running test case Register_Negative_Boundary
[INFO] 05-02-2026 09:34:34 [main] Log - Thông báo lỗi: [Telephone must be between 3 and 32 characters!]
[INFO] 05-02-2026 09:34:34 [main] Log - Test case Register_Negative_Boundary is passed.
[INFO] 05-02-2026 09:34:35 [main] Log - Running test case Register_Success
[INFO] 05-02-2026 09:34:35 [main] Log - Đang xác thực giá trị đúng...

[INFO] 05-02-2026 09:34:35 [main] Log - Giá trị đúng
[INFO] 05-02-2026 09:34:35 [main] Log - Cuộn tới phần tử: [[ChromeDriver: chrome on windows (835ac91d31931572d48d5c422bb6d692)] -> xpath: //legend[normalize-space()='Your Personal Details']]
[INFO] 05-02-2026 09:34:36 [main] Log - Cuộn tới phần tử: [[ChromeDriver: chrome on windows (835ac91d31931572d48d5c422bb6d692)] -> xpath: //legend[normalize-space()='Your Password']]
[INFO] 05-02-2026 09:34:39 [main] Log - Đang xác thực giá trị đúng...

[INFO] 05-02-2026 09:34:39 [main] Log - Giá trị đúng
[INFO] 05-02-2026 09:34:40 [main] Log - Test case Register_Success is passed.
[INFO] 05-02-2026 09:34:40 [main] Log - Running test case Register_Success
[INFO] 05-02-2026 09:34:41 [main] Log - Đang xác thực giá trị đúng...

[INFO] 05-02-2026 09:34:41 [main] Log - Giá trị đúng
[INFO] 05-02-2026 09:34:41 [main] Log - Cuộn tới phần tử: [[ChromeDriver: chrome on windows (835ac91d31931572d48d5c422bb6d692)] -> xpath: //legend[normalize-space()='Your Personal Details']]
[INFO] 05-02-2026 09:34:42 [main] Log - Cuộn tới phần tử: [[ChromeDriver: chrome on windows (835ac91d31931572d48d5c422bb6d692)] -> xpath: //legend[normalize-space()='Your Password']]
[INFO] 05-02-2026 09:34:43 [main] Log - Đang xác thực giá trị đúng...

[INFO] 05-02-2026 09:34:43 [main] Log - Giá trị đúng
[INFO] 05-02-2026 09:34:44 [main] Log - Test case Register_Success is passed.
[INFO] 05-02-2026 09:34:45 [main] Log - End testing AutomationOpenCart
[INFO] 05-02-2026 09:39:28 [main] Log - Khởi tạo trình duyệt: chrome
[INFO] 05-02-2026 09:39:33 [main] Log - Running test case Register_Negative_Boundary
[INFO] 05-02-2026 09:40:06 [main] Log - Thông báo lỗi: [First Name must be between 1 and 32 characters!]
[INFO] 05-02-2026 09:40:06 [main] Log - Test case Register_Negative_Boundary is passed.
[INFO] 05-02-2026 09:40:07 [main] Log - Running test case Register_Negative_Boundary
[INFO] 05-02-2026 09:40:40 [main] Log - Thông báo lỗi: [First Name must be between 1 and 32 characters!]
[INFO] 05-02-2026 09:40:40 [main] Log - Test case Register_Negative_Boundary is passed.
[INFO] 05-02-2026 09:40:41 [main] Log - Running test case Register_Negative_Boundary
[INFO] 05-02-2026 09:41:44 [main] Log - Thông báo lỗi: []
[ERROR] 05-02-2026 09:41:44 [main] Log - Test case Register_Negative_Boundary is failed.
[ERROR] 05-02-2026 09:41:45 [main] Log - java.lang.AssertionError: Lỗi mong muốn không tìm thấy: E-Mail Address does not appear to be valid!
Thông báo thực tế: [] expected [true] but found [false]
[INFO] 05-02-2026 09:41:46 [main] Log - Running test case Register_Negative_Boundary
[INFO] 05-02-2026 09:42:19 [main] Log - Thông báo lỗi: [Telephone must be between 3 and 32 characters!]
[INFO] 05-02-2026 09:42:19 [main] Log - Test case Register_Negative_Boundary is passed.
[INFO] 05-02-2026 09:42:19 [main] Log - Running test case Register_Success
[INFO] 05-02-2026 09:42:20 [main] Log - Đang xác thực giá trị đúng...

[INFO] 05-02-2026 09:42:20 [main] Log - Giá trị đúng
[INFO] 05-02-2026 09:42:20 [main] Log - Cuộn tới phần tử: [[ChromeDriver: chrome on windows (cbd6dedf7a0bb8a2650005a5fb4f79c7)] -> xpath: //legend[normalize-space()='Your Personal Details']]
[INFO] 05-02-2026 09:42:21 [main] Log - Cuộn tới phần tử: [[ChromeDriver: chrome on windows (cbd6dedf7a0bb8a2650005a5fb4f79c7)] -> xpath: //legend[normalize-space()='Your Password']]
[INFO] 05-02-2026 09:42:22 [main] Log - Đang xác thực giá trị đúng...

[ERROR] 05-02-2026 09:42:22 [main] Log - Test case Register_Success is failed.
[ERROR] 05-02-2026 09:42:22 [main] Log - java.lang.RuntimeException: Kiểm tra thất bại: Đăng ký tài khoản thất bại!
[INFO] 05-02-2026 09:42:23 [main] Log - Running test case Register_Success
[INFO] 05-02-2026 09:42:23 [main] Log - Đang xác thực giá trị đúng...

[INFO] 05-02-2026 09:42:23 [main] Log - Giá trị đúng
[INFO] 05-02-2026 09:42:23 [main] Log - Cuộn tới phần tử: [[ChromeDriver: chrome on windows (cbd6dedf7a0bb8a2650005a5fb4f79c7)] -> xpath: //legend[normalize-space()='Your Personal Details']]
[INFO] 05-02-2026 09:42:24 [main] Log - Cuộn tới phần tử: [[ChromeDriver: chrome on windows (cbd6dedf7a0bb8a2650005a5fb4f79c7)] -> xpath: //legend[normalize-space()='Your Password']]
[INFO] 05-02-2026 09:42:25 [main] Log - Đang xác thực giá trị đúng...

[ERROR] 05-02-2026 09:42:25 [main] Log - Test case Register_Success is failed.
[ERROR] 05-02-2026 09:42:25 [main] Log - java.lang.RuntimeException: Kiểm tra thất bại: Đăng ký tài khoản thất bại!
[INFO] 05-02-2026 09:42:27 [main] Log - End testing AutomationOpenCart
[INFO] 05-02-2026 09:49:39 [main] Log - Khởi tạo trình duyệt: chrome
[INFO] 05-02-2026 09:49:44 [main] Log - Running test case Register_Negative_Boundary
[INFO] 05-02-2026 09:49:46 [main] Log - Cuộn tới phần tử: [[ChromeDriver: chrome on windows (dcc2b1dbb2942c8afdb15123bd4abd06)] -> xpath: //legend[normalize-space()='Your Personal Details']]
[INFO] 05-02-2026 09:49:46 [main] Log - Cuộn tới phần tử: [[ChromeDriver: chrome on windows (dcc2b1dbb2942c8afdb15123bd4abd06)] -> xpath: //legend[normalize-space()='Your Password']]
[INFO] 05-02-2026 09:50:18 [main] Log - Thông báo lỗi: [First Name must be between 1 and 32 characters!]
[INFO] 05-02-2026 09:50:18 [main] Log - Test case Register_Negative_Boundary is passed.
[INFO] 05-02-2026 09:50:19 [main] Log - Running test case Register_Negative_Boundary
[INFO] 05-02-2026 09:50:19 [main] Log - Cuộn tới phần tử: [[ChromeDriver: chrome on windows (dcc2b1dbb2942c8afdb15123bd4abd06)] -> xpath: //legend[normalize-space()='Your Personal Details']]
[INFO] 05-02-2026 09:50:20 [main] Log - Cuộn tới phần tử: [[ChromeDriver: chrome on windows (dcc2b1dbb2942c8afdb15123bd4abd06)] -> xpath: //legend[normalize-space()='Your Password']]
[INFO] 05-02-2026 09:50:51 [main] Log - Thông báo lỗi: [First Name must be between 1 and 32 characters!]
[INFO] 05-02-2026 09:50:51 [main] Log - Test case Register_Negative_Boundary is passed.
[INFO] 05-02-2026 09:50:52 [main] Log - Running test case Register_Negative_Boundary
[INFO] 05-02-2026 09:50:52 [main] Log - Cuộn tới phần tử: [[ChromeDriver: chrome on windows (dcc2b1dbb2942c8afdb15123bd4abd06)] -> xpath: //legend[normalize-space()='Your Personal Details']]
[INFO] 05-02-2026 09:50:53 [main] Log - Cuộn tới phần tử: [[ChromeDriver: chrome on windows (dcc2b1dbb2942c8afdb15123bd4abd06)] -> xpath: //legend[normalize-space()='Your Password']]
[INFO] 05-02-2026 09:51:55 [main] Log - Thông báo lỗi: []
[ERROR] 05-02-2026 09:51:55 [main] Log - Test case Register_Negative_Boundary is failed.
[ERROR] 05-02-2026 09:51:55 [main] Log - java.lang.AssertionError: Lỗi mong muốn không tìm thấy: E-Mail Address does not appear to be valid!
Thông báo thực tế: [] expected [true] but found [false]
[INFO] 05-02-2026 09:51:57 [main] Log - Running test case Register_Negative_Boundary
[INFO] 05-02-2026 09:51:57 [main] Log - Cuộn tới phần tử: [[ChromeDriver: chrome on windows (dcc2b1dbb2942c8afdb15123bd4abd06)] -> xpath: //legend[normalize-space()='Your Personal Details']]
[INFO] 05-02-2026 09:51:58 [main] Log - Cuộn tới phần tử: [[ChromeDriver: chrome on windows (dcc2b1dbb2942c8afdb15123bd4abd06)] -> xpath: //legend[normalize-space()='Your Password']]
[INFO] 05-02-2026 09:52:30 [main] Log - Thông báo lỗi: [Telephone must be between 3 and 32 characters!]
[INFO] 05-02-2026 09:52:30 [main] Log - Test case Register_Negative_Boundary is passed.
[INFO] 05-02-2026 09:52:30 [main] Log - Running test case Register_Negative_Boundary
[INFO] 05-02-2026 09:52:31 [main] Log - Cuộn tới phần tử: [[ChromeDriver: chrome on windows (dcc2b1dbb2942c8afdb15123bd4abd06)] -> xpath: //legend[normalize-space()='Your Personal Details']]
[INFO] 05-02-2026 09:52:32 [main] Log - Cuộn tới phần tử: [[ChromeDriver: chrome on windows (dcc2b1dbb2942c8afdb15123bd4abd06)] -> xpath: //legend[normalize-space()='Your Password']]
[INFO] 05-02-2026 09:53:03 [main] Log - Thông báo lỗi: [E-Mail Address does not appear to be valid!]
[INFO] 05-02-2026 09:53:03 [main] Log - Test case Register_Negative_Boundary is passed.
[INFO] 05-02-2026 09:53:04 [main] Log - Running test case Register_Success
[INFO] 05-02-2026 09:53:04 [main] Log - Đang xác thực giá trị đúng...

[INFO] 05-02-2026 09:53:04 [main] Log - Giá trị đúng
[INFO] 05-02-2026 09:53:04 [main] Log - Cuộn tới phần tử: [[ChromeDriver: chrome on windows (dcc2b1dbb2942c8afdb15123bd4abd06)] -> xpath: //legend[normalize-space()='Your Personal Details']]
[INFO] 05-02-2026 09:53:05 [main] Log - Cuộn tới phần tử: [[ChromeDriver: chrome on windows (dcc2b1dbb2942c8afdb15123bd4abd06)] -> xpath: //legend[normalize-space()='Your Password']]
[INFO] 05-02-2026 09:53:07 [main] Log - Đang xác thực giá trị đúng...

[INFO] 05-02-2026 09:53:07 [main] Log - Giá trị đúng
[INFO] 05-02-2026 09:53:07 [main] Log - Test case Register_Success is passed.
[INFO] 05-02-2026 09:53:08 [main] Log - Running test case Register_Success
[INFO] 05-02-2026 09:53:08 [main] Log - Đang xác thực giá trị đúng...

[INFO] 05-02-2026 09:53:08 [main] Log - Giá trị đúng
[INFO] 05-02-2026 09:53:08 [main] Log - Cuộn tới phần tử: [[ChromeDriver: chrome on windows (dcc2b1dbb2942c8afdb15123bd4abd06)] -> xpath: //legend[normalize-space()='Your Personal Details']]
[INFO] 05-02-2026 09:53:10 [main] Log - Cuộn tới phần tử: [[ChromeDriver: chrome on windows (dcc2b1dbb2942c8afdb15123bd4abd06)] -> xpath: //legend[normalize-space()='Your Password']]
[INFO] 05-02-2026 09:53:11 [main] Log - Đang xác thực giá trị đúng...

[INFO] 05-02-2026 09:53:11 [main] Log - Giá trị đúng
[INFO] 05-02-2026 09:53:12 [main] Log - Test case Register_Success is passed.
[INFO] 05-02-2026 09:53:13 [main] Log - End testing AutomationOpenCart
[INFO] 05-02-2026 10:31:03 [main] Log - Khởi tạo trình duyệt: chrome
[INFO] 05-02-2026 10:31:08 [main] Log - Running test case testBlockLogin
[ERROR] 05-02-2026 10:32:39 [main] Log - Hết thời gian chờ phần tử có thể click: Proxy element for: AjaxElementLocator 'By.xpath: //input[@value='Login']'
[ERROR] 05-02-2026 10:33:10 [main] Log - Test case testBlockLogin is failed.
[ERROR] 05-02-2026 10:33:10 [main] Log - java.lang.RuntimeException: Không thể tìm thấy phần tử có thể click: Proxy element for: AjaxElementLocator 'By.xpath: //input[@value='Login']'
[INFO] 05-02-2026 10:33:15 [main] Log - Running test case testLoginSuccess
[ERROR] 05-02-2026 10:33:15 [main] Log - Test case testLoginSuccess is failed.
[ERROR] 05-02-2026 10:33:15 [main] Log - Test case testLoginSuccess is failed.
[INFO] 05-02-2026 10:33:15 [main] Log - End testing AutomationOpenCart
[INFO] 05-02-2026 10:37:22 [main] Log - Khởi tạo trình duyệt: chrome
[INFO] 05-02-2026 10:37:26 [main] Log - Running test case testLoginSuccess
[INFO] 05-02-2026 10:37:28 [main] Log - Đang xác thực giá trị đúng...

[INFO] 05-02-2026 10:37:28 [main] Log - Giá trị đúng
[INFO] 05-02-2026 10:37:28 [main] Log - Test case testLoginSuccess is passed.
[INFO] 05-02-2026 10:37:29 [main] Log - End testing AutomationOpenCart
[INFO] 05-02-2026 10:38:08 [main] Log - Khởi tạo trình duyệt: chrome
[INFO] 05-02-2026 10:38:11 [main] Log - Running test case testBlockLogin
[INFO] 05-02-2026 10:40:40 [main] Log - Khởi tạo trình duyệt: chrome
[INFO] 05-02-2026 10:40:43 [main] Log - Running test case testLoginSuccess
[INFO] 05-02-2026 10:40:45 [main] Log - Đang xác thực giá trị đúng...

[ERROR] 05-02-2026 10:40:45 [main] Log - Test case testLoginSuccess is failed.
[ERROR] 05-02-2026 10:40:46 [main] Log - java.lang.RuntimeException: Kiểm tra thất bại: Đăng nhập tài khoản thất bại!
[INFO] 05-02-2026 10:40:46 [main] Log - Running test case testBlockLogin
[ERROR] 05-02-2026 10:41:42 [main] Log - Hết thời gian chờ phần tử có thể click: [[ChromeDriver: chrome on windows (b80272a290cd2df22ab32e2c7d1c0b56)] -> xpath: //a[normalize-space()='Login']]
[ERROR] 05-02-2026 10:41:42 [main] Log - Test case testBlockLogin is failed.
[ERROR] 05-02-2026 10:41:43 [main] Log - java.lang.RuntimeException: Không thể tìm thấy phần tử có thể click: [[ChromeDriver: chrome on windows (b80272a290cd2df22ab32e2c7d1c0b56)] -> xpath: //a[normalize-space()='Login']]
[INFO] 05-02-2026 10:41:43 [main] Log - Running test case testLoginWithEmailInvalid
[INFO] 05-02-2026 10:41:44 [main] Log - Thông báo lỗi: [Warning: No match for E-Mail Address and/or Password.]
[INFO] 05-02-2026 10:41:44 [main] Log - Test case testLoginWithEmailInvalid is passed.
[INFO] 05-02-2026 10:41:45 [main] Log - End testing AutomationOpenCart
[INFO] 05-02-2026 10:44:22 [main] Log - Khởi tạo trình duyệt: chrome
[INFO] 05-02-2026 10:44:25 [main] Log - Running test case testBlockLogin
[ERROR] 05-02-2026 10:44:27 [main] Log - Hết thời gian chờ phần tử có thể click: [[ChromeDriver: chrome on windows (8d96d7a059300204b1000a7a6315706e)] -> xpath: //input[@value='Login']]
[ERROR] 05-02-2026 10:44:27 [main] Log - Test case testBlockLogin is failed.
[ERROR] 05-02-2026 10:44:27 [main] Log - java.lang.RuntimeException: Không thể tìm thấy phần tử có thể click: [[ChromeDriver: chrome on windows (8d96d7a059300204b1000a7a6315706e)] -> xpath: //input[@value='Login']]
[INFO] 05-02-2026 10:44:28 [main] Log - End testing AutomationOpenCart
[INFO] 05-02-2026 10:46:09 [main] Log - Khởi tạo trình duyệt: chrome
[INFO] 05-02-2026 10:46:12 [main] Log - Running test case testBlockLogin
[INFO] 05-02-2026 10:46:14 [main] Log - Thông báo lỗi: [Warning: Your account has exceeded allowed number of login attempts. Please try again in 1 hour.]
[INFO] 05-02-2026 10:46:14 [main] Log - Test case testBlockLogin is passed.
[INFO] 05-02-2026 10:46:15 [main] Log - End testing AutomationOpenCart
[INFO] 05-02-2026 10:47:55 [main] Log - Khởi tạo trình duyệt: chrome
[INFO] 05-02-2026 10:47:58 [main] Log - Running test case testLoginSuccess
[INFO] 05-02-2026 10:48:00 [main] Log - Đang xác thực giá trị đúng...

[INFO] 05-02-2026 10:48:00 [main] Log - Giá trị đúng
[INFO] 05-02-2026 10:48:01 [main] Log - Test case testLoginSuccess is passed.
[INFO] 05-02-2026 10:48:02 [main] Log - End testing AutomationOpenCart
[INFO] 05-02-2026 11:07:37 [main] Log - Khởi tạo trình duyệt: chrome
[ERROR] 05-02-2026 11:07:42 [main] Log - Test case testLoginSuccess is skipped.
[ERROR] 05-02-2026 11:07:42 [main] Log - java.lang.RuntimeException: java.lang.RuntimeException: java.lang.NullPointerException: Cannot invoke "org.apache.poi.ss.usermodel.Sheet.getRow(int)" because "sh" is null
[INFO] 05-02-2026 11:07:42 [main] Log - End testing AutomationOpenCart
[INFO] 05-02-2026 11:08:48 [main] Log - Khởi tạo trình duyệt: chrome
[ERROR] 05-02-2026 11:08:52 [main] Log - Test case testLoginSuccess is skipped.
[ERROR] 05-02-2026 11:08:52 [main] Log - java.lang.RuntimeException: java.lang.RuntimeException: java.lang.NullPointerException: Cannot invoke "org.apache.poi.ss.usermodel.Sheet.getRow(int)" because "sh" is null
[INFO] 05-02-2026 11:08:52 [main] Log - End testing AutomationOpenCart
[INFO] 05-02-2026 11:09:39 [main] Log - Khởi tạo trình duyệt: chrome
[INFO] 05-02-2026 11:09:42 [main] Log - Running test case testBlockLogin
[INFO] 05-02-2026 11:09:44 [main] Log - Thông báo lỗi: [Warning: Your account has exceeded allowed number of login attempts. Please try again in 1 hour.]
[INFO] 05-02-2026 11:09:44 [main] Log - Test case testBlockLogin is passed.
[INFO] 05-02-2026 11:09:45 [main] Log - End testing AutomationOpenCart
[INFO] 05-02-2026 11:10:30 [main] Log - Khởi tạo trình duyệt: chrome
[ERROR] 05-02-2026 11:10:35 [main] Log - Test case testLoginSuccess is skipped.
[ERROR] 05-02-2026 11:10:35 [main] Log - java.lang.RuntimeException: java.lang.RuntimeException: java.lang.NullPointerException: Cannot invoke "org.apache.poi.ss.usermodel.Sheet.getRow(int)" because "sh" is null
[INFO] 05-02-2026 11:10:35 [main] Log - End testing AutomationOpenCart
[INFO] 05-02-2026 11:12:17 [main] Log - Khởi tạo trình duyệt: chrome
[ERROR] 05-02-2026 11:12:22 [main] Log - Test case testLoginSuccess is skipped.
[ERROR] 05-02-2026 11:12:22 [main] Log - java.lang.RuntimeException: java.lang.RuntimeException: java.lang.NullPointerException: Cannot invoke "org.apache.poi.ss.usermodel.Sheet.getRow(int)" because "sh" is null
[INFO] 05-02-2026 11:12:22 [main] Log - End testing AutomationOpenCart
[INFO] 05-02-2026 11:14:51 [main] Log - Khởi tạo trình duyệt: chrome
[ERROR] 05-02-2026 11:14:55 [main] Log - Test case testLoginSuccess is skipped.
[ERROR] 05-02-2026 11:14:55 [main] Log - java.lang.RuntimeException: java.lang.RuntimeException: java.lang.NullPointerException: Cannot invoke "org.apache.poi.ss.usermodel.Sheet.getRow(int)" because "sh" is null
[INFO] 05-02-2026 11:14:55 [main] Log - End testing AutomationOpenCart
[INFO] 05-02-2026 11:16:01 [main] Log - Khởi tạo trình duyệt: chrome
[INFO] 05-02-2026 11:16:06 [main] Log - Running test case testLoginSuccess
[INFO] 05-02-2026 11:16:08 [main] Log - Đang xác thực giá trị đúng...

[INFO] 05-02-2026 11:16:08 [main] Log - Giá trị đúng
[INFO] 05-02-2026 11:16:08 [main] Log - Test case testLoginSuccess is passed.
[INFO] 05-02-2026 11:16:09 [main] Log - Running test case testLoginNegativeBoundary
[INFO] 05-02-2026 11:16:10 [main] Log - Thông báo lỗi: [Warning: Your account has exceeded allowed number of login attempts. Please try again in 1 hour.]
[ERROR] 05-02-2026 11:16:10 [main] Log - Test case testLoginNegativeBoundary is failed.
[ERROR] 05-02-2026 11:16:10 [main] Log - java.lang.AssertionError: Lỗi mong muốn không tìm thấy: Warning: No match for E-Mail Address and/or Password.
Thông báo thực tế: [Warning: Your account has exceeded allowed number of login attempts. Please try again in 1 hour.] expected [true] but found [false]
[INFO] 05-02-2026 11:16:11 [main] Log - Running test case testLoginNegativeBoundary
[INFO] 05-02-2026 11:16:12 [main] Log - Thông báo lỗi: [Warning: No match for E-Mail Address and/or Password.]
[INFO] 05-02-2026 11:16:12 [main] Log - Test case testLoginNegativeBoundary is passed.
[INFO] 05-02-2026 11:16:12 [main] Log - Running test case testLoginNegativeBoundary
[INFO] 05-02-2026 11:16:13 [main] Log - Thông báo lỗi: [Warning: No match for E-Mail Address and/or Password.]
[INFO] 05-02-2026 11:16:13 [main] Log - Test case testLoginNegativeBoundary is passed.
[INFO] 05-02-2026 11:16:14 [main] Log - Running test case testLoginNegativeBoundary
[INFO] 05-02-2026 11:16:15 [main] Log - Thông báo lỗi: [Warning: No match for E-Mail Address and/or Password.]
[ERROR] 05-02-2026 11:16:15 [main] Log - Test case testLoginNegativeBoundary is failed.
[ERROR] 05-02-2026 11:16:15 [main] Log - java.lang.AssertionError: Lỗi mong muốn không tìm thấy: Password must not be empty
Thông báo thực tế: [Warning: No match for E-Mail Address and/or Password.] expected [true] but found [false]
[INFO] 05-02-2026 11:16:16 [main] Log - Running test case testLoginNegativeBoundary
[INFO] 05-02-2026 11:16:17 [main] Log - Thông báo lỗi: [Warning: No match for E-Mail Address and/or Password.]
[INFO] 05-02-2026 11:16:17 [main] Log - Test case testLoginNegativeBoundary is passed.
[INFO] 05-02-2026 11:16:17 [main] Log - Running test case testBlockLogin
[INFO] 05-02-2026 11:16:19 [main] Log - Thông báo lỗi: [Warning: Your account has exceeded allowed number of login attempts. Please try again in 1 hour.]
[INFO] 05-02-2026 11:16:19 [main] Log - Test case testBlockLogin is passed.
[INFO] 05-02-2026 11:16:19 [main] Log - End testing AutomationOpenCart
[INFO] 09-02-2026 12:12:10 [main] Log - Khởi tạo trình duyệt: chrome
[INFO] 09-02-2026 12:12:17 [main] Log - Running test case searchValidKeyword
[ERROR] 09-02-2026 12:12:49 [main] Log - Test case searchValidKeyword is failed.
[ERROR] 09-02-2026 12:12:49 [main] Log - org.openqa.selenium.NoSuchElementException: Timed out after 5 seconds. Unable to locate the element
[INFO] 09-02-2026 12:12:51 [main] Log - Running test case searchInvalidKeyword
[INFO] 09-02-2026 12:12:52 [main] Log - Đang xác thực giá trị đúng...

[INFO] 09-02-2026 12:12:52 [main] Log - Giá trị đúng
[INFO] 09-02-2026 12:12:52 [main] Log - Test case searchInvalidKeyword is passed.
[INFO] 09-02-2026 12:12:53 [main] Log - End testing AutomationOpenCart
[INFO] 09-02-2026 12:17:10 [main] Log - Khởi tạo trình duyệt: chrome
[INFO] 09-02-2026 12:17:14 [main] Log - Running test case searchValidKeyword
[INFO] 09-02-2026 12:17:15 [main] Log - Đang xác thực giá trị đúng...

[INFO] 09-02-2026 12:17:15 [main] Log - Giá trị đúng
[INFO] 09-02-2026 12:17:15 [main] Log - Test case searchValidKeyword is passed.
[INFO] 09-02-2026 12:17:16 [main] Log - Running test case searchInvalidKeyword
[INFO] 09-02-2026 12:17:16 [main] Log - Đang xác thực giá trị đúng...

[INFO] 09-02-2026 12:17:16 [main] Log - Giá trị đúng
[INFO] 09-02-2026 12:17:16 [main] Log - Test case searchInvalidKeyword is passed.
[INFO] 09-02-2026 12:17:17 [main] Log - End testing AutomationOpenCart
[INFO] 11-02-2026 10:52:03 [main] Log - Khởi tạo trình duyệt: chrome
[INFO] 11-02-2026 10:52:08 [main] Log - Running test case filterProduct
[ERROR] 11-02-2026 10:52:09 [main] Log - Test case filterProduct is skipped.
[ERROR] 11-02-2026 10:52:09 [main] Log - java.lang.NullPointerException: Cannot invoke "org.openqa.selenium.WebElement.getTagName()" because "element" is null
[INFO] 11-02-2026 10:52:10 [main] Log - End testing AutomationOpenCart
[INFO] 11-02-2026 10:54:59 [main] Log - Khởi tạo trình duyệt: chrome
[INFO] 11-02-2026 10:55:02 [main] Log - Running test case filterProduct
[ERROR] 11-02-2026 10:55:02 [main] Log - Test case filterProduct is skipped.
[ERROR] 11-02-2026 10:55:02 [main] Log - java.lang.NullPointerException: Cannot invoke "org.openqa.selenium.WebElement.getTagName()" because "element" is null
[INFO] 11-02-2026 10:55:03 [main] Log - End testing AutomationOpenCart
[INFO] 11-02-2026 10:59:04 [main] Log - Khởi tạo trình duyệt: chrome
[INFO] 11-02-2026 10:59:07 [main] Log - Running test case filterProduct
[INFO] 11-02-2026 10:59:09 [main] Log - Đang xác thực giá trị đúng...

[INFO] 11-02-2026 10:59:09 [main] Log - Giá trị đúng
[INFO] 11-02-2026 10:59:10 [main] Log - Đang xác thực giá trị đúng...

[INFO] 11-02-2026 10:59:10 [main] Log - Giá trị đúng
[ERROR] 11-02-2026 10:59:10 [main] Log - Test case filterProduct is failed.
[ERROR] 11-02-2026 10:59:10 [main] Log - java.lang.NumberFormatException: multiple points
[INFO] 11-02-2026 10:59:11 [main] Log - End testing AutomationOpenCart
[INFO] 11-02-2026 11:01:56 [main] Log - Khởi tạo trình duyệt: chrome
[INFO] 11-02-2026 11:01:59 [main] Log - Running test case filterProduct
[INFO] 11-02-2026 11:02:00 [main] Log - Đang xác thực giá trị đúng...

[INFO] 11-02-2026 11:02:00 [main] Log - Giá trị đúng
[INFO] 11-02-2026 11:02:01 [main] Log - Đang xác thực giá trị đúng...

[INFO] 11-02-2026 11:02:01 [main] Log - Giá trị đúng
[ERROR] 11-02-2026 11:02:02 [main] Log - Test case filterProduct is failed.
[ERROR] 11-02-2026 11:02:02 [main] Log - java.lang.NumberFormatException: multiple points
[INFO] 11-02-2026 11:02:03 [main] Log - End testing AutomationOpenCart
[INFO] 11-02-2026 11:04:56 [main] Log - Khởi tạo trình duyệt: chrome
[INFO] 11-02-2026 11:04:59 [main] Log - Running test case filterProduct
[INFO] 11-02-2026 11:05:01 [main] Log - Đang xác thực giá trị đúng...

[INFO] 11-02-2026 11:05:01 [main] Log - Giá trị đúng
[INFO] 11-02-2026 11:05:01 [main] Log - Đang xác thực giá trị đúng...

[INFO] 11-02-2026 11:05:01 [main] Log - Giá trị đúng
[ERROR] 11-02-2026 11:05:01 [main] Log - Test case filterProduct is failed.
[ERROR] 11-02-2026 11:05:02 [main] Log - java.lang.NumberFormatException: multiple points
[INFO] 11-02-2026 11:05:03 [main] Log - End testing AutomationOpenCart
[INFO] 11-02-2026 11:06:59 [main] Log - Khởi tạo trình duyệt: chrome
[INFO] 11-02-2026 11:07:02 [main] Log - Running test case filterProduct
[INFO] 11-02-2026 11:07:04 [main] Log - Đang xác thực giá trị đúng...

[INFO] 11-02-2026 11:07:04 [main] Log - Giá trị đúng
[INFO] 11-02-2026 11:07:05 [main] Log - Đang xác thực giá trị đúng...

[INFO] 11-02-2026 11:07:05 [main] Log - Giá trị đúng
[ERROR] 11-02-2026 11:07:05 [main] Log - Test case filterProduct is failed.
[ERROR] 11-02-2026 11:07:06 [main] Log - java.lang.NumberFormatException: multiple points
[INFO] 11-02-2026 11:07:06 [main] Log - End testing AutomationOpenCart
[INFO] 11-02-2026 11:10:25 [main] Log - Khởi tạo trình duyệt: chrome
[INFO] 11-02-2026 11:10:28 [main] Log - Running test case filterProduct
[INFO] 11-02-2026 11:10:30 [main] Log - Đang xác thực giá trị đúng...

[INFO] 11-02-2026 11:10:30 [main] Log - Giá trị đúng
[INFO] 11-02-2026 11:10:31 [main] Log - Đang xác thực giá trị đúng...

[INFO] 11-02-2026 11:10:31 [main] Log - Giá trị đúng
[ERROR] 11-02-2026 11:10:31 [main] Log - Test case filterProduct is failed.
[ERROR] 11-02-2026 11:10:32 [main] Log - java.lang.NumberFormatException: multiple points
[INFO] 11-02-2026 11:10:33 [main] Log - End testing AutomationOpenCart
[INFO] 11-02-2026 11:12:15 [main] Log - Khởi tạo trình duyệt: chrome
[INFO] 11-02-2026 11:12:17 [main] Log - Running test case filterProduct
[INFO] 11-02-2026 11:12:19 [main] Log - Đang xác thực giá trị đúng...

[INFO] 11-02-2026 11:12:19 [main] Log - Giá trị đúng
[INFO] 11-02-2026 11:12:20 [main] Log - Đang xác thực giá trị đúng...

[INFO] 11-02-2026 11:12:20 [main] Log - Giá trị đúng
[INFO] 11-02-2026 11:12:20 [main] Log - Đang xác thực giá trị đúng...

[INFO] 11-02-2026 11:12:20 [main] Log - Giá trị đúng
[INFO] 11-02-2026 11:12:21 [main] Log - Đang xác thực giá trị đúng...

[INFO] 11-02-2026 11:12:21 [main] Log - Giá trị đúng
[INFO] 11-02-2026 11:12:21 [main] Log - Test case filterProduct is passed.
[INFO] 11-02-2026 11:12:22 [main] Log - End testing AutomationOpenCart
[INFO] 11-02-2026 11:22:09 [main] Log - Khởi tạo trình duyệt: chrome
[INFO] 11-02-2026 11:22:12 [main] Log - Running test case searchValidKeyword
[INFO] 11-02-2026 11:22:14 [main] Log - Đang xác thực giá trị đúng...

[INFO] 11-02-2026 11:22:14 [main] Log - Giá trị đúng
[INFO] 11-02-2026 11:22:14 [main] Log - Test case searchValidKeyword is passed.
[INFO] 11-02-2026 11:22:15 [main] Log - Running test case searchInvalidKeyword
[INFO] 11-02-2026 11:22:15 [main] Log - Đang xác thực giá trị đúng...

[INFO] 11-02-2026 11:22:15 [main] Log - Giá trị đúng
[INFO] 11-02-2026 11:22:15 [main] Log - Test case searchInvalidKeyword is passed.
[INFO] 11-02-2026 11:22:15 [main] Log - Running test case filterProduct
[INFO] 11-02-2026 11:22:17 [main] Log - Đang xác thực giá trị đúng...

[INFO] 11-02-2026 11:22:17 [main] Log - Giá trị đúng
[INFO] 11-02-2026 11:22:18 [main] Log - Đang xác thực giá trị đúng...

[INFO] 11-02-2026 11:22:18 [main] Log - Giá trị đúng
[INFO] 11-02-2026 11:22:18 [main] Log - Đang xác thực giá trị đúng...

[INFO] 11-02-2026 11:22:18 [main] Log - Giá trị đúng
[INFO] 11-02-2026 11:22:19 [main] Log - Đang xác thực giá trị đúng...

[INFO] 11-02-2026 11:22:19 [main] Log - Giá trị đúng
[INFO] 11-02-2026 11:22:19 [main] Log - Test case filterProduct is passed.
[INFO] 11-02-2026 11:22:20 [main] Log - End testing AutomationOpenCart
[INFO] 11-02-2026 11:31:20 [main] Log - Khởi tạo trình duyệt: chrome
[INFO] 11-02-2026 11:31:24 [main] Log - Running test case searchValidKeyword
[INFO] 11-02-2026 11:31:24 [main] Log - Đang xác thực giá trị đúng...

[INFO] 11-02-2026 11:31:24 [main] Log - Giá trị đúng
[INFO] 11-02-2026 11:31:24 [main] Log - Test case searchValidKeyword is passed.
[INFO] 11-02-2026 11:31:25 [main] Log - Running test case searchInvalidKeyword
[INFO] 11-02-2026 11:31:26 [main] Log - Đang xác thực giá trị đúng...

[INFO] 11-02-2026 11:31:26 [main] Log - Giá trị đúng
[INFO] 11-02-2026 11:31:26 [main] Log - Test case searchInvalidKeyword is passed.
[INFO] 11-02-2026 11:31:27 [main] Log - Running test case filterProduct
[INFO] 11-02-2026 11:31:28 [main] Log - Đang xác thực giá trị đúng...

[INFO] 11-02-2026 11:31:28 [main] Log - Giá trị đúng
[INFO] 11-02-2026 11:31:29 [main] Log - Đang xác thực giá trị đúng...

[INFO] 11-02-2026 11:31:29 [main] Log - Giá trị đúng
[INFO] 11-02-2026 11:31:29 [main] Log - Đang xác thực giá trị đúng...

[INFO] 11-02-2026 11:31:29 [main] Log - Giá trị đúng
[INFO] 11-02-2026 11:31:30 [main] Log - Đang xác thực giá trị đúng...

[INFO] 11-02-2026 11:31:30 [main] Log - Giá trị đúng
[INFO] 11-02-2026 11:31:30 [main] Log - Test case filterProduct is passed.
[INFO] 11-02-2026 11:31:31 [main] Log - End testing AutomationOpenCart
[INFO] 11-02-2026 11:34:28 [main] Log - Khởi tạo trình duyệt: chrome
[INFO] 11-02-2026 11:34:31 [main] Log - Running test case searchValidKeyword
[INFO] 11-02-2026 11:34:33 [main] Log - Đang xác thực giá trị đúng...

[INFO] 11-02-2026 11:34:33 [main] Log - Giá trị đúng
[INFO] 11-02-2026 11:34:33 [main] Log - Test case searchValidKeyword is passed.
[INFO] 11-02-2026 11:34:35 [main] Log - Running test case searchInvalidKeyword
[INFO] 11-02-2026 11:34:35 [main] Log - Đang xác thực giá trị đúng...

[INFO] 11-02-2026 11:34:35 [main] Log - Giá trị đúng
[INFO] 11-02-2026 11:34:35 [main] Log - Test case searchInvalidKeyword is passed.
[INFO] 11-02-2026 11:34:37 [main] Log - Running test case filterProduct
[INFO] 11-02-2026 11:34:38 [main] Log - Đang xác thực giá trị đúng...

[INFO] 11-02-2026 11:34:38 [main] Log - Giá trị đúng
[INFO] 11-02-2026 11:34:39 [main] Log - Đang xác thực giá trị đúng...

[INFO] 11-02-2026 11:34:39 [main] Log - Giá trị đúng
[INFO] 11-02-2026 11:34:40 [main] Log - Đang xác thực giá trị đúng...

[INFO] 11-02-2026 11:34:40 [main] Log - Giá trị đúng
[INFO] 11-02-2026 11:34:40 [main] Log - Đang xác thực giá trị đúng...

[INFO] 11-02-2026 11:34:40 [main] Log - Giá trị đúng
[INFO] 11-02-2026 11:34:40 [main] Log - Test case filterProduct is passed.
[INFO] 11-02-2026 11:34:43 [main] Log - End testing AutomationOpenCart
[INFO] 11-02-2026 11:36:50 [main] Log - Khởi tạo trình duyệt: chrome
[INFO] 11-02-2026 11:36:53 [main] Log - Running test case searchInvalidKeyword
[INFO] 11-02-2026 11:36:54 [main] Log - Đang xác thực giá trị đúng...

[INFO] 11-02-2026 11:36:54 [main] Log - Giá trị đúng
[INFO] 11-02-2026 11:36:54 [main] Log - Test case searchInvalidKeyword is passed.
[INFO] 11-02-2026 11:36:55 [main] Log - End testing AutomationOpenCart
[INFO] 11-02-2026 11:39:45 [main] Log - Khởi tạo trình duyệt: chrome
[INFO] 11-02-2026 11:39:48 [main] Log - Running test case searchValidKeyword
[INFO] 11-02-2026 11:39:49 [main] Log - Đang xác thực giá trị đúng...

[INFO] 11-02-2026 11:39:49 [main] Log - Giá trị đúng
[INFO] 11-02-2026 11:39:49 [main] Log - Test case searchValidKeyword is passed.
[INFO] 11-02-2026 11:43:04 [main] Log - Khởi tạo trình duyệt: chrome
[INFO] 11-02-2026 11:43:07 [main] Log - Running test case searchValidKeyword
[INFO] 11-02-2026 11:43:08 [main] Log - Đang xác thực giá trị đúng...

[INFO] 11-02-2026 11:43:08 [main] Log - Giá trị đúng
[INFO] 11-02-2026 11:43:08 [main] Log - Test case searchValidKeyword is passed.
[INFO] 11-02-2026 11:43:09 [main] Log - Running test case searchInvalidKeyword
[INFO] 11-02-2026 11:43:09 [main] Log - Đang xác thực giá trị đúng...

[INFO] 11-02-2026 11:43:09 [main] Log - Giá trị đúng
[INFO] 11-02-2026 11:43:09 [main] Log - Test case searchInvalidKeyword is passed.
[INFO] 11-02-2026 11:43:10 [main] Log - Running test case filterProduct
[INFO] 11-02-2026 11:43:11 [main] Log - Đang xác thực giá trị đúng...

[INFO] 11-02-2026 11:43:11 [main] Log - Giá trị đúng
[INFO] 11-02-2026 11:43:12 [main] Log - Đang xác thực giá trị đúng...

[INFO] 11-02-2026 11:43:12 [main] Log - Giá trị đúng
[INFO] 11-02-2026 11:43:12 [main] Log - Đang xác thực giá trị đúng...

[INFO] 11-02-2026 11:43:12 [main] Log - Giá trị đúng
[INFO] 11-02-2026 11:43:13 [main] Log - Đang xác thực giá trị đúng...

[INFO] 11-02-2026 11:43:13 [main] Log - Giá trị đúng
[INFO] 11-02-2026 11:43:13 [main] Log - Test case filterProduct is passed.
[INFO] 11-02-2026 11:51:53 [main] Log - Khởi tạo trình duyệt: chrome
[INFO] 11-02-2026 11:51:57 [main] Log - Running test case searchValidKeyword
[INFO] 11-02-2026 11:51:58 [main] Log - Đang xác thực giá trị đúng...

[INFO] 11-02-2026 11:51:58 [main] Log - Giá trị đúng
[INFO] 11-02-2026 11:51:58 [main] Log - Test case searchValidKeyword is passed.
[INFO] 11-02-2026 11:52:00 [main] Log - Running test case searchInvalidKeyword
[INFO] 11-02-2026 11:52:00 [main] Log - Đang xác thực giá trị đúng...

[INFO] 11-02-2026 11:52:00 [main] Log - Giá trị đúng
[INFO] 11-02-2026 11:52:00 [main] Log - Test case searchInvalidKeyword is passed.
[INFO] 11-02-2026 11:52:01 [main] Log - Running test case filterProduct
[INFO] 11-02-2026 11:52:02 [main] Log - Đang xác thực giá trị đúng...

[INFO] 11-02-2026 11:52:02 [main] Log - Giá trị đúng
[INFO] 11-02-2026 11:52:03 [main] Log - Đang xác thực giá trị đúng...

[INFO] 11-02-2026 11:52:03 [main] Log - Giá trị đúng
[INFO] 11-02-2026 11:52:03 [main] Log - Đang xác thực giá trị đúng...

[INFO] 11-02-2026 11:52:03 [main] Log - Giá trị đúng
[INFO] 11-02-2026 11:52:04 [main] Log - Đang xác thực giá trị đúng...

[INFO] 11-02-2026 11:52:04 [main] Log - Giá trị đúng
[INFO] 11-02-2026 11:52:04 [main] Log - Test case filterProduct is passed.
[INFO] 11-02-2026 11:52:05 [main] Log - End testing AutomationOpenCart
[INFO] 11-02-2026 11:53:00 [main] Log - Khởi tạo trình duyệt: chrome
[INFO] 11-02-2026 11:53:05 [main] Log - Running test case searchValidKeyword
[INFO] 11-02-2026 11:53:06 [main] Log - Đang xác thực giá trị đúng...

[INFO] 11-02-2026 11:53:06 [main] Log - Giá trị đúng
[INFO] 11-02-2026 11:53:06 [main] Log - Test case searchValidKeyword is passed.
[INFO] 11-02-2026 11:53:07 [main] Log - Running test case searchInvalidKeyword
[INFO] 11-02-2026 11:53:08 [main] Log - Đang xác thực giá trị đúng...

[INFO] 11-02-2026 11:53:08 [main] Log - Giá trị đúng
[INFO] 11-02-2026 11:53:08 [main] Log - Test case searchInvalidKeyword is passed.
[INFO] 11-02-2026 11:53:08 [main] Log - Running test case filterProduct
[INFO] 11-02-2026 11:53:09 [main] Log - Đang xác thực giá trị đúng...

[INFO] 11-02-2026 11:53:09 [main] Log - Giá trị đúng
[INFO] 11-02-2026 11:53:10 [main] Log - Đang xác thực giá trị đúng...

[INFO] 11-02-2026 11:53:10 [main] Log - Giá trị đúng
[INFO] 11-02-2026 11:53:10 [main] Log - Đang xác thực giá trị đúng...

[INFO] 11-02-2026 11:53:10 [main] Log - Giá trị đúng
[INFO] 11-02-2026 11:53:11 [main] Log - Đang xác thực giá trị đúng...

[INFO] 11-02-2026 11:53:11 [main] Log - Giá trị đúng
[INFO] 11-02-2026 11:53:11 [main] Log - Test case filterProduct is passed.
[INFO] 11-02-2026 11:53:12 [main] Log - End testing AutomationOpenCart
[INFO] 11-02-2026 11:58:28 [main] Log - Khởi tạo trình duyệt: chrome
[INFO] 11-02-2026 11:58:32 [main] Log - Running test case searchValidKeyword
[INFO] 11-02-2026 11:58:33 [main] Log - Đang xác thực giá trị đúng...

[INFO] 11-02-2026 11:58:33 [main] Log - Giá trị đúng
[INFO] 11-02-2026 11:58:33 [main] Log - Test case searchValidKeyword is passed.
[INFO] 11-02-2026 11:58:37 [main] Log - Running test case searchInvalidKeyword
[INFO] 11-02-2026 11:58:38 [main] Log - Đang xác thực giá trị đúng...

[INFO] 11-02-2026 11:58:38 [main] Log - Giá trị đúng
[INFO] 11-02-2026 11:58:38 [main] Log - Test case searchInvalidKeyword is passed.
[INFO] 11-02-2026 11:58:40 [main] Log - Running test case filterProduct
[INFO] 11-02-2026 11:58:42 [main] Log - Đang xác thực giá trị đúng...

[INFO] 11-02-2026 11:58:42 [main] Log - Giá trị đúng
[INFO] 11-02-2026 11:58:42 [main] Log - Đang xác thực giá trị đúng...

[INFO] 11-02-2026 11:58:42 [main] Log - Giá trị đúng
[INFO] 11-02-2026 11:58:43 [main] Log - Đang xác thực giá trị đúng...

[INFO] 11-02-2026 11:58:43 [main] Log - Giá trị đúng
[INFO] 11-02-2026 11:58:43 [main] Log - Đang xác thực giá trị đúng...

[INFO] 11-02-2026 11:58:43 [main] Log - Giá trị đúng
[INFO] 11-02-2026 11:58:43 [main] Log - Test case filterProduct is passed.
[INFO] 11-02-2026 11:58:46 [main] Log - End testing AutomationOpenCart
[INFO] 14-02-2026 11:50:00 [main] Log - Khởi tạo trình duyệt: chrome
[INFO] 14-02-2026 11:50:09 [main] Log - Running test case searchValidKeyword
[INFO] 14-02-2026 11:50:10 [main] Log - Đang xác thực giá trị đúng...

[INFO] 14-02-2026 11:50:10 [main] Log - Giá trị đúng
[INFO] 14-02-2026 11:50:10 [main] Log - Test case searchValidKeyword is passed.
[INFO] 14-02-2026 11:50:14 [main] Log - Running test case searchValidKeyword
[INFO] 14-02-2026 11:50:15 [main] Log - Đang xác thực giá trị đúng...

[INFO] 14-02-2026 11:50:15 [main] Log - Giá trị đúng
[INFO] 14-02-2026 11:50:15 [main] Log - Test case searchValidKeyword is passed.
[INFO] 14-02-2026 11:50:17 [main] Log - Running test case filterFromCategory
[ERROR] 14-02-2026 11:51:49 [main] Log - Hết thời gian chờ phần tử hiển thị: Proxy element for: AjaxElementLocator 'By.id: category_id'
[ERROR] 14-02-2026 11:52:19 [main] Log - Test case filterFromCategory is failed.
[ERROR] 14-02-2026 11:52:20 [main] Log - java.lang.RuntimeException: Không thể tìm thấy phần tử hiển thị: Proxy element for: AjaxElementLocator 'By.id: category_id'
[INFO] 14-02-2026 11:52:23 [main] Log - Running test case searchInvalidKeyword
[INFO] 14-02-2026 11:52:25 [main] Log - Đang xác thực giá trị đúng...

[INFO] 14-02-2026 11:52:25 [main] Log - Giá trị đúng
[INFO] 14-02-2026 11:52:25 [main] Log - Test case searchInvalidKeyword is passed.
[INFO] 14-02-2026 11:52:27 [main] Log - Running test case searchInvalidKeyword
[INFO] 14-02-2026 11:52:28 [main] Log - Đang xác thực giá trị đúng...

[INFO] 14-02-2026 11:52:28 [main] Log - Giá trị đúng
[INFO] 14-02-2026 11:52:28 [main] Log - Test case searchInvalidKeyword is passed.
[INFO] 14-02-2026 11:52:30 [main] Log - Running test case filterProduct
[INFO] 14-02-2026 11:52:32 [main] Log - Đang xác thực giá trị đúng...

[INFO] 14-02-2026 11:52:32 [main] Log - Giá trị đúng
[INFO] 14-02-2026 11:52:32 [main] Log - Đang xác thực giá trị đúng...

[INFO] 14-02-2026 11:52:32 [main] Log - Giá trị đúng
[INFO] 14-02-2026 11:52:33 [main] Log - Đang xác thực giá trị đúng...

[INFO] 14-02-2026 11:52:33 [main] Log - Giá trị đúng
[INFO] 14-02-2026 11:52:34 [main] Log - Đang xác thực giá trị đúng...

[INFO] 14-02-2026 11:52:34 [main] Log - Giá trị đúng
[INFO] 14-02-2026 11:52:34 [main] Log - Test case filterProduct is passed.
[INFO] 14-02-2026 11:52:37 [main] Log - End testing AutomationOpenCart
[INFO] 14-02-2026 12:03:18 [main] Log - Khởi tạo trình duyệt: chrome
[INFO] 14-02-2026 12:03:22 [main] Log - Running test case filterFromCategory
[INFO] 14-02-2026 12:03:24 [main] Log - Đang xác thực giá trị đúng...

[ERROR] 14-02-2026 12:03:24 [main] Log - Test case filterFromCategory is failed.
[ERROR] 14-02-2026 12:03:24 [main] Log - java.lang.RuntimeException: Kiểm tra thất bại: Lỗi: Lọc theo danh mục không hiện sản phẩm
[INFO] 14-02-2026 12:03:27 [main] Log - End testing AutomationOpenCart
[INFO] 18-02-2026 11:13:43 [main] Log - Khởi tạo trình duyệt: chrome
[INFO] 18-02-2026 11:14:00 [main] Log - Running test case verifyProductsAddedToCart
[ERROR] 18-02-2026 11:14:00 [main] Log - Test case verifyProductsAddedToCart is skipped.
[ERROR] 18-02-2026 11:14:00 [main] Log - org.openqa.selenium.NoSuchElementException: no such element: Unable to locate element: {"method":"link text","selector":"imac"}
  (Session info: chrome=144.0.7559.134)
For documentation on this error, please visit: https://www.selenium.dev/documentation/webdriver/troubleshooting/errors#no-such-element-exception
Build info: version: '4.29.0', revision: '5fc1ec94cb'
System info: os.name: 'Windows 11', os.arch: 'amd64', os.version: '10.0', java.version: '17.0.12'
Driver info: org.openqa.selenium.chrome.ChromeDriver
Command: [b1e226270752e47c50034bffbf67c176, findElement {using=link text, value=imac}]
Capabilities {acceptInsecureCerts: false, browserName: chrome, browserVersion: 144.0.7559.134, chrome: {chromedriverVersion: 144.0.7559.133 (7da823b1d59..., userDataDir: C:\Users\velvet\AppData\Loc...}, fedcm:accounts: true, goog:chromeOptions: {debuggerAddress: localhost:59977}, goog:processID: 15692, networkConnectionEnabled: false, pageLoadStrategy: normal, platformName: windows, proxy: Proxy(), se:cdp: ws://localhost:59977/devtoo..., se:cdpVersion: 144.0.7559.134, setWindowRect: true, strictFileInteractability: false, timeouts: {implicit: 0, pageLoad: 300000, script: 30000}, unhandledPromptBehavior: dismiss and notify, webauthn:extension:credBlob: true, webauthn:extension:largeBlob: true, webauthn:extension:minPinLength: true, webauthn:extension:prf: true, webauthn:virtualAuthenticators: true}
Session ID: b1e226270752e47c50034bffbf67c176
[INFO] 18-02-2026 11:14:07 [main] Log - Running test case verifyUpdateQuantityUpdatesTotalPrice
[ERROR] 18-02-2026 11:14:07 [main] Log - Test case verifyUpdateQuantityUpdatesTotalPrice is skipped.
[ERROR] 18-02-2026 11:14:07 [main] Log - org.openqa.selenium.NoSuchElementException: no such element: Unable to locate element: {"method":"link text","selector":"imac"}
  (Session info: chrome=144.0.7559.134)
For documentation on this error, please visit: https://www.selenium.dev/documentation/webdriver/troubleshooting/errors#no-such-element-exception
Build info: version: '4.29.0', revision: '5fc1ec94cb'
System info: os.name: 'Windows 11', os.arch: 'amd64', os.version: '10.0', java.version: '17.0.12'
Driver info: org.openqa.selenium.chrome.ChromeDriver
Command: [b1e226270752e47c50034bffbf67c176, findElement {using=link text, value=imac}]
Capabilities {acceptInsecureCerts: false, browserName: chrome, browserVersion: 144.0.7559.134, chrome: {chromedriverVersion: 144.0.7559.133 (7da823b1d59..., userDataDir: C:\Users\velvet\AppData\Loc...}, fedcm:accounts: true, goog:chromeOptions: {debuggerAddress: localhost:59977}, goog:processID: 15692, networkConnectionEnabled: false, pageLoadStrategy: normal, platformName: windows, proxy: Proxy(), se:cdp: ws://localhost:59977/devtoo..., se:cdpVersion: 144.0.7559.134, setWindowRect: true, strictFileInteractability: false, timeouts: {implicit: 0, pageLoad: 300000, script: 30000}, unhandledPromptBehavior: dismiss and notify, webauthn:extension:credBlob: true, webauthn:extension:largeBlob: true, webauthn:extension:minPinLength: true, webauthn:extension:prf: true, webauthn:virtualAuthenticators: true}
Session ID: b1e226270752e47c50034bffbf67c176
[INFO] 18-02-2026 11:14:09 [main] Log - Running test case verifyRemoveProduct
[ERROR] 18-02-2026 11:14:09 [main] Log - Test case verifyRemoveProduct is skipped.
[ERROR] 18-02-2026 11:14:09 [main] Log - org.openqa.selenium.NoSuchElementException: no such element: Unable to locate element: {"method":"link text","selector":"imac"}
  (Session info: chrome=144.0.7559.134)
For documentation on this error, please visit: https://www.selenium.dev/documentation/webdriver/troubleshooting/errors#no-such-element-exception
Build info: version: '4.29.0', revision: '5fc1ec94cb'
System info: os.name: 'Windows 11', os.arch: 'amd64', os.version: '10.0', java.version: '17.0.12'
Driver info: org.openqa.selenium.chrome.ChromeDriver
Command: [b1e226270752e47c50034bffbf67c176, findElement {using=link text, value=imac}]
Capabilities {acceptInsecureCerts: false, browserName: chrome, browserVersion: 144.0.7559.134, chrome: {chromedriverVersion: 144.0.7559.133 (7da823b1d59..., userDataDir: C:\Users\velvet\AppData\Loc...}, fedcm:accounts: true, goog:chromeOptions: {debuggerAddress: localhost:59977}, goog:processID: 15692, networkConnectionEnabled: false, pageLoadStrategy: normal, platformName: windows, proxy: Proxy(), se:cdp: ws://localhost:59977/devtoo..., se:cdpVersion: 144.0.7559.134, setWindowRect: true, strictFileInteractability: false, timeouts: {implicit: 0, pageLoad: 300000, script: 30000}, unhandledPromptBehavior: dismiss and notify, webauthn:extension:credBlob: true, webauthn:extension:largeBlob: true, webauthn:extension:minPinLength: true, webauthn:extension:prf: true, webauthn:virtualAuthenticators: true}
Session ID: b1e226270752e47c50034bffbf67c176
[INFO] 18-02-2026 11:14:12 [main] Log - Running test case verifyReloadKeepsCartState
[ERROR] 18-02-2026 11:14:12 [main] Log - Test case verifyReloadKeepsCartState is skipped.
[ERROR] 18-02-2026 11:14:12 [main] Log - org.openqa.selenium.NoSuchElementException: no such element: Unable to locate element: {"method":"link text","selector":"imac"}
  (Session info: chrome=144.0.7559.134)
For documentation on this error, please visit: https://www.selenium.dev/documentation/webdriver/troubleshooting/errors#no-such-element-exception
Build info: version: '4.29.0', revision: '5fc1ec94cb'
System info: os.name: 'Windows 11', os.arch: 'amd64', os.version: '10.0', java.version: '17.0.12'
Driver info: org.openqa.selenium.chrome.ChromeDriver
Command: [b1e226270752e47c50034bffbf67c176, findElement {using=link text, value=imac}]
Capabilities {acceptInsecureCerts: false, browserName: chrome, browserVersion: 144.0.7559.134, chrome: {chromedriverVersion: 144.0.7559.133 (7da823b1d59..., userDataDir: C:\Users\velvet\AppData\Loc...}, fedcm:accounts: true, goog:chromeOptions: {debuggerAddress: localhost:59977}, goog:processID: 15692, networkConnectionEnabled: false, pageLoadStrategy: normal, platformName: windows, proxy: Proxy(), se:cdp: ws://localhost:59977/devtoo..., se:cdpVersion: 144.0.7559.134, setWindowRect: true, strictFileInteractability: false, timeouts: {implicit: 0, pageLoad: 300000, script: 30000}, unhandledPromptBehavior: dismiss and notify, webauthn:extension:credBlob: true, webauthn:extension:largeBlob: true, webauthn:extension:minPinLength: true, webauthn:extension:prf: true, webauthn:virtualAuthenticators: true}
Session ID: b1e226270752e47c50034bffbf67c176
[INFO] 18-02-2026 11:14:14 [main] Log - Running test case verifyQuantityZero
[ERROR] 18-02-2026 11:14:14 [main] Log - Test case verifyQuantityZero is skipped.
[ERROR] 18-02-2026 11:14:14 [main] Log - org.openqa.selenium.NoSuchElementException: no such element: Unable to locate element: {"method":"link text","selector":"imac"}
  (Session info: chrome=144.0.7559.134)
For documentation on this error, please visit: https://www.selenium.dev/documentation/webdriver/troubleshooting/errors#no-such-element-exception
Build info: version: '4.29.0', revision: '5fc1ec94cb'
System info: os.name: 'Windows 11', os.arch: 'amd64', os.version: '10.0', java.version: '17.0.12'
Driver info: org.openqa.selenium.chrome.ChromeDriver
Command: [b1e226270752e47c50034bffbf67c176, findElement {using=link text, value=imac}]
Capabilities {acceptInsecureCerts: false, browserName: chrome, browserVersion: 144.0.7559.134, chrome: {chromedriverVersion: 144.0.7559.133 (7da823b1d59..., userDataDir: C:\Users\velvet\AppData\Loc...}, fedcm:accounts: true, goog:chromeOptions: {debuggerAddress: localhost:59977}, goog:processID: 15692, networkConnectionEnabled: false, pageLoadStrategy: normal, platformName: windows, proxy: Proxy(), se:cdp: ws://localhost:59977/devtoo..., se:cdpVersion: 144.0.7559.134, setWindowRect: true, strictFileInteractability: false, timeouts: {implicit: 0, pageLoad: 300000, script: 30000}, unhandledPromptBehavior: dismiss and notify, webauthn:extension:credBlob: true, webauthn:extension:largeBlob: true, webauthn:extension:minPinLength: true, webauthn:extension:prf: true, webauthn:virtualAuthenticators: true}
Session ID: b1e226270752e47c50034bffbf67c176
[INFO] 18-02-2026 11:14:16 [main] Log - Running test case verifyNegativeQuantity
[ERROR] 18-02-2026 11:14:16 [main] Log - Test case verifyNegativeQuantity is skipped.
[ERROR] 18-02-2026 11:14:16 [main] Log - org.openqa.selenium.NoSuchElementException: no such element: Unable to locate element: {"method":"link text","selector":"imac"}
  (Session info: chrome=144.0.7559.134)
For documentation on this error, please visit: https://www.selenium.dev/documentation/webdriver/troubleshooting/errors#no-such-element-exception
Build info: version: '4.29.0', revision: '5fc1ec94cb'
System info: os.name: 'Windows 11', os.arch: 'amd64', os.version: '10.0', java.version: '17.0.12'
Driver info: org.openqa.selenium.chrome.ChromeDriver
Command: [b1e226270752e47c50034bffbf67c176, findElement {using=link text, value=imac}]
Capabilities {acceptInsecureCerts: false, browserName: chrome, browserVersion: 144.0.7559.134, chrome: {chromedriverVersion: 144.0.7559.133 (7da823b1d59..., userDataDir: C:\Users\velvet\AppData\Loc...}, fedcm:accounts: true, goog:chromeOptions: {debuggerAddress: localhost:59977}, goog:processID: 15692, networkConnectionEnabled: false, pageLoadStrategy: normal, platformName: windows, proxy: Proxy(), se:cdp: ws://localhost:59977/devtoo..., se:cdpVersion: 144.0.7559.134, setWindowRect: true, strictFileInteractability: false, timeouts: {implicit: 0, pageLoad: 300000, script: 30000}, unhandledPromptBehavior: dismiss and notify, webauthn:extension:credBlob: true, webauthn:extension:largeBlob: true, webauthn:extension:minPinLength: true, webauthn:extension:prf: true, webauthn:virtualAuthenticators: true}
Session ID: b1e226270752e47c50034bffbf67c176
[INFO] 18-02-2026 11:14:19 [main] Log - Running test case verifyInvalidQuantityText
[ERROR] 18-02-2026 11:14:19 [main] Log - Test case verifyInvalidQuantityText is skipped.
[ERROR] 18-02-2026 11:14:19 [main] Log - org.openqa.selenium.NoSuchElementException: no such element: Unable to locate element: {"method":"link text","selector":"imac"}
  (Session info: chrome=144.0.7559.134)
For documentation on this error, please visit: https://www.selenium.dev/documentation/webdriver/troubleshooting/errors#no-such-element-exception
Build info: version: '4.29.0', revision: '5fc1ec94cb'
System info: os.name: 'Windows 11', os.arch: 'amd64', os.version: '10.0', java.version: '17.0.12'
Driver info: org.openqa.selenium.chrome.ChromeDriver
Command: [b1e226270752e47c50034bffbf67c176, findElement {using=link text, value=imac}]
Capabilities {acceptInsecureCerts: false, browserName: chrome, browserVersion: 144.0.7559.134, chrome: {chromedriverVersion: 144.0.7559.133 (7da823b1d59..., userDataDir: C:\Users\velvet\AppData\Loc...}, fedcm:accounts: true, goog:chromeOptions: {debuggerAddress: localhost:59977}, goog:processID: 15692, networkConnectionEnabled: false, pageLoadStrategy: normal, platformName: windows, proxy: Proxy(), se:cdp: ws://localhost:59977/devtoo..., se:cdpVersion: 144.0.7559.134, setWindowRect: true, strictFileInteractability: false, timeouts: {implicit: 0, pageLoad: 300000, script: 30000}, unhandledPromptBehavior: dismiss and notify, webauthn:extension:credBlob: true, webauthn:extension:largeBlob: true, webauthn:extension:minPinLength: true, webauthn:extension:prf: true, webauthn:virtualAuthenticators: true}
Session ID: b1e226270752e47c50034bffbf67c176
[INFO] 18-02-2026 11:14:21 [main] Log - Running test case verifyCartTotalPrice
[ERROR] 18-02-2026 11:14:21 [main] Log - Test case verifyCartTotalPrice is skipped.
[ERROR] 18-02-2026 11:14:21 [main] Log - org.openqa.selenium.NoSuchElementException: no such element: Unable to locate element: {"method":"link text","selector":"imac"}
  (Session info: chrome=144.0.7559.134)
For documentation on this error, please visit: https://www.selenium.dev/documentation/webdriver/troubleshooting/errors#no-such-element-exception
Build info: version: '4.29.0', revision: '5fc1ec94cb'
System info: os.name: 'Windows 11', os.arch: 'amd64', os.version: '10.0', java.version: '17.0.12'
Driver info: org.openqa.selenium.chrome.ChromeDriver
Command: [b1e226270752e47c50034bffbf67c176, findElement {using=link text, value=imac}]
Capabilities {acceptInsecureCerts: false, browserName: chrome, browserVersion: 144.0.7559.134, chrome: {chromedriverVersion: 144.0.7559.133 (7da823b1d59..., userDataDir: C:\Users\velvet\AppData\Loc...}, fedcm:accounts: true, goog:chromeOptions: {debuggerAddress: localhost:59977}, goog:processID: 15692, networkConnectionEnabled: false, pageLoadStrategy: normal, platformName: windows, proxy: Proxy(), se:cdp: ws://localhost:59977/devtoo..., se:cdpVersion: 144.0.7559.134, setWindowRect: true, strictFileInteractability: false, timeouts: {implicit: 0, pageLoad: 300000, script: 30000}, unhandledPromptBehavior: dismiss and notify, webauthn:extension:credBlob: true, webauthn:extension:largeBlob: true, webauthn:extension:minPinLength: true, webauthn:extension:prf: true, webauthn:virtualAuthenticators: true}
Session ID: b1e226270752e47c50034bffbf67c176
[INFO] 18-02-2026 11:14:23 [main] Log - End testing AutomationOpenCart
[INFO] 18-02-2026 11:18:34 [main] Log - Khởi tạo trình duyệt: chrome
[INFO] 18-02-2026 11:18:41 [main] Log - Running test case verifyProductsAddedToCart
[INFO] 18-02-2026 11:18:42 [main] Log - Đang xác thực giá trị đúng...

[INFO] 18-02-2026 11:18:42 [main] Log - Giá trị đúng
[INFO] 18-02-2026 11:18:42 [main] Log - Đang xác thực giá trị đúng...

[INFO] 18-02-2026 11:18:42 [main] Log - Giá trị đúng
[INFO] 18-02-2026 11:18:42 [main] Log - Test case verifyProductsAddedToCart is passed.
[INFO] 18-02-2026 11:18:44 [main] Log - Running test case verifyUpdateQuantityUpdatesTotalPrice
[ERROR] 18-02-2026 11:18:54 [main] Log - Test case verifyUpdateQuantityUpdatesTotalPrice is failed.
[ERROR] 18-02-2026 11:18:55 [main] Log - org.openqa.selenium.NoSuchElementException: no such element: Unable to locate element: {"method":"xpath","selector":".//input[contains(@name,'quantity')]"}
  (Session info: chrome=144.0.7559.134)
For documentation on this error, please visit: https://www.selenium.dev/documentation/webdriver/troubleshooting/errors#no-such-element-exception
Build info: version: '4.29.0', revision: '5fc1ec94cb'
System info: os.name: 'Windows 11', os.arch: 'amd64', os.version: '10.0', java.version: '17.0.12'
Driver info: org.openqa.selenium.chrome.ChromeDriver
Command: [4c6083cefaa251390e1a466e63c95131, findChildElement {id=f.79B42C8EC3437974CDCEF23FFD75B605.d.7A7EFC212ED58C9728B8E29BA05B7DE0.e.188, value=.//input[contains(@name,'quantity')], using=xpath}]
Capabilities {acceptInsecureCerts: false, browserName: chrome, browserVersion: 144.0.7559.134, chrome: {chromedriverVersion: 144.0.7559.133 (7da823b1d59..., userDataDir: C:\Users\velvet\AppData\Loc...}, fedcm:accounts: true, goog:chromeOptions: {debuggerAddress: localhost:56192}, goog:processID: 768, networkConnectionEnabled: false, pageLoadStrategy: normal, platformName: windows, proxy: Proxy(), se:cdp: ws://localhost:56192/devtoo..., se:cdpVersion: 144.0.7559.134, setWindowRect: true, strictFileInteractability: false, timeouts: {implicit: 0, pageLoad: 300000, script: 30000}, unhandledPromptBehavior: dismiss and notify, webauthn:extension:credBlob: true, webauthn:extension:largeBlob: true, webauthn:extension:minPinLength: true, webauthn:extension:prf: true, webauthn:virtualAuthenticators: true}
Session ID: 4c6083cefaa251390e1a466e63c95131
[INFO] 18-02-2026 11:18:57 [main] Log - Running test case verifyRemoveProduct
[ERROR] 18-02-2026 11:19:07 [main] Log - Hết thời gian chờ phần tử có thể click: [[[[ChromeDriver: chrome on windows (4c6083cefaa251390e1a466e63c95131)] -> xpath: //table//tr[td//a[text()='iMac']]]] -> css selector: button[title='Remove']]
[ERROR] 18-02-2026 11:19:07 [main] Log - Test case verifyRemoveProduct is failed.
[ERROR] 18-02-2026 11:19:08 [main] Log - java.lang.RuntimeException: Không thể tìm thấy phần tử có thể click: [[[[ChromeDriver: chrome on windows (4c6083cefaa251390e1a466e63c95131)] -> xpath: //table//tr[td//a[text()='iMac']]]] -> css selector: button[title='Remove']]
[INFO] 18-02-2026 11:19:10 [main] Log - Running test case verifyReloadKeepsCartState
[ERROR] 18-02-2026 11:19:20 [main] Log - Test case verifyReloadKeepsCartState is failed.
[ERROR] 18-02-2026 11:19:20 [main] Log - org.openqa.selenium.NoSuchElementException: no such element: Unable to locate element: {"method":"xpath","selector":".//input[contains(@name,'quantity')]"}
  (Session info: chrome=144.0.7559.134)
For documentation on this error, please visit: https://www.selenium.dev/documentation/webdriver/troubleshooting/errors#no-such-element-exception
Build info: version: '4.29.0', revision: '5fc1ec94cb'
System info: os.name: 'Windows 11', os.arch: 'amd64', os.version: '10.0', java.version: '17.0.12'
Driver info: org.openqa.selenium.chrome.ChromeDriver
Command: [4c6083cefaa251390e1a466e63c95131, findChildElement {id=f.79B42C8EC3437974CDCEF23FFD75B605.d.7A7EFC212ED58C9728B8E29BA05B7DE0.e.188, value=.//input[contains(@name,'quantity')], using=xpath}]
Capabilities {acceptInsecureCerts: false, browserName: chrome, browserVersion: 144.0.7559.134, chrome: {chromedriverVersion: 144.0.7559.133 (7da823b1d59..., userDataDir: C:\Users\velvet\AppData\Loc...}, fedcm:accounts: true, goog:chromeOptions: {debuggerAddress: localhost:56192}, goog:processID: 768, networkConnectionEnabled: false, pageLoadStrategy: normal, platformName: windows, proxy: Proxy(), se:cdp: ws://localhost:56192/devtoo..., se:cdpVersion: 144.0.7559.134, setWindowRect: true, strictFileInteractability: false, timeouts: {implicit: 0, pageLoad: 300000, script: 30000}, unhandledPromptBehavior: dismiss and notify, webauthn:extension:credBlob: true, webauthn:extension:largeBlob: true, webauthn:extension:minPinLength: true, webauthn:extension:prf: true, webauthn:virtualAuthenticators: true}
Session ID: 4c6083cefaa251390e1a466e63c95131
[INFO] 18-02-2026 11:19:22 [main] Log - Running test case verifyQuantityZero
[ERROR] 18-02-2026 11:19:32 [main] Log - Test case verifyQuantityZero is failed.
[ERROR] 18-02-2026 11:19:33 [main] Log - org.openqa.selenium.NoSuchElementException: no such element: Unable to locate element: {"method":"xpath","selector":".//input[contains(@name,'quantity')]"}
  (Session info: chrome=144.0.7559.134)
For documentation on this error, please visit: https://www.selenium.dev/documentation/webdriver/troubleshooting/errors#no-such-element-exception
Build info: version: '4.29.0', revision: '5fc1ec94cb'
System info: os.name: 'Windows 11', os.arch: 'amd64', os.version: '10.0', java.version: '17.0.12'
Driver info: org.openqa.selenium.chrome.ChromeDriver
Command: [4c6083cefaa251390e1a466e63c95131, findChildElement {id=f.79B42C8EC3437974CDCEF23FFD75B605.d.7A7EFC212ED58C9728B8E29BA05B7DE0.e.188, value=.//input[contains(@name,'quantity')], using=xpath}]
Capabilities {acceptInsecureCerts: false, browserName: chrome, browserVersion: 144.0.7559.134, chrome: {chromedriverVersion: 144.0.7559.133 (7da823b1d59..., userDataDir: C:\Users\velvet\AppData\Loc...}, fedcm:accounts: true, goog:chromeOptions: {debuggerAddress: localhost:56192}, goog:processID: 768, networkConnectionEnabled: false, pageLoadStrategy: normal, platformName: windows, proxy: Proxy(), se:cdp: ws://localhost:56192/devtoo..., se:cdpVersion: 144.0.7559.134, setWindowRect: true, strictFileInteractability: false, timeouts: {implicit: 0, pageLoad: 300000, script: 30000}, unhandledPromptBehavior: dismiss and notify, webauthn:extension:credBlob: true, webauthn:extension:largeBlob: true, webauthn:extension:minPinLength: true, webauthn:extension:prf: true, webauthn:virtualAuthenticators: true}
Session ID: 4c6083cefaa251390e1a466e63c95131
[INFO] 18-02-2026 11:19:35 [main] Log - Running test case verifyNegativeQuantity
[ERROR] 18-02-2026 11:19:45 [main] Log - Test case verifyNegativeQuantity is failed.
[ERROR] 18-02-2026 11:19:45 [main] Log - org.openqa.selenium.NoSuchElementException: no such element: Unable to locate element: {"method":"xpath","selector":".//input[contains(@name,'quantity')]"}
  (Session info: chrome=144.0.7559.134)
For documentation on this error, please visit: https://www.selenium.dev/documentation/webdriver/troubleshooting/errors#no-such-element-exception
Build info: version: '4.29.0', revision: '5fc1ec94cb'
System info: os.name: 'Windows 11', os.arch: 'amd64', os.version: '10.0', java.version: '17.0.12'
Driver info: org.openqa.selenium.chrome.ChromeDriver
Command: [4c6083cefaa251390e1a466e63c95131, findChildElement {id=f.79B42C8EC3437974CDCEF23FFD75B605.d.7A7EFC212ED58C9728B8E29BA05B7DE0.e.188, value=.//input[contains(@name,'quantity')], using=xpath}]
Capabilities {acceptInsecureCerts: false, browserName: chrome, browserVersion: 144.0.7559.134, chrome: {chromedriverVersion: 144.0.7559.133 (7da823b1d59..., userDataDir: C:\Users\velvet\AppData\Loc...}, fedcm:accounts: true, goog:chromeOptions: {debuggerAddress: localhost:56192}, goog:processID: 768, networkConnectionEnabled: false, pageLoadStrategy: normal, platformName: windows, proxy: Proxy(), se:cdp: ws://localhost:56192/devtoo..., se:cdpVersion: 144.0.7559.134, setWindowRect: true, strictFileInteractability: false, timeouts: {implicit: 0, pageLoad: 300000, script: 30000}, unhandledPromptBehavior: dismiss and notify, webauthn:extension:credBlob: true, webauthn:extension:largeBlob: true, webauthn:extension:minPinLength: true, webauthn:extension:prf: true, webauthn:virtualAuthenticators: true}
Session ID: 4c6083cefaa251390e1a466e63c95131
[INFO] 18-02-2026 11:19:48 [main] Log - Running test case verifyInvalidQuantityText
[ERROR] 18-02-2026 11:19:58 [main] Log - Test case verifyInvalidQuantityText is failed.
[ERROR] 18-02-2026 11:19:58 [main] Log - org.openqa.selenium.NoSuchElementException: no such element: Unable to locate element: {"method":"xpath","selector":".//input[contains(@name,'quantity')]"}
  (Session info: chrome=144.0.7559.134)
For documentation on this error, please visit: https://www.selenium.dev/documentation/webdriver/troubleshooting/errors#no-such-element-exception
Build info: version: '4.29.0', revision: '5fc1ec94cb'
System info: os.name: 'Windows 11', os.arch: 'amd64', os.version: '10.0', java.version: '17.0.12'
Driver info: org.openqa.selenium.chrome.ChromeDriver
Command: [4c6083cefaa251390e1a466e63c95131, findChildElement {id=f.79B42C8EC3437974CDCEF23FFD75B605.d.7A7EFC212ED58C9728B8E29BA05B7DE0.e.188, value=.//input[contains(@name,'quantity')], using=xpath}]
Capabilities {acceptInsecureCerts: false, browserName: chrome, browserVersion: 144.0.7559.134, chrome: {chromedriverVersion: 144.0.7559.133 (7da823b1d59..., userDataDir: C:\Users\velvet\AppData\Loc...}, fedcm:accounts: true, goog:chromeOptions: {debuggerAddress: localhost:56192}, goog:processID: 768, networkConnectionEnabled: false, pageLoadStrategy: normal, platformName: windows, proxy: Proxy(), se:cdp: ws://localhost:56192/devtoo..., se:cdpVersion: 144.0.7559.134, setWindowRect: true, strictFileInteractability: false, timeouts: {implicit: 0, pageLoad: 300000, script: 30000}, unhandledPromptBehavior: dismiss and notify, webauthn:extension:credBlob: true, webauthn:extension:largeBlob: true, webauthn:extension:minPinLength: true, webauthn:extension:prf: true, webauthn:virtualAuthenticators: true}
Session ID: 4c6083cefaa251390e1a466e63c95131
[INFO] 18-02-2026 11:20:00 [main] Log - Running test case verifyCartTotalPrice
[ERROR] 18-02-2026 11:20:10 [main] Log - Test case verifyCartTotalPrice is failed.
[ERROR] 18-02-2026 11:20:11 [main] Log - org.openqa.selenium.NoSuchElementException: no such element: Unable to locate element: {"method":"xpath","selector":"./td[6]"}
  (Session info: chrome=144.0.7559.134)
For documentation on this error, please visit: https://www.selenium.dev/documentation/webdriver/troubleshooting/errors#no-such-element-exception
Build info: version: '4.29.0', revision: '5fc1ec94cb'
System info: os.name: 'Windows 11', os.arch: 'amd64', os.version: '10.0', java.version: '17.0.12'
Driver info: org.openqa.selenium.chrome.ChromeDriver
Command: [4c6083cefaa251390e1a466e63c95131, findChildElement {id=f.79B42C8EC3437974CDCEF23FFD75B605.d.7A7EFC212ED58C9728B8E29BA05B7DE0.e.188, value=./td[6], using=xpath}]
Capabilities {acceptInsecureCerts: false, browserName: chrome, browserVersion: 144.0.7559.134, chrome: {chromedriverVersion: 144.0.7559.133 (7da823b1d59..., userDataDir: C:\Users\velvet\AppData\Loc...}, fedcm:accounts: true, goog:chromeOptions: {debuggerAddress: localhost:56192}, goog:processID: 768, networkConnectionEnabled: false, pageLoadStrategy: normal, platformName: windows, proxy: Proxy(), se:cdp: ws://localhost:56192/devtoo..., se:cdpVersion: 144.0.7559.134, setWindowRect: true, strictFileInteractability: false, timeouts: {implicit: 0, pageLoad: 300000, script: 30000}, unhandledPromptBehavior: dismiss and notify, webauthn:extension:credBlob: true, webauthn:extension:largeBlob: true, webauthn:extension:minPinLength: true, webauthn:extension:prf: true, webauthn:virtualAuthenticators: true}
Session ID: 4c6083cefaa251390e1a466e63c95131
[INFO] 18-02-2026 11:20:13 [main] Log - End testing AutomationOpenCart
[INFO] 18-02-2026 11:30:31 [main] Log - Khởi tạo trình duyệt: chrome
[INFO] 18-02-2026 11:30:38 [main] Log - Running test case verifyUpdateQuantityUpdatesTotalPrice
[ERROR] 18-02-2026 11:30:39 [main] Log - Test case verifyUpdateQuantityUpdatesTotalPrice is skipped.
[ERROR] 18-02-2026 11:30:39 [main] Log - org.openqa.selenium.ElementClickInterceptedException: element click intercepted: Element <a href="http://localhost/opencart/index.php?route=checkout/cart" title="Shopping Cart">...</a> is not clickable at point (1189, 8). Other element would receive the click: <div id="top-links" class="nav pull-right">...</div>
  (Session info: chrome=144.0.7559.134)
Build info: version: '4.29.0', revision: '5fc1ec94cb'
System info: os.name: 'Windows 11', os.arch: 'amd64', os.version: '10.0', java.version: '17.0.12'
Driver info: org.openqa.selenium.chrome.ChromeDriver
Command: [8c075dd74fd7f21236c31aa4c79f2746, clickElement {id=f.75F31B0027857CBD5531FAF663FDCD0A.d.971976275AE21073A3F6394EABABBF36.e.167}]
Capabilities {acceptInsecureCerts: false, browserName: chrome, browserVersion: 144.0.7559.134, chrome: {chromedriverVersion: 144.0.7559.133 (7da823b1d59..., userDataDir: C:\Users\velvet\AppData\Loc...}, fedcm:accounts: true, goog:chromeOptions: {debuggerAddress: localhost:51564}, goog:processID: 8400, networkConnectionEnabled: false, pageLoadStrategy: normal, platformName: windows, proxy: Proxy(), se:cdp: ws://localhost:51564/devtoo..., se:cdpVersion: 144.0.7559.134, setWindowRect: true, strictFileInteractability: false, timeouts: {implicit: 0, pageLoad: 300000, script: 30000}, unhandledPromptBehavior: dismiss and notify, webauthn:extension:credBlob: true, webauthn:extension:largeBlob: true, webauthn:extension:minPinLength: true, webauthn:extension:prf: true, webauthn:virtualAuthenticators: true}
Element: [[ChromeDriver: chrome on windows (8c075dd74fd7f21236c31aa4c79f2746)] -> xpath: //a[@title='Shopping Cart']]
Session ID: 8c075dd74fd7f21236c31aa4c79f2746
[INFO] 18-02-2026 11:30:41 [main] Log - End testing AutomationOpenCart
[INFO] 18-02-2026 11:33:53 [main] Log - Khởi tạo trình duyệt: chrome
[INFO] 18-02-2026 11:33:59 [main] Log - Running test case verifyUpdateQuantityUpdatesTotalPrice
[ERROR] 18-02-2026 11:33:59 [main] Log - Test case verifyUpdateQuantityUpdatesTotalPrice is failed.
[ERROR] 18-02-2026 11:33:59 [main] Log - org.openqa.selenium.InvalidSelectorException: invalid selector: Unable to locate an element with the xpath expression .//input[@name='quantity] because of the following error:
SyntaxError: Failed to execute 'evaluate' on 'Document': The string './/input[@name='quantity]' is not a valid XPath expression.
  (Session info: chrome=144.0.7559.134)
For documentation on this error, please visit: https://www.selenium.dev/documentation/webdriver/troubleshooting/errors#invalid-selector-exception
Build info: version: '4.29.0', revision: '5fc1ec94cb'
System info: os.name: 'Windows 11', os.arch: 'amd64', os.version: '10.0', java.version: '17.0.12'
Driver info: org.openqa.selenium.chrome.ChromeDriver
Command: [eba3944a9826b3b0303a93ae3d2a2ed5, findChildElement {using=xpath, value=.//input[@name='quantity], id=f.D47C69E01B6CCEB784C5738CB5A6F92F.d.F35716E8735512D8A45E4ED88B51C487.e.184}]
Capabilities {acceptInsecureCerts: false, browserName: chrome, browserVersion: 144.0.7559.134, chrome: {chromedriverVersion: 144.0.7559.133 (7da823b1d59..., userDataDir: C:\Users\velvet\AppData\Loc...}, fedcm:accounts: true, goog:chromeOptions: {debuggerAddress: localhost:58488}, goog:processID: 7244, networkConnectionEnabled: false, pageLoadStrategy: normal, platformName: windows, proxy: Proxy(), se:cdp: ws://localhost:58488/devtoo..., se:cdpVersion: 144.0.7559.134, setWindowRect: true, strictFileInteractability: false, timeouts: {implicit: 0, pageLoad: 300000, script: 30000}, unhandledPromptBehavior: dismiss and notify, webauthn:extension:credBlob: true, webauthn:extension:largeBlob: true, webauthn:extension:minPinLength: true, webauthn:extension:prf: true, webauthn:virtualAuthenticators: true}
Session ID: eba3944a9826b3b0303a93ae3d2a2ed5
[INFO] 18-02-2026 11:34:02 [main] Log - End testing AutomationOpenCart
[INFO] 18-02-2026 11:35:46 [main] Log - Khởi tạo trình duyệt: chrome
[INFO] 18-02-2026 11:35:53 [main] Log - Running test case verifyUpdateQuantityUpdatesTotalPrice
[ERROR] 18-02-2026 11:36:04 [main] Log - Test case verifyUpdateQuantityUpdatesTotalPrice is failed.
[ERROR] 18-02-2026 11:36:04 [main] Log - org.openqa.selenium.NoSuchElementException: no such element: Unable to locate element: {"method":"xpath","selector":".//input[@name='quantity']"}
  (Session info: chrome=144.0.7559.134)
For documentation on this error, please visit: https://www.selenium.dev/documentation/webdriver/troubleshooting/errors#no-such-element-exception
Build info: version: '4.29.0', revision: '5fc1ec94cb'
System info: os.name: 'Windows 11', os.arch: 'amd64', os.version: '10.0', java.version: '17.0.12'
Driver info: org.openqa.selenium.chrome.ChromeDriver
Command: [c8a394f16bc00a8603a788f72b49f472, findChildElement {using=xpath, id=f.3013503094A18CB0C02B4E5501E5BB83.d.02E50E8B21D74DD754B4E6D6068A0181.e.183, value=.//input[@name='quantity']}]
Capabilities {acceptInsecureCerts: false, browserName: chrome, browserVersion: 144.0.7559.134, chrome: {chromedriverVersion: 144.0.7559.133 (7da823b1d59..., userDataDir: C:\Users\velvet\AppData\Loc...}, fedcm:accounts: true, goog:chromeOptions: {debuggerAddress: localhost:50367}, goog:processID: 2668, networkConnectionEnabled: false, pageLoadStrategy: normal, platformName: windows, proxy: Proxy(), se:cdp: ws://localhost:50367/devtoo..., se:cdpVersion: 144.0.7559.134, setWindowRect: true, strictFileInteractability: false, timeouts: {implicit: 0, pageLoad: 300000, script: 30000}, unhandledPromptBehavior: dismiss and notify, webauthn:extension:credBlob: true, webauthn:extension:largeBlob: true, webauthn:extension:minPinLength: true, webauthn:extension:prf: true, webauthn:virtualAuthenticators: true}
Session ID: c8a394f16bc00a8603a788f72b49f472
[INFO] 18-02-2026 11:36:07 [main] Log - End testing AutomationOpenCart
[INFO] 18-02-2026 11:37:07 [main] Log - Khởi tạo trình duyệt: chrome
[INFO] 18-02-2026 11:37:15 [main] Log - Running test case verifyUpdateQuantityUpdatesTotalPrice
[ERROR] 18-02-2026 11:37:25 [main] Log - Test case verifyUpdateQuantityUpdatesTotalPrice is failed.
[ERROR] 18-02-2026 11:37:25 [main] Log - org.openqa.selenium.NoSuchElementException: no such element: Unable to locate element: {"method":"xpath","selector":"//input[@name='quantity']"}
  (Session info: chrome=144.0.7559.134)
For documentation on this error, please visit: https://www.selenium.dev/documentation/webdriver/troubleshooting/errors#no-such-element-exception
Build info: version: '4.29.0', revision: '5fc1ec94cb'
System info: os.name: 'Windows 11', os.arch: 'amd64', os.version: '10.0', java.version: '17.0.12'
Driver info: org.openqa.selenium.chrome.ChromeDriver
Command: [24f67df25da255e8b7bc42fa4d2beaae, findChildElement {value=//input[@name='quantity'], id=f.421CA318B75F4F7E7C783821D074F5A6.d.A0A792BF6F5C995DB0440D1960CB2CFC.e.183, using=xpath}]
Capabilities {acceptInsecureCerts: false, browserName: chrome, browserVersion: 144.0.7559.134, chrome: {chromedriverVersion: 144.0.7559.133 (7da823b1d59..., userDataDir: C:\Users\velvet\AppData\Loc...}, fedcm:accounts: true, goog:chromeOptions: {debuggerAddress: localhost:55749}, goog:processID: 6040, networkConnectionEnabled: false, pageLoadStrategy: normal, platformName: windows, proxy: Proxy(), se:cdp: ws://localhost:55749/devtoo..., se:cdpVersion: 144.0.7559.134, setWindowRect: true, strictFileInteractability: false, timeouts: {implicit: 0, pageLoad: 300000, script: 30000}, unhandledPromptBehavior: dismiss and notify, webauthn:extension:credBlob: true, webauthn:extension:largeBlob: true, webauthn:extension:minPinLength: true, webauthn:extension:prf: true, webauthn:virtualAuthenticators: true}
Session ID: 24f67df25da255e8b7bc42fa4d2beaae
[INFO] 18-02-2026 11:37:28 [main] Log - End testing AutomationOpenCart
[INFO] 18-02-2026 11:38:44 [main] Log - Khởi tạo trình duyệt: chrome
[INFO] 18-02-2026 11:38:55 [main] Log - Running test case verifyUpdateQuantityUpdatesTotalPrice
[ERROR] 18-02-2026 11:39:05 [main] Log - Test case verifyUpdateQuantityUpdatesTotalPrice is failed.
[ERROR] 18-02-2026 11:39:05 [main] Log - org.openqa.selenium.NoSuchElementException: no such element: Unable to locate element: {"method":"css selector","selector":"input[type='text']"}
  (Session info: chrome=144.0.7559.134)
For documentation on this error, please visit: https://www.selenium.dev/documentation/webdriver/troubleshooting/errors#no-such-element-exception
Build info: version: '4.29.0', revision: '5fc1ec94cb'
System info: os.name: 'Windows 11', os.arch: 'amd64', os.version: '10.0', java.version: '17.0.12'
Driver info: org.openqa.selenium.chrome.ChromeDriver
Command: [26541055e1c961b04be26119148d5c0f, findChildElement {using=css selector, id=f.B023E1FAB4B29911ECDB64554EBD5466.d.63451DFC5DCCE9D327861DDE4437F837.e.183, value=input[type='text']}]
Capabilities {acceptInsecureCerts: false, browserName: chrome, browserVersion: 144.0.7559.134, chrome: {chromedriverVersion: 144.0.7559.133 (7da823b1d59..., userDataDir: C:\Users\velvet\AppData\Loc...}, fedcm:accounts: true, goog:chromeOptions: {debuggerAddress: localhost:57652}, goog:processID: 7336, networkConnectionEnabled: false, pageLoadStrategy: normal, platformName: windows, proxy: Proxy(), se:cdp: ws://localhost:57652/devtoo..., se:cdpVersion: 144.0.7559.134, setWindowRect: true, strictFileInteractability: false, timeouts: {implicit: 0, pageLoad: 300000, script: 30000}, unhandledPromptBehavior: dismiss and notify, webauthn:extension:credBlob: true, webauthn:extension:largeBlob: true, webauthn:extension:minPinLength: true, webauthn:extension:prf: true, webauthn:virtualAuthenticators: true}
Session ID: 26541055e1c961b04be26119148d5c0f
[INFO] 18-02-2026 11:39:08 [main] Log - End testing AutomationOpenCart
[INFO] 18-02-2026 11:44:25 [main] Log - Khởi tạo trình duyệt: chrome
[INFO] 18-02-2026 11:44:33 [main] Log - Running test case verifyUpdateQuantityUpdatesTotalPrice
[ERROR] 18-02-2026 11:44:33 [main] Log - Test case verifyUpdateQuantityUpdatesTotalPrice is failed.
[ERROR] 18-02-2026 11:44:33 [main] Log - org.openqa.selenium.InvalidSelectorException: invalid selector: An invalid or illegal selector was specified
  (Session info: chrome=144.0.7559.134)
For documentation on this error, please visit: https://www.selenium.dev/documentation/webdriver/troubleshooting/errors#invalid-selector-exception
Build info: version: '4.29.0', revision: '5fc1ec94cb'
System info: os.name: 'Windows 11', os.arch: 'amd64', os.version: '10.0', java.version: '17.0.12'
Driver info: org.openqa.selenium.chrome.ChromeDriver
Command: [611566ab74eeb36ac3f111bb30d4f111, findChildElement {id=f.C028D2DC02EF371944C9E97CAF2D7604.d.D806E4DBD2D25BCF552BEA0BA6637B0A.e.190, using=css selector, value=//input[@name='quantity']}]
Capabilities {acceptInsecureCerts: false, browserName: chrome, browserVersion: 144.0.7559.134, chrome: {chromedriverVersion: 144.0.7559.133 (7da823b1d59..., userDataDir: C:\Users\velvet\AppData\Loc...}, fedcm:accounts: true, goog:chromeOptions: {debuggerAddress: localhost:65311}, goog:processID: 17072, networkConnectionEnabled: false, pageLoadStrategy: normal, platformName: windows, proxy: Proxy(), se:cdp: ws://localhost:65311/devtoo..., se:cdpVersion: 144.0.7559.134, setWindowRect: true, strictFileInteractability: false, timeouts: {implicit: 0, pageLoad: 300000, script: 30000}, unhandledPromptBehavior: dismiss and notify, webauthn:extension:credBlob: true, webauthn:extension:largeBlob: true, webauthn:extension:minPinLength: true, webauthn:extension:prf: true, webauthn:virtualAuthenticators: true}
Session ID: 611566ab74eeb36ac3f111bb30d4f111
[INFO] 18-02-2026 11:44:36 [main] Log - End testing AutomationOpenCart
[INFO] 18-02-2026 11:46:32 [main] Log - Khởi tạo trình duyệt: chrome
[INFO] 18-02-2026 11:46:38 [main] Log - Running test case verifyUpdateQuantityUpdatesTotalPrice
[ERROR] 18-02-2026 11:46:39 [main] Log - Test case verifyUpdateQuantityUpdatesTotalPrice is failed.
[ERROR] 18-02-2026 11:46:39 [main] Log - org.openqa.selenium.InvalidSelectorException: invalid selector: An invalid or illegal selector was specified
  (Session info: chrome=144.0.7559.134)
For documentation on this error, please visit: https://www.selenium.dev/documentation/webdriver/troubleshooting/errors#invalid-selector-exception
Build info: version: '4.29.0', revision: '5fc1ec94cb'
System info: os.name: 'Windows 11', os.arch: 'amd64', os.version: '10.0', java.version: '17.0.12'
Driver info: org.openqa.selenium.chrome.ChromeDriver
Command: [2c336a54c2cb5153e9a30cf5851ffaf1, findChildElement {value=.//input[contains(@name,'quantity')], using=css selector, id=f.3A0E58E8C66836E3F778B7BEB6B2B968.d.7B20D8A31059FFA98994B84976099B89.e.186}]
Capabilities {acceptInsecureCerts: false, browserName: chrome, browserVersion: 144.0.7559.134, chrome: {chromedriverVersion: 144.0.7559.133 (7da823b1d59..., userDataDir: C:\Users\velvet\AppData\Loc...}, fedcm:accounts: true, goog:chromeOptions: {debuggerAddress: localhost:59047}, goog:processID: 3564, networkConnectionEnabled: false, pageLoadStrategy: normal, platformName: windows, proxy: Proxy(), se:cdp: ws://localhost:59047/devtoo..., se:cdpVersion: 144.0.7559.134, setWindowRect: true, strictFileInteractability: false, timeouts: {implicit: 0, pageLoad: 300000, script: 30000}, unhandledPromptBehavior: dismiss and notify, webauthn:extension:credBlob: true, webauthn:extension:largeBlob: true, webauthn:extension:minPinLength: true, webauthn:extension:prf: true, webauthn:virtualAuthenticators: true}
Session ID: 2c336a54c2cb5153e9a30cf5851ffaf1
[INFO] 18-02-2026 11:46:42 [main] Log - End testing AutomationOpenCart
[INFO] 18-02-2026 11:48:18 [main] Log - Khởi tạo trình duyệt: chrome
[INFO] 18-02-2026 11:48:24 [main] Log - Running test case verifyUpdateQuantityUpdatesTotalPrice
[ERROR] 18-02-2026 11:48:34 [main] Log - Test case verifyUpdateQuantityUpdatesTotalPrice is failed.
[ERROR] 18-02-2026 11:48:35 [main] Log - org.openqa.selenium.NoSuchElementException: no such element: Unable to locate element: {"method":"xpath","selector":".//input[contains(@name,'quantity')]"}
  (Session info: chrome=144.0.7559.134)
For documentation on this error, please visit: https://www.selenium.dev/documentation/webdriver/troubleshooting/errors#no-such-element-exception
Build info: version: '4.29.0', revision: '5fc1ec94cb'
System info: os.name: 'Windows 11', os.arch: 'amd64', os.version: '10.0', java.version: '17.0.12'
Driver info: org.openqa.selenium.chrome.ChromeDriver
Command: [d00cd5dc0e779d557e2c5e3585ef4d57, findChildElement {id=f.4A55E235684FCDF43362A3B5E948E854.d.262F0CA5377E5F8B8BB8DAE517AE64E5.e.184, value=.//input[contains(@name,'quantity')], using=xpath}]
Capabilities {acceptInsecureCerts: false, browserName: chrome, browserVersion: 144.0.7559.134, chrome: {chromedriverVersion: 144.0.7559.133 (7da823b1d59..., userDataDir: C:\Users\velvet\AppData\Loc...}, fedcm:accounts: true, goog:chromeOptions: {debuggerAddress: localhost:56487}, goog:processID: 9308, networkConnectionEnabled: false, pageLoadStrategy: normal, platformName: windows, proxy: Proxy(), se:cdp: ws://localhost:56487/devtoo..., se:cdpVersion: 144.0.7559.134, setWindowRect: true, strictFileInteractability: false, timeouts: {implicit: 0, pageLoad: 300000, script: 30000}, unhandledPromptBehavior: dismiss and notify, webauthn:extension:credBlob: true, webauthn:extension:largeBlob: true, webauthn:extension:minPinLength: true, webauthn:extension:prf: true, webauthn:virtualAuthenticators: true}
Session ID: d00cd5dc0e779d557e2c5e3585ef4d57
[INFO] 18-02-2026 11:48:38 [main] Log - End testing AutomationOpenCart
[INFO] 18-02-2026 11:53:22 [main] Log - Khởi tạo trình duyệt: chrome
[INFO] 18-02-2026 11:53:29 [main] Log - Running test case verifyUpdateQuantityUpdatesTotalPrice
[INFO] 18-02-2026 11:53:30 [main] Log - Đang xác thực giá trị bằng nhau...
 - Thực tế: 1324.0
 - Kỳ vọng: 1324.0
[INFO] 18-02-2026 11:53:30 [main] Log - Test case verifyUpdateQuantityUpdatesTotalPrice is passed.
[INFO] 18-02-2026 11:53:33 [main] Log - End testing AutomationOpenCart
[INFO] 18-02-2026 11:53:48 [main] Log - Khởi tạo trình duyệt: chrome
[INFO] 18-02-2026 11:53:54 [main] Log - Running test case verifyRemoveProduct
[ERROR] 18-02-2026 11:53:54 [main] Log - Test case verifyRemoveProduct is failed.
[ERROR] 18-02-2026 11:53:55 [main] Log - java.lang.AssertionError: Lỗi: Sản phẩm chưa được xóa khỏi giỏ hàng expected [false] but found [true]
[INFO] 18-02-2026 11:53:57 [main] Log - End testing AutomationOpenCart
[INFO] 18-02-2026 11:56:01 [main] Log - Khởi tạo trình duyệt: chrome
[INFO] 18-02-2026 11:56:06 [main] Log - Running test case verifyRemoveProduct
[ERROR] 18-02-2026 11:56:07 [main] Log - Test case verifyRemoveProduct is failed.
[ERROR] 18-02-2026 11:56:07 [main] Log - java.lang.AssertionError: Lỗi: Sản phẩm iMac chưa được xóa khỏi giỏ hàng expected [false] but found [true]
[INFO] 18-02-2026 11:56:10 [main] Log - End testing AutomationOpenCart
[INFO] 18-02-2026 11:58:53 [main] Log - Khởi tạo trình duyệt: chrome
[INFO] 18-02-2026 11:59:00 [main] Log - Running test case verifyRemoveProduct
[ERROR] 18-02-2026 11:59:01 [main] Log - Test case verifyRemoveProduct is failed.
[ERROR] 18-02-2026 11:59:01 [main] Log - java.lang.AssertionError: Lỗi: Sản phẩm iMac chưa được xóa khỏi giỏ hàng expected [false] but found [true]
[INFO] 18-02-2026 11:59:04 [main] Log - End testing AutomationOpenCart
[INFO] 18-02-2026 12:02:32 [main] Log - Khởi tạo trình duyệt: chrome
[INFO] 18-02-2026 12:02:40 [main] Log - Running test case verifyRemoveProduct
[ERROR] 18-02-2026 12:02:51 [main] Log - Test case verifyRemoveProduct is failed.
[ERROR] 18-02-2026 12:02:51 [main] Log - org.openqa.selenium.NoSuchElementException: no such element: Unable to locate element: {"method":"xpath","selector":"//div[@class='table-responsive']//tbody/tr[.//a[normalize-space()='iMac']]"}
  (Session info: chrome=144.0.7559.134)
For documentation on this error, please visit: https://www.selenium.dev/documentation/webdriver/troubleshooting/errors#no-such-element-exception
Build info: version: '4.29.0', revision: '5fc1ec94cb'
System info: os.name: 'Windows 11', os.arch: 'amd64', os.version: '10.0', java.version: '17.0.12'
Driver info: org.openqa.selenium.chrome.ChromeDriver
Command: [d2434a78abed7ca5561797dcc1d84be1, findElement {value=//div[@class='table-responsive']//tbody/tr[.//a[normalize-space()='iMac']], using=xpath}]
Capabilities {acceptInsecureCerts: false, browserName: chrome, browserVersion: 144.0.7559.134, chrome: {chromedriverVersion: 144.0.7559.133 (7da823b1d59..., userDataDir: C:\Users\velvet\AppData\Loc...}, fedcm:accounts: true, goog:chromeOptions: {debuggerAddress: localhost:59887}, goog:processID: 15780, networkConnectionEnabled: false, pageLoadStrategy: normal, platformName: windows, proxy: Proxy(), se:cdp: ws://localhost:59887/devtoo..., se:cdpVersion: 144.0.7559.134, setWindowRect: true, strictFileInteractability: false, timeouts: {implicit: 0, pageLoad: 300000, script: 30000}, unhandledPromptBehavior: dismiss and notify, webauthn:extension:credBlob: true, webauthn:extension:largeBlob: true, webauthn:extension:minPinLength: true, webauthn:extension:prf: true, webauthn:virtualAuthenticators: true}
Session ID: d2434a78abed7ca5561797dcc1d84be1
[INFO] 18-02-2026 12:02:54 [main] Log - End testing AutomationOpenCart
[INFO] 18-02-2026 12:03:58 [main] Log - Khởi tạo trình duyệt: chrome
[INFO] 18-02-2026 12:04:07 [main] Log - Running test case verifyProductsAddedToCart
[INFO] 18-02-2026 12:04:07 [main] Log - Đang xác thực giá trị đúng...

[INFO] 18-02-2026 12:04:07 [main] Log - Giá trị đúng
[INFO] 18-02-2026 12:04:07 [main] Log - Đang xác thực giá trị đúng...

[INFO] 18-02-2026 12:04:08 [main] Log - Giá trị đúng
[INFO] 18-02-2026 12:04:08 [main] Log - Test case verifyProductsAddedToCart is passed.
[INFO] 18-02-2026 12:04:10 [main] Log - End testing AutomationOpenCart
[INFO] 18-02-2026 12:04:24 [main] Log - Khởi tạo trình duyệt: chrome
[INFO] 18-02-2026 12:04:31 [main] Log - Running test case verifyRemoveProduct
[ERROR] 18-02-2026 12:04:31 [main] Log - Test case verifyRemoveProduct is failed.
[ERROR] 18-02-2026 12:04:32 [main] Log - java.lang.AssertionError: Lỗi: Sản phẩm iMac chưa được xóa khỏi giỏ hàng expected [false] but found [true]
[INFO] 18-02-2026 12:04:35 [main] Log - End testing AutomationOpenCart
[INFO] 18-02-2026 12:05:43 [main] Log - Khởi tạo trình duyệt: chrome
[INFO] 18-02-2026 12:05:50 [main] Log - Running test case verifyRemoveProduct
[ERROR] 18-02-2026 12:05:50 [main] Log - Test case verifyRemoveProduct is failed.
[ERROR] 18-02-2026 12:05:51 [main] Log - java.lang.AssertionError: Lỗi: Sản phẩm iMac chưa được xóa khỏi giỏ hàng expected [false] but found [true]
[INFO] 18-02-2026 12:05:54 [main] Log - End testing AutomationOpenCart
[INFO] 18-02-2026 12:06:31 [main] Log - Khởi tạo trình duyệt: chrome
[INFO] 18-02-2026 12:06:38 [main] Log - Running test case verifyRemoveProduct
[INFO] 18-02-2026 12:06:49 [main] Log - Test case verifyRemoveProduct is passed.
[INFO] 18-02-2026 12:06:52 [main] Log - End testing AutomationOpenCart
[INFO] 18-02-2026 12:07:10 [main] Log - Khởi tạo trình duyệt: chrome
[INFO] 18-02-2026 12:07:16 [main] Log - Running test case verifyReloadKeepsCartState
[INFO] 18-02-2026 12:07:17 [main] Log - Đang xác thực giá trị bằng nhau...
 - Thực tế: 3
 - Kỳ vọng: 3
[INFO] 18-02-2026 12:07:17 [main] Log - Test case verifyReloadKeepsCartState is passed.
[INFO] 18-02-2026 12:07:20 [main] Log - End testing AutomationOpenCart
[INFO] 18-02-2026 12:08:11 [main] Log - Khởi tạo trình duyệt: chrome
[INFO] 18-02-2026 12:08:18 [main] Log - Running test case verifyNegativeQuantity
[ERROR] 18-02-2026 12:08:29 [main] Log - Test case verifyNegativeQuantity is failed.
[ERROR] 18-02-2026 12:08:29 [main] Log - org.openqa.selenium.NoSuchElementException: no such element: Unable to locate element: {"method":"xpath","selector":"//div[@class='table-responsive']//tbody/tr[.//a[normalize-space()='MacBook']]"}
  (Session info: chrome=144.0.7559.134)
For documentation on this error, please visit: https://www.selenium.dev/documentation/webdriver/troubleshooting/errors#no-such-element-exception
Build info: version: '4.29.0', revision: '5fc1ec94cb'
System info: os.name: 'Windows 11', os.arch: 'amd64', os.version: '10.0', java.version: '17.0.12'
Driver info: org.openqa.selenium.chrome.ChromeDriver
Command: [8e4fa0d5ce3d37e1842832d30099a33c, findElement {using=xpath, value=//div[@class='table-responsive']//tbody/tr[.//a[normalize-space()='MacBook']]}]
Capabilities {acceptInsecureCerts: false, browserName: chrome, browserVersion: 144.0.7559.134, chrome: {chromedriverVersion: 144.0.7559.133 (7da823b1d59..., userDataDir: C:\Users\velvet\AppData\Loc...}, fedcm:accounts: true, goog:chromeOptions: {debuggerAddress: localhost:52814}, goog:processID: 5612, networkConnectionEnabled: false, pageLoadStrategy: normal, platformName: windows, proxy: Proxy(), se:cdp: ws://localhost:52814/devtoo..., se:cdpVersion: 144.0.7559.134, setWindowRect: true, strictFileInteractability: false, timeouts: {implicit: 0, pageLoad: 300000, script: 30000}, unhandledPromptBehavior: dismiss and notify, webauthn:extension:credBlob: true, webauthn:extension:largeBlob: true, webauthn:extension:minPinLength: true, webauthn:extension:prf: true, webauthn:virtualAuthenticators: true}
Session ID: 8e4fa0d5ce3d37e1842832d30099a33c
[INFO] 18-02-2026 12:08:32 [main] Log - End testing AutomationOpenCart
[INFO] 18-02-2026 12:09:23 [main] Log - Khởi tạo trình duyệt: chrome
[INFO] 18-02-2026 12:09:29 [main] Log - Running test case verifyQuantityZero
[INFO] 18-02-2026 12:09:40 [main] Log - Đang xác thực giá trị đúng...

[INFO] 18-02-2026 12:09:40 [main] Log - Giá trị đúng
[INFO] 18-02-2026 12:09:40 [main] Log - Test case verifyQuantityZero is passed.
[INFO] 18-02-2026 12:09:43 [main] Log - End testing AutomationOpenCart
[INFO] 18-02-2026 12:10:04 [main] Log - Khởi tạo trình duyệt: chrome
[INFO] 18-02-2026 12:10:12 [main] Log - Running test case verifyNegativeQuantity
[INFO] 18-02-2026 12:10:23 [main] Log - Đang xác thực giá trị đúng...

[INFO] 18-02-2026 12:10:23 [main] Log - Giá trị đúng
[INFO] 18-02-2026 12:10:23 [main] Log - Test case verifyNegativeQuantity is passed.
[INFO] 18-02-2026 12:10:26 [main] Log - End testing AutomationOpenCart
[INFO] 18-02-2026 12:10:46 [main] Log - Khởi tạo trình duyệt: chrome
[INFO] 18-02-2026 12:10:53 [main] Log - Running test case verifyInvalidQuantityText
[INFO] 18-02-2026 12:11:04 [main] Log - Đang xác thực giá trị đúng...

[INFO] 18-02-2026 12:11:04 [main] Log - Giá trị đúng
[INFO] 18-02-2026 12:11:04 [main] Log - Test case verifyInvalidQuantityText is passed.
[INFO] 18-02-2026 12:11:08 [main] Log - End testing AutomationOpenCart
[INFO] 18-02-2026 12:11:25 [main] Log - Khởi tạo trình duyệt: chrome
[INFO] 18-02-2026 12:11:31 [main] Log - Running test case verifyCartTotalPrice
[ERROR] 18-02-2026 12:11:31 [main] Log - Test case verifyCartTotalPrice is failed.
[ERROR] 18-02-2026 12:11:32 [main] Log - java.lang.NumberFormatException: empty String
[INFO] 18-02-2026 12:11:34 [main] Log - End testing AutomationOpenCart
[INFO] 18-02-2026 12:19:39 [main] Log - Khởi tạo trình duyệt: chrome
[INFO] 18-02-2026 12:19:48 [main] Log - Running test case verifyCartTotalPrice
[ERROR] 18-02-2026 12:19:48 [main] Log - Test case verifyCartTotalPrice is failed.
[ERROR] 18-02-2026 12:19:49 [main] Log - java.lang.NumberFormatException: empty String
[INFO] 18-02-2026 12:19:51 [main] Log - End testing AutomationOpenCart
[INFO] 18-02-2026 12:21:38 [main] Log - Khởi tạo trình duyệt: chrome
[INFO] 18-02-2026 12:21:45 [main] Log - Running test case verifyCartTotalPrice
[ERROR] 18-02-2026 12:21:55 [main] Log - Test case verifyCartTotalPrice is failed.
[ERROR] 18-02-2026 12:21:55 [main] Log - org.openqa.selenium.NoSuchElementException: no such element: Unable to locate element: {"method":"xpath","selector":"//td[contains(text(),'Eco Tax')]/following-sibling::td"}
  (Session info: chrome=144.0.7559.134)
For documentation on this error, please visit: https://www.selenium.dev/documentation/webdriver/troubleshooting/errors#no-such-element-exception
Build info: version: '4.29.0', revision: '5fc1ec94cb'
System info: os.name: 'Windows 11', os.arch: 'amd64', os.version: '10.0', java.version: '17.0.12'
Driver info: org.openqa.selenium.chrome.ChromeDriver
Command: [caa197887dbe30d78b369d7643bdf211, findElement {value=//td[contains(text(),'Eco Tax')]/following-sibling::td, using=xpath}]
Capabilities {acceptInsecureCerts: false, browserName: chrome, browserVersion: 144.0.7559.134, chrome: {chromedriverVersion: 144.0.7559.133 (7da823b1d59..., userDataDir: C:\Users\velvet\AppData\Loc...}, fedcm:accounts: true, goog:chromeOptions: {debuggerAddress: localhost:56986}, goog:processID: 13180, networkConnectionEnabled: false, pageLoadStrategy: normal, platformName: windows, proxy: Proxy(), se:cdp: ws://localhost:56986/devtoo..., se:cdpVersion: 144.0.7559.134, setWindowRect: true, strictFileInteractability: false, timeouts: {implicit: 0, pageLoad: 300000, script: 30000}, unhandledPromptBehavior: dismiss and notify, webauthn:extension:credBlob: true, webauthn:extension:largeBlob: true, webauthn:extension:minPinLength: true, webauthn:extension:prf: true, webauthn:virtualAuthenticators: true}
Session ID: caa197887dbe30d78b369d7643bdf211
[INFO] 18-02-2026 12:21:58 [main] Log - End testing AutomationOpenCart
[INFO] 18-02-2026 12:24:01 [main] Log - Khởi tạo trình duyệt: chrome
[INFO] 18-02-2026 12:24:08 [main] Log - Running test case verifyCartTotalPrice
[INFO] 18-02-2026 12:24:08 [main] Log - Cuộn tới phần tử: [[ChromeDriver: chrome on windows (5bafc9b950836ae5ceadaef67a30e229)] -> xpath: //strong[text()='Sub-Total:']/parent::td/following-sibling::td]
[ERROR] 18-02-2026 12:24:18 [main] Log - Test case verifyCartTotalPrice is failed.
[ERROR] 18-02-2026 12:24:19 [main] Log - org.openqa.selenium.NoSuchElementException: no such element: Unable to locate element: {"method":"xpath","selector":"//td[contains(text(),'Eco Tax (-2.00):')]/following-sibling::td"}
  (Session info: chrome=144.0.7559.134)
For documentation on this error, please visit: https://www.selenium.dev/documentation/webdriver/troubleshooting/errors#no-such-element-exception
Build info: version: '4.29.0', revision: '5fc1ec94cb'
System info: os.name: 'Windows 11', os.arch: 'amd64', os.version: '10.0', java.version: '17.0.12'
Driver info: org.openqa.selenium.chrome.ChromeDriver
Command: [5bafc9b950836ae5ceadaef67a30e229, findElement {using=xpath, value=//td[contains(text(),'Eco Tax (-2.00):')]/following-sibling::td}]
Capabilities {acceptInsecureCerts: false, browserName: chrome, browserVersion: 144.0.7559.134, chrome: {chromedriverVersion: 144.0.7559.133 (7da823b1d59..., userDataDir: C:\Users\velvet\AppData\Loc...}, fedcm:accounts: true, goog:chromeOptions: {debuggerAddress: localhost:56247}, goog:processID: 16040, networkConnectionEnabled: false, pageLoadStrategy: normal, platformName: windows, proxy: Proxy(), se:cdp: ws://localhost:56247/devtoo..., se:cdpVersion: 144.0.7559.134, setWindowRect: true, strictFileInteractability: false, timeouts: {implicit: 0, pageLoad: 300000, script: 30000}, unhandledPromptBehavior: dismiss and notify, webauthn:extension:credBlob: true, webauthn:extension:largeBlob: true, webauthn:extension:minPinLength: true, webauthn:extension:prf: true, webauthn:virtualAuthenticators: true}
Session ID: 5bafc9b950836ae5ceadaef67a30e229
[INFO] 18-02-2026 12:24:22 [main] Log - End testing AutomationOpenCart
[INFO] 18-02-2026 12:27:51 [main] Log - Khởi tạo trình duyệt: chrome
[INFO] 18-02-2026 12:27:58 [main] Log - Running test case verifyCartTotalPrice
[INFO] 18-02-2026 12:27:58 [main] Log - Cuộn tới phần tử: [[ChromeDriver: chrome on windows (648bba6e9247e746408f2ce2abdf2ba7)] -> xpath: //strong[text()='Sub-Total:']/parent::td/following-sibling::td]
[INFO] 18-02-2026 12:27:59 [main] Log - Đang xác thực giá trị đúng...

[ERROR] 18-02-2026 12:27:59 [main] Log - Test case verifyCartTotalPrice is failed.
[ERROR] 18-02-2026 12:27:59 [main] Log - java.lang.RuntimeException: Kiểm tra thất bại: Lỗi: Tính tiền sai!
[INFO] 18-02-2026 12:28:02 [main] Log - End testing AutomationOpenCart
[INFO] 18-02-2026 12:29:14 [main] Log - Khởi tạo trình duyệt: chrome
[INFO] 18-02-2026 12:29:21 [main] Log - Running test case verifyCartTotalPrice
[INFO] 18-02-2026 12:29:21 [main] Log - Cuộn tới phần tử: [[ChromeDriver: chrome on windows (b708282ccb90384587fff20fa12add59)] -> xpath: //strong[text()='Sub-Total:']/parent::td/following-sibling::td]
[INFO] 18-02-2026 12:29:21 [main] Log - Đang xác thực giá trị đúng...

[ERROR] 18-02-2026 12:29:21 [main] Log - Test case verifyCartTotalPrice is failed.
[ERROR] 18-02-2026 12:29:22 [main] Log - java.lang.RuntimeException: Kiểm tra thất bại: Lỗi: Tính tiền sai!
[INFO] 18-02-2026 12:29:25 [main] Log - End testing AutomationOpenCart
[INFO] 18-02-2026 12:30:08 [main] Log - Khởi tạo trình duyệt: chrome
[INFO] 18-02-2026 12:30:14 [main] Log - Running test case verifyCartTotalPrice
[INFO] 18-02-2026 12:30:14 [main] Log - Cuộn tới phần tử: [[ChromeDriver: chrome on windows (0477e7bfd485c4bea4c1b19db7bfb2ea)] -> xpath: //strong[text()='Sub-Total:']/parent::td/following-sibling::td]
[INFO] 18-02-2026 12:30:15 [main] Log - Đang xác thực giá trị đúng...

[ERROR] 18-02-2026 12:30:15 [main] Log - Test case verifyCartTotalPrice is failed.
[ERROR] 18-02-2026 12:30:15 [main] Log - java.lang.RuntimeException: Kiểm tra thất bại: Lỗi: Tính tiền sai!
[INFO] 18-02-2026 12:30:18 [main] Log - End testing AutomationOpenCart
[INFO] 18-02-2026 12:35:03 [main] Log - Khởi tạo trình duyệt: chrome
[INFO] 18-02-2026 12:35:11 [main] Log - Running test case verifyCartTotalPrice
[ERROR] 18-02-2026 12:35:21 [main] Log - Test case verifyCartTotalPrice is failed.
[ERROR] 18-02-2026 12:35:22 [main] Log - org.openqa.selenium.NoSuchElementException: no such element: Unable to locate element: {"method":"xpath","selector":"//td[contains(text(),'Sub-Total')]/following-sibling::td"}
  (Session info: chrome=144.0.7559.134)
For documentation on this error, please visit: https://www.selenium.dev/documentation/webdriver/troubleshooting/errors#no-such-element-exception
Build info: version: '4.29.0', revision: '5fc1ec94cb'
System info: os.name: 'Windows 11', os.arch: 'amd64', os.version: '10.0', java.version: '17.0.12'
Driver info: org.openqa.selenium.chrome.ChromeDriver
Command: [6f4259efc5cad6177a0134bb35705edd, findElement {using=xpath, value=//td[contains(text(),'Sub-Total')]/following-sibling::td}]
Capabilities {acceptInsecureCerts: false, browserName: chrome, browserVersion: 144.0.7559.134, chrome: {chromedriverVersion: 144.0.7559.133 (7da823b1d59..., userDataDir: C:\Users\velvet\AppData\Loc...}, fedcm:accounts: true, goog:chromeOptions: {debuggerAddress: localhost:52184}, goog:processID: 9864, networkConnectionEnabled: false, pageLoadStrategy: normal, platformName: windows, proxy: Proxy(), se:cdp: ws://localhost:52184/devtoo..., se:cdpVersion: 144.0.7559.134, setWindowRect: true, strictFileInteractability: false, timeouts: {implicit: 0, pageLoad: 300000, script: 30000}, unhandledPromptBehavior: dismiss and notify, webauthn:extension:credBlob: true, webauthn:extension:largeBlob: true, webauthn:extension:minPinLength: true, webauthn:extension:prf: true, webauthn:virtualAuthenticators: true}
Session ID: 6f4259efc5cad6177a0134bb35705edd
[INFO] 18-02-2026 12:35:25 [main] Log - End testing AutomationOpenCart
[INFO] 18-02-2026 12:37:06 [main] Log - Khởi tạo trình duyệt: chrome
[INFO] 18-02-2026 12:37:14 [main] Log - Running test case verifyCartTotalPrice
[ERROR] 18-02-2026 12:37:24 [main] Log - Test case verifyCartTotalPrice is failed.
[ERROR] 18-02-2026 12:37:24 [main] Log - org.openqa.selenium.NoSuchElementException: no such element: Unable to locate element: {"method":"xpath","selector":"//strong[text()='Sub-Total:']/parent::td/following-sibling::td"}
  (Session info: chrome=144.0.7559.134)
For documentation on this error, please visit: https://www.selenium.dev/documentation/webdriver/troubleshooting/errors#no-such-element-exception
Build info: version: '4.29.0', revision: '5fc1ec94cb'
System info: os.name: 'Windows 11', os.arch: 'amd64', os.version: '10.0', java.version: '17.0.12'
Driver info: org.openqa.selenium.chrome.ChromeDriver
Command: [580b19cc45fd6698eae7e61d53c0fcb4, findElement {value=//strong[text()='Sub-Total:']/parent::td/following-sibling::td, using=xpath}]
Capabilities {acceptInsecureCerts: false, browserName: chrome, browserVersion: 144.0.7559.134, chrome: {chromedriverVersion: 144.0.7559.133 (7da823b1d59..., userDataDir: C:\Users\velvet\AppData\Loc...}, fedcm:accounts: true, goog:chromeOptions: {debuggerAddress: localhost:63090}, goog:processID: 14068, networkConnectionEnabled: false, pageLoadStrategy: normal, platformName: windows, proxy: Proxy(), se:cdp: ws://localhost:63090/devtoo..., se:cdpVersion: 144.0.7559.134, setWindowRect: true, strictFileInteractability: false, timeouts: {implicit: 0, pageLoad: 300000, script: 30000}, unhandledPromptBehavior: dismiss and notify, webauthn:extension:credBlob: true, webauthn:extension:largeBlob: true, webauthn:extension:minPinLength: true, webauthn:extension:prf: true, webauthn:virtualAuthenticators: true}
Session ID: 580b19cc45fd6698eae7e61d53c0fcb4
[INFO] 18-02-2026 12:37:27 [main] Log - End testing AutomationOpenCart
[INFO] 18-02-2026 12:37:50 [main] Log - Khởi tạo trình duyệt: chrome
[INFO] 18-02-2026 12:37:56 [main] Log - Running test case verifyCartTotalPrice
[INFO] 18-02-2026 12:37:57 [main] Log - Cuộn tới phần tử: [[ChromeDriver: chrome on windows (9f088326480b4ac76f8848426785628d)] -> xpath: //strong[text()='Sub-Total:']/parent::td/following-sibling::td]
[ERROR] 18-02-2026 12:38:07 [main] Log - Test case verifyCartTotalPrice is failed.
[ERROR] 18-02-2026 12:38:07 [main] Log - org.openqa.selenium.NoSuchElementException: no such element: Unable to locate element: {"method":"xpath","selector":"//td[contains(text(),'VAT')]/following-sibling::td"}
  (Session info: chrome=144.0.7559.134)
For documentation on this error, please visit: https://www.selenium.dev/documentation/webdriver/troubleshooting/errors#no-such-element-exception
Build info: version: '4.29.0', revision: '5fc1ec94cb'
System info: os.name: 'Windows 11', os.arch: 'amd64', os.version: '10.0', java.version: '17.0.12'
Driver info: org.openqa.selenium.chrome.ChromeDriver
Command: [9f088326480b4ac76f8848426785628d, findElement {value=//td[contains(text(),'VAT')]/following-sibling::td, using=xpath}]
Capabilities {acceptInsecureCerts: false, browserName: chrome, browserVersion: 144.0.7559.134, chrome: {chromedriverVersion: 144.0.7559.133 (7da823b1d59..., userDataDir: C:\Users\velvet\AppData\Loc...}, fedcm:accounts: true, goog:chromeOptions: {debuggerAddress: localhost:61805}, goog:processID: 14684, networkConnectionEnabled: false, pageLoadStrategy: normal, platformName: windows, proxy: Proxy(), se:cdp: ws://localhost:61805/devtoo..., se:cdpVersion: 144.0.7559.134, setWindowRect: true, strictFileInteractability: false, timeouts: {implicit: 0, pageLoad: 300000, script: 30000}, unhandledPromptBehavior: dismiss and notify, webauthn:extension:credBlob: true, webauthn:extension:largeBlob: true, webauthn:extension:minPinLength: true, webauthn:extension:prf: true, webauthn:virtualAuthenticators: true}
Session ID: 9f088326480b4ac76f8848426785628d
[INFO] 18-02-2026 12:38:10 [main] Log - End testing AutomationOpenCart
[INFO] 18-02-2026 12:39:25 [main] Log - Khởi tạo trình duyệt: chrome
[INFO] 18-02-2026 12:39:32 [main] Log - Running test case verifyCartTotalPrice
[INFO] 18-02-2026 12:39:38 [main] Log - Cuộn tới phần tử: [[ChromeDriver: chrome on windows (da66c09d8a9285eae2af3b53a1686f2a)] -> xpath: //strong[text()='Sub-Total:']/parent::td/following-sibling::td]
[ERROR] 18-02-2026 12:39:48 [main] Log - Test case verifyCartTotalPrice is failed.
[ERROR] 18-02-2026 12:39:49 [main] Log - org.openqa.selenium.NoSuchElementException: no such element: Unable to locate element: {"method":"xpath","selector":"//td[contains(text(),'Total')]/following-sibling::td"}
  (Session info: chrome=144.0.7559.134)
For documentation on this error, please visit: https://www.selenium.dev/documentation/webdriver/troubleshooting/errors#no-such-element-exception
Build info: version: '4.29.0', revision: '5fc1ec94cb'
System info: os.name: 'Windows 11', os.arch: 'amd64', os.version: '10.0', java.version: '17.0.12'
Driver info: org.openqa.selenium.chrome.ChromeDriver
Command: [da66c09d8a9285eae2af3b53a1686f2a, findElement {value=//td[contains(text(),'Total')]/following-sibling::td, using=xpath}]
Capabilities {acceptInsecureCerts: false, browserName: chrome, browserVersion: 144.0.7559.134, chrome: {chromedriverVersion: 144.0.7559.133 (7da823b1d59..., userDataDir: C:\Users\velvet\AppData\Loc...}, fedcm:accounts: true, goog:chromeOptions: {debuggerAddress: localhost:51156}, goog:processID: 13268, networkConnectionEnabled: false, pageLoadStrategy: normal, platformName: windows, proxy: Proxy(), se:cdp: ws://localhost:51156/devtoo..., se:cdpVersion: 144.0.7559.134, setWindowRect: true, strictFileInteractability: false, timeouts: {implicit: 0, pageLoad: 300000, script: 30000}, unhandledPromptBehavior: dismiss and notify, webauthn:extension:credBlob: true, webauthn:extension:largeBlob: true, webauthn:extension:minPinLength: true, webauthn:extension:prf: true, webauthn:virtualAuthenticators: true}
Session ID: da66c09d8a9285eae2af3b53a1686f2a
[INFO] 18-02-2026 12:39:52 [main] Log - End testing AutomationOpenCart
[INFO] 18-02-2026 12:40:43 [main] Log - Khởi tạo trình duyệt: chrome
[INFO] 18-02-2026 12:40:50 [main] Log - Running test case verifyCartTotalPrice
[INFO] 18-02-2026 12:40:51 [main] Log - Cuộn tới phần tử: [[ChromeDriver: chrome on windows (5c60700e24ca7194c699935173d4d658)] -> xpath: //strong[text()='Sub-Total:']/parent::td/following-sibling::td]
[INFO] 18-02-2026 12:40:51 [main] Log - Đang xác thực giá trị đúng...

[ERROR] 18-02-2026 12:40:51 [main] Log - Test case verifyCartTotalPrice is failed.
[ERROR] 18-02-2026 12:40:51 [main] Log - java.lang.RuntimeException: Kiểm tra thất bại: Lỗi: Tính tiền sai!
[INFO] 18-02-2026 12:40:54 [main] Log - End testing AutomationOpenCart
[INFO] 18-02-2026 12:45:46 [main] Log - Khởi tạo trình duyệt: chrome
[INFO] 18-02-2026 12:45:54 [main] Log - Running test case verifyCartTotalPrice
[INFO] 18-02-2026 12:45:54 [main] Log - Cuộn tới phần tử: [[ChromeDriver: chrome on windows (55470a61d9ed21ca6b5429537e28db64)] -> xpath: //strong[text()='Sub-Total:']/parent::td/following-sibling::td]
[INFO] 18-02-2026 12:45:54 [main] Log - Đang xác thực giá trị đúng...

[ERROR] 18-02-2026 12:45:54 [main] Log - Test case verifyCartTotalPrice is failed.
[ERROR] 18-02-2026 12:45:54 [main] Log - java.lang.RuntimeException: Kiểm tra thất bại: Lỗi: Tính tiền sai!
[INFO] 18-02-2026 12:45:57 [main] Log - End testing AutomationOpenCart
[INFO] 18-02-2026 12:48:30 [main] Log - Khởi tạo trình duyệt: chrome
[INFO] 18-02-2026 12:48:38 [main] Log - Running test case verifyCartTotalPrice
[INFO] 18-02-2026 12:48:38 [main] Log - Cuộn tới phần tử: [[ChromeDriver: chrome on windows (655af33f9f4a35c9da9004ebf3a6ccb7)] -> xpath: //strong[text()='Sub-Total:']/parent::td/following-sibling::td]
[ERROR] 18-02-2026 12:48:38 [main] Log - Test case verifyCartTotalPrice is failed.
[ERROR] 18-02-2026 12:48:39 [main] Log - org.openqa.selenium.InvalidSelectorException: invalid selector: Unable to locate an element with the xpath expression //strong[text(),'VAT (20%):']/parent::td/following-sibling::td because of the following error:
SyntaxError: Failed to execute 'evaluate' on 'Document': The string '//strong[text(),'VAT (20%):']/parent::td/following-sibling::td' is not a valid XPath expression.
  (Session info: chrome=144.0.7559.134)
For documentation on this error, please visit: https://www.selenium.dev/documentation/webdriver/troubleshooting/errors#invalid-selector-exception
Build info: version: '4.29.0', revision: '5fc1ec94cb'
System info: os.name: 'Windows 11', os.arch: 'amd64', os.version: '10.0', java.version: '17.0.12'
Driver info: org.openqa.selenium.chrome.ChromeDriver
Command: [655af33f9f4a35c9da9004ebf3a6ccb7, findElement {using=xpath, value=//strong[text(),'VAT (20%):']/parent::td/following-sibling::td}]
Capabilities {acceptInsecureCerts: false, browserName: chrome, browserVersion: 144.0.7559.134, chrome: {chromedriverVersion: 144.0.7559.133 (7da823b1d59..., userDataDir: C:\Users\velvet\AppData\Loc...}, fedcm:accounts: true, goog:chromeOptions: {debuggerAddress: localhost:53171}, goog:processID: 17184, networkConnectionEnabled: false, pageLoadStrategy: normal, platformName: windows, proxy: Proxy(), se:cdp: ws://localhost:53171/devtoo..., se:cdpVersion: 144.0.7559.134, setWindowRect: true, strictFileInteractability: false, timeouts: {implicit: 0, pageLoad: 300000, script: 30000}, unhandledPromptBehavior: dismiss and notify, webauthn:extension:credBlob: true, webauthn:extension:largeBlob: true, webauthn:extension:minPinLength: true, webauthn:extension:prf: true, webauthn:virtualAuthenticators: true}
Session ID: 655af33f9f4a35c9da9004ebf3a6ccb7
[INFO] 18-02-2026 12:48:41 [main] Log - End testing AutomationOpenCart
[INFO] 18-02-2026 12:49:31 [main] Log - Khởi tạo trình duyệt: chrome
[INFO] 18-02-2026 12:49:37 [main] Log - Running test case verifyCartTotalPrice
[INFO] 18-02-2026 12:49:38 [main] Log - Cuộn tới phần tử: [[ChromeDriver: chrome on windows (413e64ffd3c5c5ba39d00f935de62f6c)] -> xpath: //strong[text()='Sub-Total:']/parent::td/following-sibling::td]
[ERROR] 18-02-2026 12:49:38 [main] Log - Test case verifyCartTotalPrice is failed.
[ERROR] 18-02-2026 12:49:38 [main] Log - org.openqa.selenium.InvalidSelectorException: invalid selector: Unable to locate an element with the xpath expression //strong[text(),'VAT (20%):	']/parent::td/following-sibling::td because of the following error:
SyntaxError: Failed to execute 'evaluate' on 'Document': The string '//strong[text(),'VAT (20%):	']/parent::td/following-sibling::td' is not a valid XPath expression.
  (Session info: chrome=144.0.7559.134)
For documentation on this error, please visit: https://www.selenium.dev/documentation/webdriver/troubleshooting/errors#invalid-selector-exception
Build info: version: '4.29.0', revision: '5fc1ec94cb'
System info: os.name: 'Windows 11', os.arch: 'amd64', os.version: '10.0', java.version: '17.0.12'
Driver info: org.openqa.selenium.chrome.ChromeDriver
Command: [413e64ffd3c5c5ba39d00f935de62f6c, findElement {value=//strong[text(),'VAT (20%):	']/parent::td/following-sibling::td, using=xpath}]
Capabilities {acceptInsecureCerts: false, browserName: chrome, browserVersion: 144.0.7559.134, chrome: {chromedriverVersion: 144.0.7559.133 (7da823b1d59..., userDataDir: C:\Users\velvet\AppData\Loc...}, fedcm:accounts: true, goog:chromeOptions: {debuggerAddress: localhost:57346}, goog:processID: 9876, networkConnectionEnabled: false, pageLoadStrategy: normal, platformName: windows, proxy: Proxy(), se:cdp: ws://localhost:57346/devtoo..., se:cdpVersion: 144.0.7559.134, setWindowRect: true, strictFileInteractability: false, timeouts: {implicit: 0, pageLoad: 300000, script: 30000}, unhandledPromptBehavior: dismiss and notify, webauthn:extension:credBlob: true, webauthn:extension:largeBlob: true, webauthn:extension:minPinLength: true, webauthn:extension:prf: true, webauthn:virtualAuthenticators: true}
Session ID: 413e64ffd3c5c5ba39d00f935de62f6c
[INFO] 18-02-2026 12:49:41 [main] Log - End testing AutomationOpenCart
[INFO] 18-02-2026 12:50:58 [main] Log - Khởi tạo trình duyệt: chrome
[INFO] 18-02-2026 12:51:05 [main] Log - Running test case verifyCartTotalPrice
[INFO] 18-02-2026 12:51:09 [main] Log - Cuộn tới phần tử: [[ChromeDriver: chrome on windows (d5a75b2456b36e713d59553ae5986316)] -> xpath: //strong[text()='Sub-Total:']/parent::td/following-sibling::td]
[INFO] 18-02-2026 12:51:10 [main] Log - Đang xác thực giá trị đúng...

[INFO] 18-02-2026 12:51:10 [main] Log - Giá trị đúng
[INFO] 18-02-2026 12:51:10 [main] Log - Test case verifyCartTotalPrice is passed.
[INFO] 18-02-2026 12:51:13 [main] Log - End testing AutomationOpenCart
[INFO] 21-02-2026 14:20:45 [main] Log - Khởi tạo trình duyệt: chrome
[INFO] 21-02-2026 14:21:02 [main] Log - Cuộn tới phần tử: [[ChromeDriver: chrome on windows (49e40b329ab4f9d86261e823d6b461b6)] -> xpath: //nav[@id='top']//li[4]]
[INFO] 21-02-2026 14:21:02 [main] Log - Running test case verifyProductsAddedToCart
[INFO] 21-02-2026 14:21:03 [main] Log - Đang xác thực giá trị đúng...

[INFO] 21-02-2026 14:21:03 [main] Log - Giá trị đúng
[INFO] 21-02-2026 14:21:03 [main] Log - Đang xác thực giá trị đúng...

[INFO] 21-02-2026 14:21:03 [main] Log - Giá trị đúng
[INFO] 21-02-2026 14:21:03 [main] Log - Test case verifyProductsAddedToCart is passed.
[INFO] 21-02-2026 14:21:07 [main] Log - Running test case verifyUpdateQuantityUpdatesTotalPrice
[INFO] 21-02-2026 14:21:18 [main] Log - Đang xác thực giá trị bằng nhau...
 - Thực tế: 1324.0
 - Kỳ vọng: 1324.0
[INFO] 21-02-2026 14:21:18 [main] Log - Test case verifyUpdateQuantityUpdatesTotalPrice is passed.
[INFO] 21-02-2026 14:21:21 [main] Log - Running test case verifyRemoveProduct
[INFO] 21-02-2026 14:21:32 [main] Log - Test case verifyRemoveProduct is passed.
[INFO] 21-02-2026 14:21:34 [main] Log - Running test case verifyReloadKeepsCartState
[INFO] 21-02-2026 14:21:35 [main] Log - Đang xác thực giá trị bằng nhau...
 - Thực tế: 3
 - Kỳ vọng: 3
[INFO] 21-02-2026 14:21:35 [main] Log - Test case verifyReloadKeepsCartState is passed.
[INFO] 21-02-2026 14:21:38 [main] Log - Running test case verifyQuantityZero
[ERROR] 21-02-2026 14:21:48 [main] Log - Test case verifyQuantityZero is failed.
[ERROR] 21-02-2026 14:21:49 [main] Log - org.openqa.selenium.NoSuchElementException: no such element: Unable to locate element: {"method":"xpath","selector":"//div[@class='table-responsive']//tbody/tr[.//a[normalize-space()='MacBook']]"}
  (Session info: chrome=145.0.7632.76)
For documentation on this error, please visit: https://www.selenium.dev/documentation/webdriver/troubleshooting/errors#no-such-element-exception
Build info: version: '4.29.0', revision: '5fc1ec94cb'
System info: os.name: 'Windows 11', os.arch: 'amd64', os.version: '10.0', java.version: '17.0.12'
Driver info: org.openqa.selenium.chrome.ChromeDriver
Command: [49e40b329ab4f9d86261e823d6b461b6, findElement {value=//div[@class='table-responsive']//tbody/tr[.//a[normalize-space()='MacBook']], using=xpath}]
Capabilities {acceptInsecureCerts: false, browserName: chrome, browserVersion: 145.0.7632.76, chrome: {chromedriverVersion: 145.0.7632.77 (da516187054a..., userDataDir: C:\Users\velvet\AppData\Loc...}, fedcm:accounts: true, goog:chromeOptions: {debuggerAddress: localhost:54387}, goog:processID: 15720, networkConnectionEnabled: false, pageLoadStrategy: normal, platformName: windows, proxy: Proxy(), se:cdp: ws://localhost:54387/devtoo..., se:cdpVersion: 145.0.7632.76, setWindowRect: true, strictFileInteractability: false, timeouts: {implicit: 0, pageLoad: 300000, script: 30000}, unhandledPromptBehavior: dismiss and notify, webauthn:extension:credBlob: true, webauthn:extension:largeBlob: true, webauthn:extension:minPinLength: true, webauthn:extension:prf: true, webauthn:virtualAuthenticators: true}
Session ID: 49e40b329ab4f9d86261e823d6b461b6
[INFO] 21-02-2026 14:21:53 [main] Log - Running test case verifyNegativeQuantity
[INFO] 21-02-2026 14:22:05 [main] Log - Cuộn tới phần tử: [[ChromeDriver: chrome on windows (49e40b329ab4f9d86261e823d6b461b6)] -> xpath: //nav[@id='top']//li[4]]
[INFO] 21-02-2026 14:22:16 [main] Log - Đang xác thực giá trị đúng...

[INFO] 21-02-2026 14:22:16 [main] Log - Giá trị đúng
[INFO] 21-02-2026 14:22:16 [main] Log - Test case verifyNegativeQuantity is passed.
[INFO] 21-02-2026 14:22:18 [main] Log - Running test case verifyInvalidQuantityText
[INFO] 21-02-2026 14:22:30 [main] Log - Cuộn tới phần tử: [[ChromeDriver: chrome on windows (49e40b329ab4f9d86261e823d6b461b6)] -> xpath: //nav[@id='top']//li[4]]
[INFO] 21-02-2026 14:22:42 [main] Log - Đang xác thực giá trị đúng...

[INFO] 21-02-2026 14:22:42 [main] Log - Giá trị đúng
[INFO] 21-02-2026 14:22:42 [main] Log - Test case verifyInvalidQuantityText is passed.
[INFO] 21-02-2026 14:22:44 [main] Log - Running test case verifyCartTotalPrice
[ERROR] 21-02-2026 14:22:54 [main] Log - Test case verifyCartTotalPrice is failed.
[ERROR] 21-02-2026 14:22:55 [main] Log - org.openqa.selenium.NoSuchElementException: no such element: Unable to locate element: {"method":"xpath","selector":"//strong[text()='Sub-Total:']/parent::td/following-sibling::td"}
  (Session info: chrome=145.0.7632.76)
For documentation on this error, please visit: https://www.selenium.dev/documentation/webdriver/troubleshooting/errors#no-such-element-exception
Build info: version: '4.29.0', revision: '5fc1ec94cb'
System info: os.name: 'Windows 11', os.arch: 'amd64', os.version: '10.0', java.version: '17.0.12'
Driver info: org.openqa.selenium.chrome.ChromeDriver
Command: [49e40b329ab4f9d86261e823d6b461b6, findElement {value=//strong[text()='Sub-Total:']/parent::td/following-sibling::td, using=xpath}]
Capabilities {acceptInsecureCerts: false, browserName: chrome, browserVersion: 145.0.7632.76, chrome: {chromedriverVersion: 145.0.7632.77 (da516187054a..., userDataDir: C:\Users\velvet\AppData\Loc...}, fedcm:accounts: true, goog:chromeOptions: {debuggerAddress: localhost:54387}, goog:processID: 15720, networkConnectionEnabled: false, pageLoadStrategy: normal, platformName: windows, proxy: Proxy(), se:cdp: ws://localhost:54387/devtoo..., se:cdpVersion: 145.0.7632.76, setWindowRect: true, strictFileInteractability: false, timeouts: {implicit: 0, pageLoad: 300000, script: 30000}, unhandledPromptBehavior: dismiss and notify, webauthn:extension:credBlob: true, webauthn:extension:largeBlob: true, webauthn:extension:minPinLength: true, webauthn:extension:prf: true, webauthn:virtualAuthenticators: true}
Session ID: 49e40b329ab4f9d86261e823d6b461b6
[INFO] 21-02-2026 14:22:58 [main] Log - End testing AutomationOpenCart
[INFO] 21-02-2026 15:51:01 [main] Log - Khởi tạo trình duyệt: chrome
[INFO] 21-02-2026 15:51:06 [main] Log - Running test case guestCheckoutSuccess
[INFO] 21-02-2026 15:51:09 [main] Log - Cuộn tới phần tử: [[ChromeDriver: chrome on windows (bae97b2da71069d85aba259e08403f41)] -> xpath: //nav[@id='top']//li[4]]
[INFO] 21-02-2026 15:51:11 [main] Log - Cuộn tới phần tử: [[ChromeDriver: chrome on windows (bae97b2da71069d85aba259e08403f41)] -> id: input-payment-firstname]
[ERROR] 21-02-2026 15:51:22 [main] Log - Test case guestCheckoutSuccess is failed.
[ERROR] 21-02-2026 15:51:22 [main] Log - org.openqa.selenium.NoSuchElementException: Cannot locate option with text: Vietnam
For documentation on this error, please visit: https://www.selenium.dev/documentation/webdriver/troubleshooting/errors#no-such-element-exception
Build info: version: '4.29.0', revision: '5fc1ec94cb'
System info: os.name: 'Windows 11', os.arch: 'amd64', os.version: '10.0', java.version: '17.0.12'
Driver info: driver.version: unknown
[INFO] 21-02-2026 15:51:26 [main] Log - End testing AutomationOpenCart
[INFO] 21-02-2026 15:52:36 [main] Log - Khởi tạo trình duyệt: chrome
[INFO] 21-02-2026 15:52:39 [main] Log - Running test case guestCheckoutSuccess
[INFO] 21-02-2026 15:52:41 [main] Log - Cuộn tới phần tử: [[ChromeDriver: chrome on windows (a7e488ff54bf0914c3fd9bb22e9fa51b)] -> xpath: //nav[@id='top']//li[4]]
[INFO] 21-02-2026 15:52:43 [main] Log - Cuộn tới phần tử: [[ChromeDriver: chrome on windows (a7e488ff54bf0914c3fd9bb22e9fa51b)] -> id: input-payment-firstname]
[ERROR] 21-02-2026 15:54:17 [main] Log - Hết thời gian chờ phần tử có thể click: Proxy element for: AjaxElementLocator 'By.id: button-shipping-method'
[ERROR] 21-02-2026 15:54:47 [main] Log - Test case guestCheckoutSuccess is failed.
[ERROR] 21-02-2026 15:54:47 [main] Log - java.lang.RuntimeException: Không thể tìm thấy phần tử có thể click: Proxy element for: AjaxElementLocator 'By.id: button-shipping-method'
[INFO] 21-02-2026 15:54:58 [main] Log - End testing AutomationOpenCart
[INFO] 21-02-2026 15:55:49 [main] Log - Khởi tạo trình duyệt: chrome
[INFO] 21-02-2026 15:55:52 [main] Log - Running test case guestCheckoutSuccess
[INFO] 21-02-2026 15:55:55 [main] Log - Cuộn tới phần tử: [[ChromeDriver: chrome on windows (9fe2e44d511802cac7d374a06319b8e6)] -> xpath: //nav[@id='top']//li[4]]
[INFO] 21-02-2026 15:55:57 [main] Log - Cuộn tới phần tử: [[ChromeDriver: chrome on windows (9fe2e44d511802cac7d374a06319b8e6)] -> id: input-payment-firstname]
[ERROR] 21-02-2026 15:56:17 [main] Log - Test case guestCheckoutSuccess is failed.
[ERROR] 21-02-2026 15:56:17 [main] Log - Test case guestCheckoutSuccess is failed.
[INFO] 21-02-2026 15:56:17 [main] Log - End testing AutomationOpenCart
[INFO] 21-02-2026 15:57:19 [main] Log - Khởi tạo trình duyệt: chrome
[INFO] 21-02-2026 15:57:22 [main] Log - Running test case guestCheckoutSuccess
[INFO] 21-02-2026 15:57:24 [main] Log - Cuộn tới phần tử: [[ChromeDriver: chrome on windows (05bba0999c69ca7a628b702d93fa2c2d)] -> xpath: //nav[@id='top']//li[4]]
[INFO] 21-02-2026 15:57:26 [main] Log - Cuộn tới phần tử: [[ChromeDriver: chrome on windows (05bba0999c69ca7a628b702d93fa2c2d)] -> id: input-payment-firstname]
[ERROR] 21-02-2026 15:58:17 [main] Log - Test case guestCheckoutSuccess is failed.
[ERROR] 21-02-2026 15:58:17 [main] Log - Test case guestCheckoutSuccess is failed.
[INFO] 21-02-2026 15:58:17 [main] Log - End testing AutomationOpenCart
[INFO] 21-02-2026 15:59:20 [main] Log - Khởi tạo trình duyệt: chrome
[INFO] 21-02-2026 15:59:23 [main] Log - Running test case guestCheckoutSuccess
[INFO] 21-02-2026 15:59:25 [main] Log - Cuộn tới phần tử: [[ChromeDriver: chrome on windows (3abea95eee4cb0328860db923ac40d08)] -> xpath: //nav[@id='top']//li[4]]
[INFO] 21-02-2026 15:59:38 [main] Log - Cuộn tới phần tử: [[ChromeDriver: chrome on windows (3abea95eee4cb0328860db923ac40d08)] -> id: input-payment-firstname]
[ERROR] 21-02-2026 15:59:57 [main] Log - Test case guestCheckoutSuccess is failed.
[ERROR] 21-02-2026 15:59:57 [main] Log - Test case guestCheckoutSuccess is failed.
[INFO] 21-02-2026 15:59:57 [main] Log - End testing AutomationOpenCart
[INFO] 21-02-2026 16:02:50 [main] Log - Khởi tạo trình duyệt: chrome
[INFO] 21-02-2026 16:02:54 [main] Log - Running test case guestCheckoutSuccess
[INFO] 21-02-2026 16:02:56 [main] Log - Cuộn tới phần tử: [[ChromeDriver: chrome on windows (12548eda273e208a0d4958bee9b44b41)] -> xpath: //nav[@id='top']//li[4]]
[INFO] 21-02-2026 16:02:59 [main] Log - Cuộn tới phần tử: [[ChromeDriver: chrome on windows (12548eda273e208a0d4958bee9b44b41)] -> id: input-payment-firstname]
[ERROR] 21-02-2026 16:04:32 [main] Log - Hết thời gian chờ phần tử có thể click: Proxy element for: AjaxElementLocator 'By.id: button-shipping-method'
[ERROR] 21-02-2026 16:05:02 [main] Log - Test case guestCheckoutSuccess is failed.
[ERROR] 21-02-2026 16:05:03 [main] Log - java.lang.RuntimeException: Không thể tìm thấy phần tử có thể click: Proxy element for: AjaxElementLocator 'By.id: button-shipping-method'
[INFO] 21-02-2026 16:05:06 [main] Log - End testing AutomationOpenCart
[INFO] 21-02-2026 16:07:50 [main] Log - Khởi tạo trình duyệt: chrome
[INFO] 21-02-2026 16:07:54 [main] Log - Running test case guestCheckoutSuccess
[INFO] 21-02-2026 16:07:56 [main] Log - Cuộn tới phần tử: [[ChromeDriver: chrome on windows (82768b3745525e9144f444d8a2f89ba5)] -> xpath: //nav[@id='top']//li[4]]
[INFO] 21-02-2026 16:08:03 [main] Log - Cuộn tới phần tử: [[ChromeDriver: chrome on windows (82768b3745525e9144f444d8a2f89ba5)] -> id: input-payment-firstname]
[ERROR] 21-02-2026 16:09:36 [main] Log - Hết thời gian chờ phần tử có thể click: Proxy element for: AjaxElementLocator 'By.id: button-shipping-method'
[ERROR] 21-02-2026 16:10:07 [main] Log - Test case guestCheckoutSuccess is failed.
[ERROR] 21-02-2026 16:10:07 [main] Log - java.lang.RuntimeException: Không thể tìm thấy phần tử có thể click: Proxy element for: AjaxElementLocator 'By.id: button-shipping-method'
[INFO] 21-02-2026 16:10:10 [main] Log - End testing AutomationOpenCart
[INFO] 21-02-2026 16:11:37 [main] Log - Khởi tạo trình duyệt: chrome
[INFO] 21-02-2026 16:11:41 [main] Log - Running test case guestCheckoutSuccess
[INFO] 21-02-2026 16:11:43 [main] Log - Cuộn tới phần tử: [[ChromeDriver: chrome on windows (4fd71ecbe93988b8e171dcdadb3d7597)] -> xpath: //nav[@id='top']//li[4]]
[INFO] 21-02-2026 16:11:52 [main] Log - Cuộn tới phần tử: [[ChromeDriver: chrome on windows (4fd71ecbe93988b8e171dcdadb3d7597)] -> id: input-payment-firstname]
[ERROR] 21-02-2026 16:12:03 [main] Log - Test case guestCheckoutSuccess is failed.
[ERROR] 21-02-2026 16:12:03 [main] Log - Test case guestCheckoutSuccess is failed.
[INFO] 21-02-2026 16:12:03 [main] Log - End testing AutomationOpenCart
[INFO] 21-02-2026 16:13:34 [main] Log - Khởi tạo trình duyệt: chrome
[INFO] 21-02-2026 16:13:37 [main] Log - Running test case guestCheckoutSuccess
[INFO] 21-02-2026 16:13:39 [main] Log - Cuộn tới phần tử: [[ChromeDriver: chrome on windows (cecdcadd57ede99d7dec405394d3e22c)] -> xpath: //nav[@id='top']//li[4]]
[INFO] 21-02-2026 16:13:41 [main] Log - Cuộn tới phần tử: [[ChromeDriver: chrome on windows (cecdcadd57ede99d7dec405394d3e22c)] -> id: input-payment-firstname]
[ERROR] 21-02-2026 16:14:24 [main] Log - Test case guestCheckoutSuccess is failed.
[ERROR] 21-02-2026 16:14:24 [main] Log - Test case guestCheckoutSuccess is failed.
[INFO] 21-02-2026 16:14:24 [main] Log - End testing AutomationOpenCart
[INFO] 21-02-2026 16:14:36 [main] Log - Khởi tạo trình duyệt: chrome
[INFO] 21-02-2026 16:14:39 [main] Log - Running test case guestCheckoutSuccess
[INFO] 21-02-2026 16:14:41 [main] Log - Cuộn tới phần tử: [[ChromeDriver: chrome on windows (95fcbdf2ac047f92ea7636758a986daf)] -> xpath: //nav[@id='top']//li[4]]
[INFO] 21-02-2026 16:14:51 [main] Log - Cuộn tới phần tử: [[ChromeDriver: chrome on windows (95fcbdf2ac047f92ea7636758a986daf)] -> id: input-payment-firstname]
[ERROR] 21-02-2026 16:14:58 [main] Log - Test case guestCheckoutSuccess is failed.
[ERROR] 21-02-2026 16:14:58 [main] Log - Test case guestCheckoutSuccess is failed.
[INFO] 21-02-2026 16:14:58 [main] Log - End testing AutomationOpenCart
[INFO] 21-02-2026 16:17:36 [main] Log - Khởi tạo trình duyệt: chrome
[INFO] 21-02-2026 16:17:39 [main] Log - Running test case guestCheckoutSuccess
[INFO] 21-02-2026 16:17:41 [main] Log - Cuộn tới phần tử: [[ChromeDriver: chrome on windows (d346c298a3d705cc7dbe2287a0a98c5f)] -> xpath: //nav[@id='top']//li[4]]
[INFO] 21-02-2026 16:17:43 [main] Log - Cuộn tới phần tử: [[ChromeDriver: chrome on windows (d346c298a3d705cc7dbe2287a0a98c5f)] -> id: input-payment-firstname]
[ERROR] 21-02-2026 16:19:16 [main] Log - Hết thời gian chờ phần tử có thể click: Proxy element for: AjaxElementLocator 'By.id: button-shipping-method'
[ERROR] 21-02-2026 16:19:46 [main] Log - Test case guestCheckoutSuccess is failed.
[ERROR] 21-02-2026 16:19:47 [main] Log - java.lang.RuntimeException: Không thể tìm thấy phần tử có thể click: Proxy element for: AjaxElementLocator 'By.id: button-shipping-method'
[INFO] 21-02-2026 16:19:51 [main] Log - End testing AutomationOpenCart
[INFO] 21-02-2026 16:20:40 [main] Log - Khởi tạo trình duyệt: chrome
[INFO] 21-02-2026 16:20:45 [main] Log - Running test case checkoutWithAccountSuccess
[INFO] 21-02-2026 16:21:29 [main] Log - Khởi tạo trình duyệt: chrome
[INFO] 21-02-2026 16:21:32 [main] Log - Running test case checkoutWithAccountSuccess
[INFO] 21-02-2026 16:21:34 [main] Log - Cuộn tới phần tử: [[ChromeDriver: chrome on windows (8e6da73051000963af6a896df1995583)] -> xpath: //nav[@id='top']//li[4]]
[ERROR] 21-02-2026 16:21:44 [main] Log - Test case checkoutWithAccountSuccess is failed.
[ERROR] 21-02-2026 16:21:45 [main] Log - org.openqa.selenium.ElementClickInterceptedException: element click intercepted: Element <input type="button" value="Login" id="button-login" data-loading-text="Loading..." class="btn btn-primary"> is not clickable at point (803, 570). Other element would receive the click: <div class="panel-heading">...</div>
  (Session info: chrome=145.0.7632.76)
Build info: version: '4.29.0', revision: '5fc1ec94cb'
System info: os.name: 'Windows 11', os.arch: 'amd64', os.version: '10.0', java.version: '17.0.12'
Driver info: org.openqa.selenium.chrome.ChromeDriver
Command: [8e6da73051000963af6a896df1995583, clickElement {id=f.E5B06D6B055E548C638439CFD4F580CA.d.6C45B5AF10B75EEF6197CA65BB94AD70.e.149}]
Capabilities {acceptInsecureCerts: false, browserName: chrome, browserVersion: 145.0.7632.76, chrome: {chromedriverVersion: 145.0.7632.77 (da516187054a..., userDataDir: C:\Users\velvet\AppData\Loc...}, fedcm:accounts: true, goog:chromeOptions: {debuggerAddress: localhost:61570}, goog:processID: 9260, networkConnectionEnabled: false, pageLoadStrategy: normal, platformName: windows, proxy: Proxy(), se:cdp: ws://localhost:61570/devtoo..., se:cdpVersion: 145.0.7632.76, setWindowRect: true, strictFileInteractability: false, timeouts: {implicit: 0, pageLoad: 300000, script: 30000}, unhandledPromptBehavior: dismiss and notify, webauthn:extension:credBlob: true, webauthn:extension:largeBlob: true, webauthn:extension:minPinLength: true, webauthn:extension:prf: true, webauthn:virtualAuthenticators: true}
Element: [[ChromeDriver: chrome on windows (8e6da73051000963af6a896df1995583)] -> xpath: //input[@value='Login']]
Session ID: 8e6da73051000963af6a896df1995583
[INFO] 21-02-2026 16:21:48 [main] Log - End testing AutomationOpenCart
[INFO] 21-02-2026 16:26:00 [main] Log - Khởi tạo trình duyệt: chrome
[INFO] 21-02-2026 16:26:03 [main] Log - Running test case guestCheckoutSuccess
[INFO] 21-02-2026 16:26:05 [main] Log - Cuộn tới phần tử: [[ChromeDriver: chrome on windows (be48f3e4be59e30f93499ee261ff52a3)] -> xpath: //nav[@id='top']//li[4]]
[INFO] 21-02-2026 16:26:08 [main] Log - Cuộn tới phần tử: [[ChromeDriver: chrome on windows (be48f3e4be59e30f93499ee261ff52a3)] -> id: input-payment-firstname]
[ERROR] 21-02-2026 16:27:40 [main] Log - Hết thời gian chờ phần tử có thể click: Proxy element for: AjaxElementLocator 'By.id: button-shipping-method'
[ERROR] 21-02-2026 16:28:11 [main] Log - Test case guestCheckoutSuccess is failed.
[ERROR] 21-02-2026 16:28:11 [main] Log - java.lang.RuntimeException: Không thể tìm thấy phần tử có thể click: Proxy element for: AjaxElementLocator 'By.id: button-shipping-method'
[INFO] 21-02-2026 16:28:20 [main] Log - End testing AutomationOpenCart
[INFO] 21-02-2026 16:30:23 [main] Log - Khởi tạo trình duyệt: chrome
[INFO] 21-02-2026 16:30:27 [main] Log - Running test case guestCheckoutSuccess
[INFO] 21-02-2026 16:30:29 [main] Log - Cuộn tới phần tử: [[ChromeDriver: chrome on windows (42fda0b182e8f5ae531df371a58b82d6)] -> xpath: //nav[@id='top']//li[4]]
[INFO] 21-02-2026 16:30:31 [main] Log - Cuộn tới phần tử: [[ChromeDriver: chrome on windows (42fda0b182e8f5ae531df371a58b82d6)] -> id: input-payment-firstname]
[ERROR] 21-02-2026 16:31:17 [main] Log - Test case guestCheckoutSuccess is failed.
[ERROR] 21-02-2026 16:31:17 [main] Log - Test case guestCheckoutSuccess is failed.
[INFO] 21-02-2026 16:31:17 [main] Log - End testing AutomationOpenCart
[INFO] 21-02-2026 16:33:27 [main] Log - Khởi tạo trình duyệt: chrome
[INFO] 21-02-2026 16:33:30 [main] Log - Running test case checkoutWithAccountSuccess
[INFO] 21-02-2026 16:33:32 [main] Log - Cuộn tới phần tử: [[ChromeDriver: chrome on windows (a7baa67add8469279266797e897417f5)] -> xpath: //nav[@id='top']//li[4]]
[ERROR] 21-02-2026 16:34:02 [main] Log - Test case checkoutWithAccountSuccess is failed.
[ERROR] 21-02-2026 16:34:02 [main] Log - Test case checkoutWithAccountSuccess is failed.
[INFO] 21-02-2026 16:34:02 [main] Log - End testing AutomationOpenCart
[INFO] 22-02-2026 11:34:31 [main] Log - Khởi tạo trình duyệt: chrome
[INFO] 22-02-2026 11:34:44 [main] Log - Running test case guestCheckoutSuccess
[INFO] 22-02-2026 11:34:46 [main] Log - Cuộn tới phần tử: [[ChromeDriver: chrome on windows (05c24500a02365e26237d094beac8d89)] -> xpath: //nav[@id='top']//li[4]]
[INFO] 22-02-2026 11:34:49 [main] Log - Cuộn tới phần tử: [[ChromeDriver: chrome on windows (05c24500a02365e26237d094beac8d89)] -> id: input-payment-firstname]
[ERROR] 22-02-2026 11:35:23 [main] Log - Test case guestCheckoutSuccess is failed.
[ERROR] 22-02-2026 11:35:23 [main] Log - org.openqa.selenium.NoSuchElementException: Timed out after 5 seconds. Unable to locate the element
[INFO] 22-02-2026 11:35:28 [main] Log - End testing AutomationOpenCart
[INFO] 22-02-2026 11:41:02 [main] Log - Khởi tạo trình duyệt: chrome
[INFO] 22-02-2026 11:41:06 [main] Log - Running test case guestCheckoutSuccess
[INFO] 22-02-2026 11:41:08 [main] Log - Cuộn tới phần tử: [[ChromeDriver: chrome on windows (e46088df98bb650bfe7773b2e29bb93b)] -> xpath: //nav[@id='top']//li[4]]
[INFO] 22-02-2026 11:41:10 [main] Log - Cuộn tới phần tử: [[ChromeDriver: chrome on windows (e46088df98bb650bfe7773b2e29bb93b)] -> id: input-payment-firstname]
[ERROR] 22-02-2026 11:41:14 [main] Log - Test case guestCheckoutSuccess is failed.
[ERROR] 22-02-2026 11:41:14 [main] Log - java.lang.NumberFormatException: empty String
[INFO] 22-02-2026 11:41:18 [main] Log - End testing AutomationOpenCart
[INFO] 22-02-2026 11:44:57 [main] Log - Khởi tạo trình duyệt: chrome
[INFO] 22-02-2026 11:45:00 [main] Log - Running test case guestCheckoutSuccess
[INFO] 22-02-2026 11:45:03 [main] Log - Cuộn tới phần tử: [[ChromeDriver: chrome on windows (adc9a13cfe441fb0fe2f5a919a0b3d9e)] -> xpath: //nav[@id='top']//li[4]]
[INFO] 22-02-2026 11:45:04 [main] Log - Cuộn tới phần tử: [[ChromeDriver: chrome on windows (adc9a13cfe441fb0fe2f5a919a0b3d9e)] -> id: input-payment-firstname]
[ERROR] 22-02-2026 11:45:08 [main] Log - Test case guestCheckoutSuccess is failed.
[ERROR] 22-02-2026 11:45:09 [main] Log - java.lang.NumberFormatException: empty String
[INFO] 22-02-2026 11:45:12 [main] Log - End testing AutomationOpenCart
[INFO] 22-02-2026 11:49:01 [main] Log - Khởi tạo trình duyệt: chrome
[INFO] 22-02-2026 11:49:04 [main] Log - Running test case guestCheckoutSuccess
[INFO] 22-02-2026 11:49:07 [main] Log - Cuộn tới phần tử: [[ChromeDriver: chrome on windows (87b2e6383f4b4a0d325d6ad6cd4e1c6e)] -> xpath: //nav[@id='top']//li[4]]
[INFO] 22-02-2026 11:49:09 [main] Log - Cuộn tới phần tử: [[ChromeDriver: chrome on windows (87b2e6383f4b4a0d325d6ad6cd4e1c6e)] -> id: input-payment-firstname]
[INFO] 22-02-2026 11:49:14 [main] Log - Đang xác thực giá trị đúng...

[INFO] 22-02-2026 11:49:14 [main] Log - Giá trị đúng
[INFO] 22-02-2026 11:49:14 [main] Log - Đang xác thực giá trị đúng...

[ERROR] 22-02-2026 11:49:14 [main] Log - Test case guestCheckoutSuccess is failed.
[ERROR] 22-02-2026 11:49:15 [main] Log - java.lang.RuntimeException: Kiểm tra thất bại: Lỗi: Thanh toán thất bại!
[INFO] 22-02-2026 11:49:19 [main] Log - End testing AutomationOpenCart
[INFO] 22-02-2026 11:50:11 [main] Log - Khởi tạo trình duyệt: chrome
[INFO] 22-02-2026 11:50:14 [main] Log - Running test case guestCheckoutSuccess
[INFO] 22-02-2026 11:50:16 [main] Log - Cuộn tới phần tử: [[ChromeDriver: chrome on windows (b194b6dbe7b97e1e733f39ee15e4b3cd)] -> xpath: //nav[@id='top']//li[4]]
[INFO] 22-02-2026 11:50:25 [main] Log - Cuộn tới phần tử: [[ChromeDriver: chrome on windows (b194b6dbe7b97e1e733f39ee15e4b3cd)] -> id: input-payment-firstname]
[INFO] 22-02-2026 11:50:29 [main] Log - Đang xác thực giá trị đúng...

[INFO] 22-02-2026 11:50:29 [main] Log - Giá trị đúng
[INFO] 22-02-2026 11:50:29 [main] Log - Đang xác thực giá trị đúng...

[ERROR] 22-02-2026 11:50:29 [main] Log - Test case guestCheckoutSuccess is failed.
[ERROR] 22-02-2026 11:50:29 [main] Log - java.lang.RuntimeException: Kiểm tra thất bại: Lỗi: Thanh toán thất bại!
[INFO] 22-02-2026 11:50:33 [main] Log - End testing AutomationOpenCart
[INFO] 22-02-2026 11:51:12 [main] Log - Khởi tạo trình duyệt: chrome
[INFO] 22-02-2026 11:51:17 [main] Log - Running test case guestCheckoutSuccess
[INFO] 22-02-2026 11:51:19 [main] Log - Cuộn tới phần tử: [[ChromeDriver: chrome on windows (1edf0ca76bfe6d4281c9de2052f8115a)] -> xpath: //nav[@id='top']//li[4]]
[INFO] 22-02-2026 11:51:22 [main] Log - Cuộn tới phần tử: [[ChromeDriver: chrome on windows (1edf0ca76bfe6d4281c9de2052f8115a)] -> id: input-payment-firstname]
[INFO] 22-02-2026 11:51:27 [main] Log - Đang xác thực giá trị đúng...

[INFO] 22-02-2026 11:51:27 [main] Log - Giá trị đúng
[INFO] 22-02-2026 11:51:27 [main] Log - Đang xác thực giá trị đúng...

[ERROR] 22-02-2026 11:51:27 [main] Log - Test case guestCheckoutSuccess is failed.
[ERROR] 22-02-2026 11:51:27 [main] Log - java.lang.RuntimeException: Kiểm tra thất bại: Lỗi: Thanh toán thất bại!
[INFO] 22-02-2026 11:51:31 [main] Log - End testing AutomationOpenCart
[INFO] 22-02-2026 11:55:26 [main] Log - Khởi tạo trình duyệt: chrome
[INFO] 22-02-2026 11:55:30 [main] Log - Running test case guestCheckoutSuccess
[INFO] 22-02-2026 11:55:32 [main] Log - Cuộn tới phần tử: [[ChromeDriver: chrome on windows (771221591e86f930551282a720d23df2)] -> xpath: //nav[@id='top']//li[4]]
[INFO] 22-02-2026 11:55:35 [main] Log - Cuộn tới phần tử: [[ChromeDriver: chrome on windows (771221591e86f930551282a720d23df2)] -> id: input-payment-firstname]
[INFO] 22-02-2026 11:55:39 [main] Log - Đang xác thực giá trị đúng...

[INFO] 22-02-2026 11:55:39 [main] Log - Giá trị đúng
[INFO] 22-02-2026 11:55:39 [main] Log - Đang xác thực giá trị đúng...

[ERROR] 22-02-2026 11:55:39 [main] Log - Test case guestCheckoutSuccess is failed.
[ERROR] 22-02-2026 11:55:40 [main] Log - java.lang.RuntimeException: Kiểm tra thất bại: Lỗi: Thanh toán thất bại!
[INFO] 22-02-2026 11:55:45 [main] Log - End testing AutomationOpenCart
[INFO] 22-02-2026 11:57:22 [main] Log - Khởi tạo trình duyệt: chrome
[INFO] 22-02-2026 11:57:25 [main] Log - Running test case guestCheckoutSuccess
[INFO] 22-02-2026 11:57:27 [main] Log - Cuộn tới phần tử: [[ChromeDriver: chrome on windows (d54a7fdcc8278551ce483223398c1dc6)] -> xpath: //nav[@id='top']//li[4]]
[INFO] 22-02-2026 11:57:29 [main] Log - Cuộn tới phần tử: [[ChromeDriver: chrome on windows (d54a7fdcc8278551ce483223398c1dc6)] -> id: input-payment-firstname]
[INFO] 22-02-2026 11:57:34 [main] Log - Đang xác thực giá trị đúng...

[INFO] 22-02-2026 11:57:34 [main] Log - Giá trị đúng
[INFO] 22-02-2026 11:57:34 [main] Log - Đang xác thực giá trị đúng...

[ERROR] 22-02-2026 11:57:34 [main] Log - Test case guestCheckoutSuccess is failed.
[ERROR] 22-02-2026 11:57:35 [main] Log - java.lang.RuntimeException: Kiểm tra thất bại: Lỗi: Thanh toán thất bại!
[INFO] 22-02-2026 11:57:38 [main] Log - End testing AutomationOpenCart
[INFO] 22-02-2026 11:59:20 [main] Log - Khởi tạo trình duyệt: chrome
[INFO] 22-02-2026 11:59:24 [main] Log - Running test case guestCheckoutSuccess
[INFO] 22-02-2026 11:59:27 [main] Log - Cuộn tới phần tử: [[ChromeDriver: chrome on windows (7d1ff7dbb6a56e661a61441164978c0c)] -> xpath: //nav[@id='top']//li[4]]
[INFO] 22-02-2026 11:59:29 [main] Log - Cuộn tới phần tử: [[ChromeDriver: chrome on windows (7d1ff7dbb6a56e661a61441164978c0c)] -> id: input-payment-firstname]
[INFO] 22-02-2026 11:59:34 [main] Log - Đang xác thực giá trị đúng...

[INFO] 22-02-2026 11:59:34 [main] Log - Giá trị đúng
[INFO] 22-02-2026 11:59:34 [main] Log - Đang xác thực giá trị đúng...

[ERROR] 22-02-2026 11:59:34 [main] Log - Test case guestCheckoutSuccess is failed.
[ERROR] 22-02-2026 11:59:35 [main] Log - java.lang.RuntimeException: Kiểm tra thất bại: Lỗi: Thanh toán thất bại!
[INFO] 22-02-2026 11:59:38 [main] Log - End testing AutomationOpenCart
[INFO] 22-02-2026 12:01:31 [main] Log - Khởi tạo trình duyệt: chrome
[INFO] 22-02-2026 12:01:36 [main] Log - Running test case guestCheckoutSuccess
[INFO] 22-02-2026 12:01:38 [main] Log - Cuộn tới phần tử: [[ChromeDriver: chrome on windows (2118b88be91655c66e70191f81c85352)] -> xpath: //nav[@id='top']//li[4]]
[INFO] 22-02-2026 12:01:47 [main] Log - Cuộn tới phần tử: [[ChromeDriver: chrome on windows (2118b88be91655c66e70191f81c85352)] -> id: input-payment-firstname]
[INFO] 22-02-2026 12:01:53 [main] Log - Đang xác thực giá trị đúng...

[INFO] 22-02-2026 12:01:53 [main] Log - Giá trị đúng
[INFO] 22-02-2026 12:01:53 [main] Log - Đang xác thực giá trị đúng...

[INFO] 22-02-2026 12:01:53 [main] Log - Giá trị đúng
[INFO] 22-02-2026 12:01:53 [main] Log - Test case guestCheckoutSuccess is passed.
[INFO] 22-02-2026 12:01:57 [main] Log - End testing AutomationOpenCart
[INFO] 22-02-2026 12:03:51 [main] Log - Khởi tạo trình duyệt: chrome
[INFO] 22-02-2026 12:03:55 [main] Log - Running test case checkoutWithAccountSuccess
[INFO] 22-02-2026 12:03:57 [main] Log - Cuộn tới phần tử: [[ChromeDriver: chrome on windows (9103f3d73c335a1c15c855f2821d5c4a)] -> xpath: //nav[@id='top']//li[4]]
[ERROR] 22-02-2026 12:04:18 [main] Log - Hết thời gian chờ phần tử có thể click: [[ChromeDriver: chrome on windows (9103f3d73c335a1c15c855f2821d5c4a)] -> id: input-email]
[ERROR] 22-02-2026 12:04:18 [main] Log - Test case checkoutWithAccountSuccess is failed.
[ERROR] 22-02-2026 12:04:19 [main] Log - java.lang.RuntimeException: Không thể tìm thấy phần tử có thể click: [[ChromeDriver: chrome on windows (9103f3d73c335a1c15c855f2821d5c4a)] -> id: input-email]
[INFO] 22-02-2026 12:04:23 [main] Log - End testing AutomationOpenCart
[INFO] 22-02-2026 12:05:21 [main] Log - Khởi tạo trình duyệt: chrome
[INFO] 22-02-2026 12:05:25 [main] Log - Running test case checkoutWithAccountSuccess
[INFO] 22-02-2026 12:05:27 [main] Log - Cuộn tới phần tử: [[ChromeDriver: chrome on windows (1bcf46162126faaa74a5ed00d5d59c7c)] -> xpath: //nav[@id='top']//li[4]]
[ERROR] 22-02-2026 12:06:10 [main] Log - Hết thời gian chờ phần tử có thể click: [[ChromeDriver: chrome on windows (1bcf46162126faaa74a5ed00d5d59c7c)] -> id: button-shipping-method]
[ERROR] 22-02-2026 12:06:10 [main] Log - Test case checkoutWithAccountSuccess is failed.
[ERROR] 22-02-2026 12:06:10 [main] Log - java.lang.RuntimeException: Không thể tìm thấy phần tử có thể click: [[ChromeDriver: chrome on windows (1bcf46162126faaa74a5ed00d5d59c7c)] -> id: button-shipping-method]
[INFO] 22-02-2026 12:06:17 [main] Log - End testing AutomationOpenCart
[INFO] 22-02-2026 12:12:01 [main] Log - Khởi tạo trình duyệt: chrome
[INFO] 22-02-2026 12:12:04 [main] Log - Running test case checkoutWithAccountSuccess
[INFO] 22-02-2026 12:12:06 [main] Log - Cuộn tới phần tử: [[ChromeDriver: chrome on windows (b912fcf96bdf5babd1374ab8bcf7030a)] -> xpath: //nav[@id='top']//li[4]]
[INFO] 22-02-2026 12:12:24 [main] Log - Đang xác thực giá trị đúng...

[INFO] 22-02-2026 12:12:24 [main] Log - Giá trị đúng
[INFO] 22-02-2026 12:12:24 [main] Log - Test case checkoutWithAccountSuccess is passed.
[INFO] 22-02-2026 12:12:28 [main] Log - End testing AutomationOpenCart
[INFO] 22-02-2026 12:13:24 [main] Log - Khởi tạo trình duyệt: chrome
[INFO] 22-02-2026 12:13:29 [main] Log - Running test case checkoutWithAccountSuccess
[INFO] 22-02-2026 12:13:31 [main] Log - Cuộn tới phần tử: [[ChromeDriver: chrome on windows (55227d6193e62d9f6eadd61dc2571fb4)] -> xpath: //nav[@id='top']//li[4]]
[ERROR] 22-02-2026 12:14:02 [main] Log - Hết thời gian chờ phần tử có thể click: [[ChromeDriver: chrome on windows (55227d6193e62d9f6eadd61dc2571fb4)] -> xpath: //a[@class='btn btn-primary']]
[ERROR] 22-02-2026 12:14:02 [main] Log - Test case checkoutWithAccountSuccess is failed.
[ERROR] 22-02-2026 12:14:03 [main] Log - java.lang.RuntimeException: Không thể tìm thấy phần tử có thể click: [[ChromeDriver: chrome on windows (55227d6193e62d9f6eadd61dc2571fb4)] -> xpath: //a[@class='btn btn-primary']]
[INFO] 22-02-2026 12:14:06 [main] Log - End testing AutomationOpenCart
[INFO] 22-02-2026 12:15:06 [main] Log - Khởi tạo trình duyệt: chrome
[INFO] 22-02-2026 12:15:08 [main] Log - Running test case checkoutWithAccountSuccess
[INFO] 22-02-2026 12:15:10 [main] Log - Cuộn tới phần tử: [[ChromeDriver: chrome on windows (eebd5de4fa34006b4053ee29fbf695b4)] -> xpath: //nav[@id='top']//li[4]]
[INFO] 22-02-2026 12:15:18 [main] Log - Đang xác thực giá trị đúng...

[INFO] 22-02-2026 12:15:18 [main] Log - Giá trị đúng
[INFO] 22-02-2026 12:15:19 [main] Log - Đang xác thực giá trị đúng...

[INFO] 22-02-2026 12:15:19 [main] Log - Giá trị đúng
[INFO] 22-02-2026 12:15:19 [main] Log - Test case checkoutWithAccountSuccess is passed.
[INFO] 22-02-2026 12:15:22 [main] Log - End testing AutomationOpenCart
[INFO] 22-02-2026 12:15:50 [main] Log - Khởi tạo trình duyệt: chrome
[INFO] 22-02-2026 12:15:53 [main] Log - Running test case checkoutFailWithoutAgree
[INFO] 22-02-2026 12:15:55 [main] Log - Cuộn tới phần tử: [[ChromeDriver: chrome on windows (3a3584b21f832b44916e0cbf79c40b61)] -> xpath: //nav[@id='top']//li[4]]
[INFO] 22-02-2026 12:15:57 [main] Log - Cuộn tới phần tử: [[ChromeDriver: chrome on windows (3a3584b21f832b44916e0cbf79c40b61)] -> id: input-payment-firstname]
[ERROR] 22-02-2026 12:16:09 [main] Log - Test case checkoutFailWithoutAgree is failed.
[ERROR] 22-02-2026 12:16:09 [main] Log - org.openqa.selenium.NoSuchElementException: Cannot locate option with text: Vietnam
For documentation on this error, please visit: https://www.selenium.dev/documentation/webdriver/troubleshooting/errors#no-such-element-exception
Build info: version: '4.29.0', revision: '5fc1ec94cb'
System info: os.name: 'Windows 11', os.arch: 'amd64', os.version: '10.0', java.version: '17.0.12'
Driver info: driver.version: unknown
[INFO] 22-02-2026 12:16:12 [main] Log - End testing AutomationOpenCart
[INFO] 22-02-2026 12:17:14 [main] Log - Khởi tạo trình duyệt: chrome
[INFO] 22-02-2026 12:17:17 [main] Log - Running test case checkoutFailWithoutAgree
[INFO] 22-02-2026 12:17:19 [main] Log - Cuộn tới phần tử: [[ChromeDriver: chrome on windows (1ab60938dec535a9f0b8748bbd595a0e)] -> xpath: //nav[@id='top']//li[4]]
[INFO] 22-02-2026 12:17:22 [main] Log - Cuộn tới phần tử: [[ChromeDriver: chrome on windows (1ab60938dec535a9f0b8748bbd595a0e)] -> id: input-payment-firstname]
[ERROR] 22-02-2026 12:17:36 [main] Log - Hết thời gian chờ phần tử có thể click: [[ChromeDriver: chrome on windows (1ab60938dec535a9f0b8748bbd595a0e)] -> id: button-payment-method]
[ERROR] 22-02-2026 12:17:36 [main] Log - Test case checkoutFailWithoutAgree is failed.
[ERROR] 22-02-2026 12:17:36 [main] Log - java.lang.RuntimeException: Không thể tìm thấy phần tử có thể click: [[ChromeDriver: chrome on windows (1ab60938dec535a9f0b8748bbd595a0e)] -> id: button-payment-method]
[INFO] 22-02-2026 12:17:40 [main] Log - End testing AutomationOpenCart
[INFO] 22-02-2026 12:19:59 [main] Log - Khởi tạo trình duyệt: chrome
[INFO] 22-02-2026 12:20:02 [main] Log - Running test case checkoutFailWithoutAgree
[INFO] 22-02-2026 12:20:04 [main] Log - Cuộn tới phần tử: [[ChromeDriver: chrome on windows (d63feeafd05f2f965d48a81015ef432d)] -> xpath: //nav[@id='top']//li[4]]
[ERROR] 22-02-2026 12:21:35 [main] Log - Hết thời gian chờ phần tử có thể click: Proxy element for: AjaxElementLocator 'By.xpath: //a[@class='btn btn-primary']'
[ERROR] 22-02-2026 12:21:36 [main] Log - Test case checkoutFailWithoutAgree is failed.
[ERROR] 22-02-2026 12:21:36 [main] Log - java.lang.RuntimeException: Không thể tìm thấy phần tử có thể click: [[ChromeDriver: chrome on windows (d63feeafd05f2f965d48a81015ef432d)] -> xpath: //a[@class='btn btn-primary']]
[INFO] 22-02-2026 12:21:40 [main] Log - End testing AutomationOpenCart
[INFO] 22-02-2026 12:23:56 [main] Log - Khởi tạo trình duyệt: chrome
[INFO] 22-02-2026 12:23:59 [main] Log - Running test case checkoutFailWithoutAgree
[INFO] 22-02-2026 12:24:01 [main] Log - Cuộn tới phần tử: [[ChromeDriver: chrome on windows (199536392ff32071dbb77cd70e7edf90)] -> xpath: //nav[@id='top']//li[4]//a[@title='Shopping Cart']]
[INFO] 22-02-2026 12:24:04 [main] Log - Cuộn tới phần tử: [[ChromeDriver: chrome on windows (199536392ff32071dbb77cd70e7edf90)] -> id: input-payment-firstname]
[INFO] 22-02-2026 12:24:08 [main] Log - Đang xác thực giá trị đúng...

[INFO] 22-02-2026 12:24:08 [main] Log - Giá trị đúng
[INFO] 22-02-2026 12:24:08 [main] Log - Test case checkoutFailWithoutAgree is passed.
[INFO] 22-02-2026 12:24:11 [main] Log - End testing AutomationOpenCart
[INFO] 22-02-2026 12:33:47 [main] Log - Khởi tạo trình duyệt: chrome
[INFO] 22-02-2026 12:33:50 [main] Log - Running test case checkoutFailInvailEmailAndPhone
[INFO] 22-02-2026 12:33:52 [main] Log - Cuộn tới phần tử: [[ChromeDriver: chrome on windows (bb61207639d91d40d806a052c54b20f4)] -> xpath: //nav[@id='top']//li[4]//a[@title='Shopping Cart']]
[INFO] 22-02-2026 12:33:54 [main] Log - Cuộn tới phần tử: [[ChromeDriver: chrome on windows (bb61207639d91d40d806a052c54b20f4)] -> id: input-payment-firstname]
[ERROR] 22-02-2026 12:34:27 [main] Log - Test case checkoutFailInvailEmailAndPhone is failed.
[ERROR] 22-02-2026 12:34:27 [main] Log - org.openqa.selenium.NoSuchElementException: Timed out after 5 seconds. Unable to locate the element
[INFO] 22-02-2026 12:34:31 [main] Log - End testing AutomationOpenCart
[INFO] 22-02-2026 12:35:36 [main] Log - Khởi tạo trình duyệt: chrome
[INFO] 22-02-2026 12:35:43 [main] Log - Running test case Register_Negative_Boundary
[INFO] 22-02-2026 12:35:44 [main] Log - Cuộn tới phần tử: [[ChromeDriver: chrome on windows (1a06cfacc6f8167422984ffc360f903d)] -> xpath: //legend[normalize-space()='Your Personal Details']]
[INFO] 22-02-2026 12:35:45 [main] Log - Cuộn tới phần tử: [[ChromeDriver: chrome on windows (1a06cfacc6f8167422984ffc360f903d)] -> xpath: //legend[normalize-space()='Your Password']]
[INFO] 22-02-2026 12:36:16 [main] Log - Thông báo lỗi: [First Name must be between 1 and 32 characters!]
[INFO] 22-02-2026 12:36:16 [main] Log - Test case Register_Negative_Boundary is passed.
[INFO] 22-02-2026 12:36:19 [main] Log - Running test case Register_Negative_Boundary
[INFO] 22-02-2026 12:36:20 [main] Log - Cuộn tới phần tử: [[ChromeDriver: chrome on windows (1a06cfacc6f8167422984ffc360f903d)] -> xpath: //legend[normalize-space()='Your Personal Details']]
[INFO] 22-02-2026 12:36:21 [main] Log - Cuộn tới phần tử: [[ChromeDriver: chrome on windows (1a06cfacc6f8167422984ffc360f903d)] -> xpath: //legend[normalize-space()='Your Password']]
[INFO] 22-02-2026 12:36:52 [main] Log - Thông báo lỗi: [First Name must be between 1 and 32 characters!]
[INFO] 22-02-2026 12:36:52 [main] Log - Test case Register_Negative_Boundary is passed.
[INFO] 22-02-2026 12:36:54 [main] Log - Running test case Register_Negative_Boundary
[INFO] 22-02-2026 12:36:55 [main] Log - Cuộn tới phần tử: [[ChromeDriver: chrome on windows (1a06cfacc6f8167422984ffc360f903d)] -> xpath: //legend[normalize-space()='Your Personal Details']]
[INFO] 22-02-2026 12:36:55 [main] Log - Cuộn tới phần tử: [[ChromeDriver: chrome on windows (1a06cfacc6f8167422984ffc360f903d)] -> xpath: //legend[normalize-space()='Your Password']]
[INFO] 22-02-2026 12:37:57 [main] Log - Thông báo lỗi: []
[ERROR] 22-02-2026 12:37:57 [main] Log - Test case Register_Negative_Boundary is failed.
[ERROR] 22-02-2026 12:37:57 [main] Log - java.lang.AssertionError: Lỗi mong muốn không tìm thấy: E-Mail Address does not appear to be valid!
Thông báo thực tế: [] expected [true] but found [false]
[INFO] 22-02-2026 12:38:00 [main] Log - Running test case Register_Negative_Boundary
[INFO] 22-02-2026 12:38:01 [main] Log - Cuộn tới phần tử: [[ChromeDriver: chrome on windows (1a06cfacc6f8167422984ffc360f903d)] -> xpath: //legend[normalize-space()='Your Personal Details']]
[INFO] 22-02-2026 12:38:02 [main] Log - Cuộn tới phần tử: [[ChromeDriver: chrome on windows (1a06cfacc6f8167422984ffc360f903d)] -> xpath: //legend[normalize-space()='Your Password']]
[INFO] 22-02-2026 12:38:33 [main] Log - Thông báo lỗi: [Telephone must be between 3 and 32 characters!]
[INFO] 22-02-2026 12:38:33 [main] Log - Test case Register_Negative_Boundary is passed.
[INFO] 22-02-2026 12:38:35 [main] Log - Running test case Register_Negative_Boundary
[INFO] 22-02-2026 12:38:36 [main] Log - Cuộn tới phần tử: [[ChromeDriver: chrome on windows (1a06cfacc6f8167422984ffc360f903d)] -> xpath: //legend[normalize-space()='Your Personal Details']]
[INFO] 22-02-2026 12:38:37 [main] Log - Cuộn tới phần tử: [[ChromeDriver: chrome on windows (1a06cfacc6f8167422984ffc360f903d)] -> xpath: //legend[normalize-space()='Your Password']]
[INFO] 22-02-2026 12:39:08 [main] Log - Thông báo lỗi: [E-Mail Address does not appear to be valid!]
[INFO] 22-02-2026 12:39:08 [main] Log - Test case Register_Negative_Boundary is passed.
[INFO] 22-02-2026 12:39:11 [main] Log - Running test case Register_Negative_Boundary
[INFO] 22-02-2026 12:39:11 [main] Log - Cuộn tới phần tử: [[ChromeDriver: chrome on windows (1a06cfacc6f8167422984ffc360f903d)] -> xpath: //legend[normalize-space()='Your Personal Details']]
[INFO] 22-02-2026 12:39:12 [main] Log - Cuộn tới phần tử: [[ChromeDriver: chrome on windows (1a06cfacc6f8167422984ffc360f903d)] -> xpath: //legend[normalize-space()='Your Password']]
[INFO] 22-02-2026 12:40:13 [main] Log - Thông báo lỗi: []
[ERROR] 22-02-2026 12:40:13 [main] Log - Test case Register_Negative_Boundary is failed.
[ERROR] 22-02-2026 12:40:14 [main] Log - java.lang.AssertionError: Lỗi mong muốn không tìm thấy: Password 
Thông báo thực tế: [] expected [true] but found [false]
[INFO] 22-02-2026 12:40:17 [main] Log - Running test case Register_Success
[ERROR] 22-02-2026 12:41:19 [main] Log - Hết thời gian chờ phần tử có thể click: [[ChromeDriver: chrome on windows (1a06cfacc6f8167422984ffc360f903d)] -> xpath: //a[normalize-space()='Register']]
[ERROR] 22-02-2026 12:41:19 [main] Log - Test case Register_Success is failed.
[ERROR] 22-02-2026 12:41:19 [main] Log - java.lang.RuntimeException: Không thể tìm thấy phần tử có thể click: [[ChromeDriver: chrome on windows (1a06cfacc6f8167422984ffc360f903d)] -> xpath: //a[normalize-space()='Register']]
[INFO] 22-02-2026 12:41:22 [main] Log - Running test case Register_Success
[INFO] 22-02-2026 12:41:22 [main] Log - Đang xác thực giá trị đúng...

[INFO] 22-02-2026 12:41:22 [main] Log - Giá trị đúng
[INFO] 22-02-2026 12:41:22 [main] Log - Cuộn tới phần tử: [[ChromeDriver: chrome on windows (1a06cfacc6f8167422984ffc360f903d)] -> xpath: //legend[normalize-space()='Your Personal Details']]
[INFO] 22-02-2026 12:41:23 [main] Log - Cuộn tới phần tử: [[ChromeDriver: chrome on windows (1a06cfacc6f8167422984ffc360f903d)] -> xpath: //legend[normalize-space()='Your Password']]
[INFO] 22-02-2026 12:41:24 [main] Log - Đang xác thực giá trị đúng...

[ERROR] 22-02-2026 12:41:24 [main] Log - Test case Register_Success is failed.
[ERROR] 22-02-2026 12:41:24 [main] Log - java.lang.RuntimeException: Kiểm tra thất bại: Đăng ký tài khoản thất bại!
[INFO] 22-02-2026 12:41:28 [main] Log - End testing AutomationOpenCart
[INFO] 22-02-2026 12:47:33 [main] Log - Khởi tạo trình duyệt: chrome
[INFO] 22-02-2026 12:47:38 [main] Log - Running test case Register_Success
[INFO] 22-02-2026 12:47:39 [main] Log - Đang xác thực giá trị đúng...

[INFO] 22-02-2026 12:47:39 [main] Log - Giá trị đúng
[INFO] 22-02-2026 12:47:39 [main] Log - Cuộn tới phần tử: [[ChromeDriver: chrome on windows (fdac67416a4f727088eef04638dd0772)] -> xpath: //legend[normalize-space()='Your Personal Details']]
[INFO] 22-02-2026 12:47:40 [main] Log - Cuộn tới phần tử: [[ChromeDriver: chrome on windows (fdac67416a4f727088eef04638dd0772)] -> xpath: //legend[normalize-space()='Your Password']]
[INFO] 22-02-2026 12:47:41 [main] Log - Đang xác thực giá trị đúng...

[ERROR] 22-02-2026 12:47:41 [main] Log - Test case Register_Success is failed.
[ERROR] 22-02-2026 12:47:41 [main] Log - java.lang.RuntimeException: Kiểm tra thất bại: Đăng ký tài khoản thất bại!
[INFO] 22-02-2026 12:47:44 [main] Log - Running test case Register_Success
[INFO] 22-02-2026 12:47:44 [main] Log - Đang xác thực giá trị đúng...

[INFO] 22-02-2026 12:47:44 [main] Log - Giá trị đúng
[INFO] 22-02-2026 12:47:44 [main] Log - Cuộn tới phần tử: [[ChromeDriver: chrome on windows (fdac67416a4f727088eef04638dd0772)] -> xpath: //legend[normalize-space()='Your Personal Details']]
[INFO] 22-02-2026 12:47:45 [main] Log - Cuộn tới phần tử: [[ChromeDriver: chrome on windows (fdac67416a4f727088eef04638dd0772)] -> xpath: //legend[normalize-space()='Your Password']]
[INFO] 22-02-2026 12:47:46 [main] Log - Đang xác thực giá trị đúng...

[ERROR] 22-02-2026 12:47:46 [main] Log - Test case Register_Success is failed.
[ERROR] 22-02-2026 12:47:46 [main] Log - java.lang.RuntimeException: Kiểm tra thất bại: Đăng ký tài khoản thất bại!
[INFO] 22-02-2026 12:47:49 [main] Log - Running test case Register_Success
[ERROR] 22-02-2026 12:48:13 [main] Log - Hết thời gian chờ phần tử có thể click: [[ChromeDriver: chrome on windows (fdac67416a4f727088eef04638dd0772)] -> xpath: //a[normalize-space()='Register']]
[ERROR] 22-02-2026 12:48:13 [main] Log - Test case Register_Success is failed.
[ERROR] 22-02-2026 12:48:13 [main] Log - java.lang.RuntimeException: Không thể tìm thấy phần tử có thể click: [[ChromeDriver: chrome on windows (fdac67416a4f727088eef04638dd0772)] -> xpath: //a[normalize-space()='Register']]
[INFO] 22-02-2026 12:48:16 [main] Log - Running test case Register_Negative_Boundary
[INFO] 22-02-2026 12:48:17 [main] Log - Cuộn tới phần tử: [[ChromeDriver: chrome on windows (fdac67416a4f727088eef04638dd0772)] -> xpath: //legend[normalize-space()='Your Personal Details']]
[INFO] 22-02-2026 12:48:17 [main] Log - Cuộn tới phần tử: [[ChromeDriver: chrome on windows (fdac67416a4f727088eef04638dd0772)] -> xpath: //legend[normalize-space()='Your Password']]
[INFO] 22-02-2026 12:48:49 [main] Log - Thông báo lỗi: [First Name must be between 1 and 32 characters!]
[INFO] 22-02-2026 12:48:49 [main] Log - Test case Register_Negative_Boundary is passed.
[INFO] 22-02-2026 12:48:51 [main] Log - Running test case Register_Negative_Boundary
[INFO] 22-02-2026 12:48:52 [main] Log - Cuộn tới phần tử: [[ChromeDriver: chrome on windows (fdac67416a4f727088eef04638dd0772)] -> xpath: //legend[normalize-space()='Your Personal Details']]
[INFO] 22-02-2026 12:48:52 [main] Log - Cuộn tới phần tử: [[ChromeDriver: chrome on windows (fdac67416a4f727088eef04638dd0772)] -> xpath: //legend[normalize-space()='Your Password']]
[INFO] 22-02-2026 12:49:23 [main] Log - Thông báo lỗi: [First Name must be between 1 and 32 characters!]
[INFO] 22-02-2026 12:49:23 [main] Log - Test case Register_Negative_Boundary is passed.
[INFO] 22-02-2026 12:49:26 [main] Log - Running test case Register_Negative_Boundary
[INFO] 22-02-2026 12:49:26 [main] Log - Cuộn tới phần tử: [[ChromeDriver: chrome on windows (fdac67416a4f727088eef04638dd0772)] -> xpath: //legend[normalize-space()='Your Personal Details']]
[INFO] 22-02-2026 12:49:27 [main] Log - Cuộn tới phần tử: [[ChromeDriver: chrome on windows (fdac67416a4f727088eef04638dd0772)] -> xpath: //legend[normalize-space()='Your Password']]
[INFO] 22-02-2026 12:50:29 [main] Log - Thông báo lỗi: []
[ERROR] 22-02-2026 12:50:29 [main] Log - Test case Register_Negative_Boundary is failed.
[ERROR] 22-02-2026 12:50:29 [main] Log - java.lang.AssertionError: Lỗi mong muốn không tìm thấy: E-Mail Address does not appear to be valid!
Thông báo thực tế: [] expected [true] but found [false]
[INFO] 22-02-2026 12:50:32 [main] Log - Running test case Register_Negative_Boundary
[INFO] 22-02-2026 12:50:32 [main] Log - Cuộn tới phần tử: [[ChromeDriver: chrome on windows (fdac67416a4f727088eef04638dd0772)] -> xpath: //legend[normalize-space()='Your Personal Details']]
[INFO] 22-02-2026 12:50:33 [main] Log - Cuộn tới phần tử: [[ChromeDriver: chrome on windows (fdac67416a4f727088eef04638dd0772)] -> xpath: //legend[normalize-space()='Your Password']]
[INFO] 22-02-2026 12:51:05 [main] Log - Thông báo lỗi: [Telephone must be between 3 and 32 characters!]
[INFO] 22-02-2026 12:51:05 [main] Log - Test case Register_Negative_Boundary is passed.
[INFO] 22-02-2026 12:51:07 [main] Log - Running test case Register_Negative_Boundary
[INFO] 22-02-2026 12:51:08 [main] Log - Cuộn tới phần tử: [[ChromeDriver: chrome on windows (fdac67416a4f727088eef04638dd0772)] -> xpath: //legend[normalize-space()='Your Personal Details']]
[INFO] 22-02-2026 12:51:08 [main] Log - Cuộn tới phần tử: [[ChromeDriver: chrome on windows (fdac67416a4f727088eef04638dd0772)] -> xpath: //legend[normalize-space()='Your Password']]
[INFO] 22-02-2026 12:51:39 [main] Log - Thông báo lỗi: [E-Mail Address does not appear to be valid!]
[INFO] 22-02-2026 12:51:39 [main] Log - Test case Register_Negative_Boundary is passed.
[INFO] 22-02-2026 12:51:42 [main] Log - Running test case Register_Negative_Boundary
[INFO] 22-02-2026 12:51:43 [main] Log - Cuộn tới phần tử: [[ChromeDriver: chrome on windows (fdac67416a4f727088eef04638dd0772)] -> xpath: //legend[normalize-space()='Your Personal Details']]
[INFO] 22-02-2026 12:51:43 [main] Log - Cuộn tới phần tử: [[ChromeDriver: chrome on windows (fdac67416a4f727088eef04638dd0772)] -> xpath: //legend[normalize-space()='Your Password']]
[INFO] 22-02-2026 12:52:15 [main] Log - Thông báo lỗi: [Warning: E-Mail Address is already registered!]
[ERROR] 22-02-2026 12:52:15 [main] Log - Test case Register_Negative_Boundary is failed.
[ERROR] 22-02-2026 12:52:15 [main] Log - java.lang.AssertionError: Lỗi mong muốn không tìm thấy: Password 
Thông báo thực tế: [Warning: E-Mail Address is already registered!] expected [true] but found [false]
[INFO] 22-02-2026 12:52:18 [main] Log - End testing AutomationOpenCart
[INFO] 22-02-2026 13:00:48 [main] Log - Khởi tạo trình duyệt: chrome
[INFO] 22-02-2026 13:00:54 [main] Log - Running test case Register_Success
[INFO] 22-02-2026 13:00:55 [main] Log - Đang xác thực giá trị đúng...

[INFO] 22-02-2026 13:00:55 [main] Log - Giá trị đúng
[INFO] 22-02-2026 13:00:55 [main] Log - Cuộn tới phần tử: [[ChromeDriver: chrome on windows (1dc385f723207dcb965a7e2da8572ee8)] -> xpath: //legend[normalize-space()='Your Personal Details']]
[INFO] 22-02-2026 13:00:56 [main] Log - Cuộn tới phần tử: [[ChromeDriver: chrome on windows (1dc385f723207dcb965a7e2da8572ee8)] -> xpath: //legend[normalize-space()='Your Password']]
[INFO] 22-02-2026 13:00:57 [main] Log - Đang xác thực giá trị đúng...

[ERROR] 22-02-2026 13:00:57 [main] Log - Test case Register_Success is failed.
[ERROR] 22-02-2026 13:00:57 [main] Log - java.lang.RuntimeException: Kiểm tra thất bại: Đăng ký tài khoản thất bại!
[INFO] 22-02-2026 13:01:00 [main] Log - Running test case Register_Success
[INFO] 22-02-2026 13:01:00 [main] Log - Đang xác thực giá trị đúng...

[INFO] 22-02-2026 13:01:00 [main] Log - Giá trị đúng
[INFO] 22-02-2026 13:01:00 [main] Log - Cuộn tới phần tử: [[ChromeDriver: chrome on windows (1dc385f723207dcb965a7e2da8572ee8)] -> xpath: //legend[normalize-space()='Your Personal Details']]
[INFO] 22-02-2026 13:01:01 [main] Log - Cuộn tới phần tử: [[ChromeDriver: chrome on windows (1dc385f723207dcb965a7e2da8572ee8)] -> xpath: //legend[normalize-space()='Your Password']]
[INFO] 22-02-2026 13:01:02 [main] Log - Đang xác thực giá trị đúng...

[ERROR] 22-02-2026 13:01:02 [main] Log - Test case Register_Success is failed.
[ERROR] 22-02-2026 13:01:02 [main] Log - java.lang.RuntimeException: Kiểm tra thất bại: Đăng ký tài khoản thất bại!
[INFO] 22-02-2026 13:01:05 [main] Log - Running test case Register_Negative_Boundary
[INFO] 22-02-2026 13:01:05 [main] Log - Cuộn tới phần tử: [[ChromeDriver: chrome on windows (1dc385f723207dcb965a7e2da8572ee8)] -> xpath: //legend[normalize-space()='Your Personal Details']]
[INFO] 22-02-2026 13:01:06 [main] Log - Cuộn tới phần tử: [[ChromeDriver: chrome on windows (1dc385f723207dcb965a7e2da8572ee8)] -> xpath: //legend[normalize-space()='Your Password']]
[INFO] 22-02-2026 13:01:37 [main] Log - Thông báo lỗi: [First Name must be between 1 and 32 characters!]
[INFO] 22-02-2026 13:01:37 [main] Log - Test case Register_Negative_Boundary is passed.
[INFO] 22-02-2026 13:01:40 [main] Log - Running test case Register_Negative_Boundary
[INFO] 22-02-2026 13:01:40 [main] Log - Cuộn tới phần tử: [[ChromeDriver: chrome on windows (1dc385f723207dcb965a7e2da8572ee8)] -> xpath: //legend[normalize-space()='Your Personal Details']]
[INFO] 22-02-2026 13:01:41 [main] Log - Cuộn tới phần tử: [[ChromeDriver: chrome on windows (1dc385f723207dcb965a7e2da8572ee8)] -> xpath: //legend[normalize-space()='Your Password']]
[INFO] 22-02-2026 13:02:12 [main] Log - Thông báo lỗi: [First Name must be between 1 and 32 characters!]
[INFO] 22-02-2026 13:02:12 [main] Log - Test case Register_Negative_Boundary is passed.
[INFO] 22-02-2026 13:02:15 [main] Log - Running test case Register_Negative_Boundary
[INFO] 22-02-2026 13:02:15 [main] Log - Cuộn tới phần tử: [[ChromeDriver: chrome on windows (1dc385f723207dcb965a7e2da8572ee8)] -> xpath: //legend[normalize-space()='Your Personal Details']]
[INFO] 22-02-2026 13:02:16 [main] Log - Cuộn tới phần tử: [[ChromeDriver: chrome on windows (1dc385f723207dcb965a7e2da8572ee8)] -> xpath: //legend[normalize-space()='Your Password']]
[INFO] 22-02-2026 13:03:18 [main] Log - Thông báo lỗi: []
[ERROR] 22-02-2026 13:03:18 [main] Log - Test case Register_Negative_Boundary is failed.
[ERROR] 22-02-2026 13:03:18 [main] Log - java.lang.AssertionError: Lỗi mong muốn không tìm thấy: E-Mail Address does not appear to be valid!
Thông báo thực tế: [] expected [true] but found [false]
[INFO] 22-02-2026 13:03:21 [main] Log - Running test case Register_Negative_Boundary
[ERROR] 22-02-2026 13:04:52 [main] Log - Hết thời gian chờ phần tử có thể click: Proxy element for: AjaxElementLocator 'By.xpath: //a[normalize-space()='Register']'
[ERROR] 22-02-2026 13:05:22 [main] Log - Test case Register_Negative_Boundary is failed.
[ERROR] 22-02-2026 13:05:22 [main] Log - java.lang.RuntimeException: Không thể tìm thấy phần tử có thể click: Proxy element for: AjaxElementLocator 'By.xpath: //a[normalize-space()='Register']'
[INFO] 22-02-2026 13:05:25 [main] Log - Running test case Register_Negative_Boundary
[ERROR] 22-02-2026 13:06:56 [main] Log - Hết thời gian chờ phần tử có thể click: Proxy element for: AjaxElementLocator 'By.xpath: //a[normalize-space()='Register']'
[ERROR] 22-02-2026 13:07:26 [main] Log - Test case Register_Negative_Boundary is failed.
[ERROR] 22-02-2026 13:07:27 [main] Log - java.lang.RuntimeException: Không thể tìm thấy phần tử có thể click: Proxy element for: AjaxElementLocator 'By.xpath: //a[normalize-space()='Register']'
[INFO] 22-02-2026 13:07:29 [main] Log - Running test case Register_Negative_Boundary
[ERROR] 22-02-2026 13:08:18 [main] Log - Hết thời gian chờ phần tử có thể click: [[ChromeDriver: chrome on windows (1dc385f723207dcb965a7e2da8572ee8)] -> xpath: //a[normalize-space()='Register']]
[ERROR] 22-02-2026 13:08:18 [main] Log - Test case Register_Negative_Boundary is failed.
[ERROR] 22-02-2026 13:08:18 [main] Log - java.lang.RuntimeException: Không thể tìm thấy phần tử có thể click: [[ChromeDriver: chrome on windows (1dc385f723207dcb965a7e2da8572ee8)] -> xpath: //a[normalize-space()='Register']]
[INFO] 22-02-2026 13:08:21 [main] Log - Running test case Register_Negative_Boundary
[INFO] 22-02-2026 13:08:22 [main] Log - Cuộn tới phần tử: [[ChromeDriver: chrome on windows (1dc385f723207dcb965a7e2da8572ee8)] -> xpath: //legend[normalize-space()='Your Personal Details']]
[INFO] 22-02-2026 13:08:22 [main] Log - Cuộn tới phần tử: [[ChromeDriver: chrome on windows (1dc385f723207dcb965a7e2da8572ee8)] -> xpath: //legend[normalize-space()='Your Password']]
[INFO] 22-02-2026 13:09:26 [main] Log - Thông báo lỗi: []
[ERROR] 22-02-2026 13:09:26 [main] Log - Test case Register_Negative_Boundary is failed.
[ERROR] 22-02-2026 13:09:27 [main] Log - java.lang.AssertionError: Lỗi mong muốn không tìm thấy: Telephone must be between 3 and 32 characters!
Thông báo thực tế: [] expected [true] but found [false]
[INFO] 22-02-2026 13:12:14 [main] Log - Khởi tạo trình duyệt: chrome
[INFO] 22-02-2026 13:12:20 [main] Log - Running test case Register_Success
[INFO] 22-02-2026 13:12:21 [main] Log - Đang xác thực giá trị đúng...

[INFO] 22-02-2026 13:12:21 [main] Log - Giá trị đúng
[INFO] 22-02-2026 13:12:21 [main] Log - Cuộn tới phần tử: [[ChromeDriver: chrome on windows (7b51bbf95f635c202803c1b7ca497e06)] -> xpath: //legend[normalize-space()='Your Personal Details']]
[INFO] 22-02-2026 13:12:22 [main] Log - Cuộn tới phần tử: [[ChromeDriver: chrome on windows (7b51bbf95f635c202803c1b7ca497e06)] -> xpath: //legend[normalize-space()='Your Password']]
[ERROR] 22-02-2026 13:12:51 [main] Log - Test case Register_Success is failed.
[ERROR] 22-02-2026 13:12:51 [main] Log - Test case Register_Success is failed.
[INFO] 22-02-2026 13:12:51 [main] Log - End testing AutomationOpenCart
[INFO] 22-02-2026 13:14:11 [main] Log - Khởi tạo trình duyệt: chrome
[ERROR] 22-02-2026 13:14:15 [main] Log - Test case registerNegativeBoundary is skipped.
[ERROR] 22-02-2026 13:14:15 [main] Log - java.lang.RuntimeException: java.lang.RuntimeException: No data found for test method: registerNegativeBoundary
[ERROR] 22-02-2026 13:14:17 [main] Log - Test case registerSuccess is skipped.
[ERROR] 22-02-2026 13:14:17 [main] Log - java.lang.RuntimeException: java.lang.RuntimeException: No data found for test method: registerSuccess
[INFO] 22-02-2026 13:14:19 [main] Log - End testing AutomationOpenCart
[INFO] 22-02-2026 13:15:16 [main] Log - Khởi tạo trình duyệt: chrome
[INFO] 22-02-2026 13:15:21 [main] Log - Running test case registerNegativeBoundary
[INFO] 22-02-2026 13:15:22 [main] Log - Cuộn tới phần tử: [[ChromeDriver: chrome on windows (72588149ca1a57265f7905ac62d86d8b)] -> xpath: //legend[normalize-space()='Your Personal Details']]
[INFO] 22-02-2026 13:15:22 [main] Log - Cuộn tới phần tử: [[ChromeDriver: chrome on windows (72588149ca1a57265f7905ac62d86d8b)] -> xpath: //legend[normalize-space()='Your Password']]
[INFO] 22-02-2026 13:15:54 [main] Log - Thông báo lỗi: [First Name must be between 1 and 32 characters!]
[INFO] 22-02-2026 13:15:54 [main] Log - Test case registerNegativeBoundary is passed.
[INFO] 22-02-2026 13:15:57 [main] Log - Running test case registerNegativeBoundary
[INFO] 22-02-2026 13:15:57 [main] Log - Cuộn tới phần tử: [[ChromeDriver: chrome on windows (72588149ca1a57265f7905ac62d86d8b)] -> xpath: //legend[normalize-space()='Your Personal Details']]
[INFO] 22-02-2026 13:15:58 [main] Log - Cuộn tới phần tử: [[ChromeDriver: chrome on windows (72588149ca1a57265f7905ac62d86d8b)] -> xpath: //legend[normalize-space()='Your Password']]
[INFO] 22-02-2026 13:16:29 [main] Log - Thông báo lỗi: [First Name must be between 1 and 32 characters!]
[INFO] 22-02-2026 13:16:29 [main] Log - Test case registerNegativeBoundary is passed.
[INFO] 22-02-2026 13:16:31 [main] Log - Running test case registerNegativeBoundary
[INFO] 22-02-2026 13:16:32 [main] Log - Cuộn tới phần tử: [[ChromeDriver: chrome on windows (72588149ca1a57265f7905ac62d86d8b)] -> xpath: //legend[normalize-space()='Your Personal Details']]
[INFO] 22-02-2026 13:16:33 [main] Log - Cuộn tới phần tử: [[ChromeDriver: chrome on windows (72588149ca1a57265f7905ac62d86d8b)] -> xpath: //legend[normalize-space()='Your Password']]
[INFO] 22-02-2026 13:17:04 [main] Log - Thông báo lỗi: [Warning: E-Mail Address is already registered!]
[ERROR] 22-02-2026 13:17:04 [main] Log - Test case registerNegativeBoundary is failed.
[ERROR] 22-02-2026 13:17:04 [main] Log - java.lang.AssertionError: Lỗi mong muốn không tìm thấy: E-Mail Address does not appear to be valid!
Thông báo thực tế: [Warning: E-Mail Address is already registered!] expected [true] but found [false]
[INFO] 22-02-2026 13:17:06 [main] Log - Running test case registerNegativeBoundary
[INFO] 22-02-2026 13:17:07 [main] Log - Cuộn tới phần tử: [[ChromeDriver: chrome on windows (72588149ca1a57265f7905ac62d86d8b)] -> xpath: //legend[normalize-space()='Your Personal Details']]
[INFO] 22-02-2026 13:17:08 [main] Log - Cuộn tới phần tử: [[ChromeDriver: chrome on windows (72588149ca1a57265f7905ac62d86d8b)] -> xpath: //legend[normalize-space()='Your Password']]
[INFO] 22-02-2026 13:17:09 [main] Log - Thông báo lỗi: [Warning: E-Mail Address is already registered!, Telephone must be between 3 and 32 characters!]
[INFO] 22-02-2026 13:17:09 [main] Log - Test case registerNegativeBoundary is passed.
[INFO] 22-02-2026 13:17:11 [main] Log - Running test case registerNegativeBoundary
[INFO] 22-02-2026 13:17:12 [main] Log - Cuộn tới phần tử: [[ChromeDriver: chrome on windows (72588149ca1a57265f7905ac62d86d8b)] -> xpath: //legend[normalize-space()='Your Personal Details']]
[INFO] 22-02-2026 13:17:12 [main] Log - Cuộn tới phần tử: [[ChromeDriver: chrome on windows (72588149ca1a57265f7905ac62d86d8b)] -> xpath: //legend[normalize-space()='Your Password']]
[INFO] 22-02-2026 13:17:44 [main] Log - Thông báo lỗi: [E-Mail Address does not appear to be valid!]
[INFO] 22-02-2026 13:17:44 [main] Log - Test case registerNegativeBoundary is passed.
[INFO] 22-02-2026 13:17:46 [main] Log - Running test case registerNegativeBoundary
[INFO] 22-02-2026 13:17:47 [main] Log - Cuộn tới phần tử: [[ChromeDriver: chrome on windows (72588149ca1a57265f7905ac62d86d8b)] -> xpath: //legend[normalize-space()='Your Personal Details']]
[INFO] 22-02-2026 13:17:47 [main] Log - Cuộn tới phần tử: [[ChromeDriver: chrome on windows (72588149ca1a57265f7905ac62d86d8b)] -> xpath: //legend[normalize-space()='Your Password']]
[INFO] 22-02-2026 13:18:19 [main] Log - Thông báo lỗi: [Warning: E-Mail Address is already registered!]
[ERROR] 22-02-2026 13:18:19 [main] Log - Test case registerNegativeBoundary is failed.
[ERROR] 22-02-2026 13:18:19 [main] Log - java.lang.AssertionError: Lỗi mong muốn không tìm thấy: E-Mail Address is already registered! 
Thông báo thực tế: [Warning: E-Mail Address is already registered!] expected [true] but found [false]
[INFO] 22-02-2026 13:18:21 [main] Log - Running test case registerNegativeBoundary
[INFO] 22-02-2026 13:18:22 [main] Log - Cuộn tới phần tử: [[ChromeDriver: chrome on windows (72588149ca1a57265f7905ac62d86d8b)] -> xpath: //legend[normalize-space()='Your Personal Details']]
[INFO] 22-02-2026 13:18:23 [main] Log - Cuộn tới phần tử: [[ChromeDriver: chrome on windows (72588149ca1a57265f7905ac62d86d8b)] -> xpath: //legend[normalize-space()='Your Password']]
[INFO] 22-02-2026 13:18:54 [main] Log - Thông báo lỗi: [Warning: E-Mail Address is already registered!]
[ERROR] 22-02-2026 13:18:54 [main] Log - Test case registerNegativeBoundary is failed.
[ERROR] 22-02-2026 13:18:54 [main] Log - java.lang.AssertionError: Lỗi mong muốn không tìm thấy: Telephone must be between 3 and 32 characters!
Thông báo thực tế: [Warning: E-Mail Address is already registered!] expected [true] but found [false]
[INFO] 22-02-2026 13:18:57 [main] Log - Running test case registerSuccess
[INFO] 22-02-2026 13:18:57 [main] Log - Đang xác thực giá trị đúng...

[INFO] 22-02-2026 13:18:57 [main] Log - Giá trị đúng
[INFO] 22-02-2026 13:18:57 [main] Log - Cuộn tới phần tử: [[ChromeDriver: chrome on windows (72588149ca1a57265f7905ac62d86d8b)] -> xpath: //legend[normalize-space()='Your Personal Details']]
[INFO] 22-02-2026 13:18:58 [main] Log - Cuộn tới phần tử: [[ChromeDriver: chrome on windows (72588149ca1a57265f7905ac62d86d8b)] -> xpath: //legend[normalize-space()='Your Password']]
[ERROR] 22-02-2026 13:19:29 [main] Log - Test case registerSuccess is failed.
[ERROR] 22-02-2026 13:19:29 [main] Log - org.openqa.selenium.NoSuchElementException: Timed out after 5 seconds. Unable to locate the element
[INFO] 22-02-2026 13:19:32 [main] Log - Running test case registerSuccess
[ERROR] 22-02-2026 13:21:03 [main] Log - Hết thời gian chờ phần tử có thể click: Proxy element for: AjaxElementLocator 'By.xpath: //a[normalize-space()='Register']'
[ERROR] 22-02-2026 13:21:33 [main] Log - Test case registerSuccess is failed.
[ERROR] 22-02-2026 13:21:34 [main] Log - java.lang.RuntimeException: Không thể tìm thấy phần tử có thể click: Proxy element for: AjaxElementLocator 'By.xpath: //a[normalize-space()='Register']'
[INFO] 22-02-2026 13:21:36 [main] Log - End testing AutomationOpenCart
[INFO] 22-02-2026 20:39:54 [main] Log - Khởi tạo trình duyệt: chrome
[INFO] 22-02-2026 20:40:14 [main] Log - Running test case registerNegativeBoundary
[ERROR] 22-02-2026 20:40:14 [main] Log - Test case registerNegativeBoundary is skipped.
[ERROR] 22-02-2026 20:40:14 [main] Log - org.openqa.selenium.WebDriverException: unknown error: net::ERR_CONNECTION_REFUSED
  (Session info: chrome=145.0.7632.76)
Build info: version: '4.29.0', revision: '5fc1ec94cb'
System info: os.name: 'Windows 11', os.arch: 'amd64', os.version: '10.0', java.version: '17.0.12'
Driver info: org.openqa.selenium.chrome.ChromeDriver
Command: [9ca0639fa358d685a43f7760a0fc7830, get {url=http://localhost/opencart/}]
Capabilities {acceptInsecureCerts: false, browserName: chrome, browserVersion: 145.0.7632.76, chrome: {chromedriverVersion: 145.0.7632.77 (da516187054a..., userDataDir: C:\Users\velvet\AppData\Loc...}, fedcm:accounts: true, goog:chromeOptions: {debuggerAddress: localhost:58247}, goog:processID: 15376, networkConnectionEnabled: false, pageLoadStrategy: normal, platformName: windows, proxy: Proxy(), se:cdp: ws://localhost:58247/devtoo..., se:cdpVersion: 145.0.7632.76, setWindowRect: true, strictFileInteractability: false, timeouts: {implicit: 0, pageLoad: 300000, script: 30000}, unhandledPromptBehavior: dismiss and notify, webauthn:extension:credBlob: true, webauthn:extension:largeBlob: true, webauthn:extension:minPinLength: true, webauthn:extension:prf: true, webauthn:virtualAuthenticators: true}
Session ID: 9ca0639fa358d685a43f7760a0fc7830
[INFO] 22-02-2026 20:41:11 [main] Log - Khởi tạo trình duyệt: chrome
[INFO] 22-02-2026 20:41:17 [main] Log - Running test case registerNegativeBoundary
[INFO] 22-02-2026 20:41:18 [main] Log - Cuộn tới phần tử: [[ChromeDriver: chrome on windows (c4fd559c8d101d81d9749ce2619b9766)] -> xpath: //legend[normalize-space()='Your Personal Details']]
[INFO] 22-02-2026 20:41:19 [main] Log - Cuộn tới phần tử: [[ChromeDriver: chrome on windows (c4fd559c8d101d81d9749ce2619b9766)] -> xpath: //legend[normalize-space()='Your Password']]
[INFO] 22-02-2026 20:41:50 [main] Log - Thông báo lỗi: [First Name must be between 1 and 32 characters!]
[INFO] 22-02-2026 20:41:50 [main] Log - Test case registerNegativeBoundary is passed.
[INFO] 22-02-2026 20:41:54 [main] Log - Running test case registerNegativeBoundary
[INFO] 22-02-2026 20:41:55 [main] Log - Cuộn tới phần tử: [[ChromeDriver: chrome on windows (c4fd559c8d101d81d9749ce2619b9766)] -> xpath: //legend[normalize-space()='Your Personal Details']]
[INFO] 22-02-2026 20:41:55 [main] Log - Cuộn tới phần tử: [[ChromeDriver: chrome on windows (c4fd559c8d101d81d9749ce2619b9766)] -> xpath: //legend[normalize-space()='Your Password']]
[INFO] 22-02-2026 20:42:26 [main] Log - Thông báo lỗi: [First Name must be between 1 and 32 characters!]
[INFO] 22-02-2026 20:42:26 [main] Log - Test case registerNegativeBoundary is passed.
[INFO] 22-02-2026 20:42:29 [main] Log - Running test case registerNegativeBoundary
[INFO] 22-02-2026 20:42:29 [main] Log - Cuộn tới phần tử: [[ChromeDriver: chrome on windows (c4fd559c8d101d81d9749ce2619b9766)] -> xpath: //legend[normalize-space()='Your Personal Details']]
[INFO] 22-02-2026 20:42:30 [main] Log - Cuộn tới phần tử: [[ChromeDriver: chrome on windows (c4fd559c8d101d81d9749ce2619b9766)] -> xpath: //legend[normalize-space()='Your Password']]
[INFO] 22-02-2026 20:43:01 [main] Log - Thông báo lỗi: [Warning: E-Mail Address is already registered!]
[ERROR] 22-02-2026 20:43:01 [main] Log - Test case registerNegativeBoundary is failed.
[ERROR] 22-02-2026 20:43:02 [main] Log - java.lang.AssertionError: Lỗi mong muốn không tìm thấy: E-Mail Address does not appear to be valid!
Thông báo thực tế: [Warning: E-Mail Address is already registered!] expected [true] but found [false]
[INFO] 22-02-2026 20:43:04 [main] Log - Running test case registerNegativeBoundary
[INFO] 22-02-2026 20:43:04 [main] Log - Cuộn tới phần tử: [[ChromeDriver: chrome on windows (c4fd559c8d101d81d9749ce2619b9766)] -> xpath: //legend[normalize-space()='Your Personal Details']]
[INFO] 22-02-2026 20:43:05 [main] Log - Cuộn tới phần tử: [[ChromeDriver: chrome on windows (c4fd559c8d101d81d9749ce2619b9766)] -> xpath: //legend[normalize-space()='Your Password']]
[INFO] 22-02-2026 20:43:06 [main] Log - Thông báo lỗi: [Warning: E-Mail Address is already registered!, Telephone must be between 3 and 32 characters!]
[INFO] 22-02-2026 20:43:06 [main] Log - Test case registerNegativeBoundary is passed.
[INFO] 22-02-2026 20:43:08 [main] Log - Running test case registerNegativeBoundary
[INFO] 22-02-2026 20:43:09 [main] Log - Cuộn tới phần tử: [[ChromeDriver: chrome on windows (c4fd559c8d101d81d9749ce2619b9766)] -> xpath: //legend[normalize-space()='Your Personal Details']]
[INFO] 22-02-2026 20:43:10 [main] Log - Cuộn tới phần tử: [[ChromeDriver: chrome on windows (c4fd559c8d101d81d9749ce2619b9766)] -> xpath: //legend[normalize-space()='Your Password']]
[INFO] 22-02-2026 20:43:41 [main] Log - Thông báo lỗi: [E-Mail Address does not appear to be valid!]
[INFO] 22-02-2026 20:43:41 [main] Log - Test case registerNegativeBoundary is passed.
[INFO] 22-02-2026 20:43:43 [main] Log - Running test case registerNegativeBoundary
[INFO] 22-02-2026 20:43:44 [main] Log - Cuộn tới phần tử: [[ChromeDriver: chrome on windows (c4fd559c8d101d81d9749ce2619b9766)] -> xpath: //legend[normalize-space()='Your Personal Details']]
[INFO] 22-02-2026 20:43:44 [main] Log - Cuộn tới phần tử: [[ChromeDriver: chrome on windows (c4fd559c8d101d81d9749ce2619b9766)] -> xpath: //legend[normalize-space()='Your Password']]
[INFO] 22-02-2026 20:44:16 [main] Log - Thông báo lỗi: [Warning: E-Mail Address is already registered!]
[ERROR] 22-02-2026 20:44:16 [main] Log - Test case registerNegativeBoundary is failed.
[ERROR] 22-02-2026 20:44:16 [main] Log - java.lang.AssertionError: Lỗi mong muốn không tìm thấy: E-Mail Address is already registered! 
Thông báo thực tế: [Warning: E-Mail Address is already registered!] expected [true] but found [false]
[INFO] 22-02-2026 20:44:18 [main] Log - Running test case registerNegativeBoundary
[INFO] 22-02-2026 20:44:19 [main] Log - Cuộn tới phần tử: [[ChromeDriver: chrome on windows (c4fd559c8d101d81d9749ce2619b9766)] -> xpath: //legend[normalize-space()='Your Personal Details']]
[INFO] 22-02-2026 20:44:19 [main] Log - Cuộn tới phần tử: [[ChromeDriver: chrome on windows (c4fd559c8d101d81d9749ce2619b9766)] -> xpath: //legend[normalize-space()='Your Password']]
[INFO] 22-02-2026 20:44:51 [main] Log - Thông báo lỗi: [Warning: E-Mail Address is already registered!]
[ERROR] 22-02-2026 20:44:51 [main] Log - Test case registerNegativeBoundary is failed.
[ERROR] 22-02-2026 20:44:51 [main] Log - java.lang.AssertionError: Lỗi mong muốn không tìm thấy: Telephone must be between 3 and 32 characters!
Thông báo thực tế: [Warning: E-Mail Address is already registered!] expected [true] but found [false]
[INFO] 22-02-2026 20:44:53 [main] Log - Running test case registerSuccess
[INFO] 22-02-2026 20:44:54 [main] Log - Đang xác thực giá trị đúng...

[INFO] 22-02-2026 20:44:54 [main] Log - Giá trị đúng
[INFO] 22-02-2026 20:44:54 [main] Log - Cuộn tới phần tử: [[ChromeDriver: chrome on windows (c4fd559c8d101d81d9749ce2619b9766)] -> xpath: //legend[normalize-space()='Your Personal Details']]
[INFO] 22-02-2026 20:44:55 [main] Log - Cuộn tới phần tử: [[ChromeDriver: chrome on windows (c4fd559c8d101d81d9749ce2619b9766)] -> xpath: //legend[normalize-space()='Your Password']]
[ERROR] 22-02-2026 20:45:18 [main] Log - Test case registerSuccess is failed.
[ERROR] 22-02-2026 20:45:18 [main] Log - Test case registerSuccess is failed.
[INFO] 22-02-2026 20:45:18 [main] Log - End testing AutomationOpenCart
[INFO] 22-02-2026 20:49:03 [main] Log - Khởi tạo trình duyệt: chrome
[INFO] 22-02-2026 20:49:08 [main] Log - Running test case registerNegativeBoundary
[INFO] 22-02-2026 20:49:10 [main] Log - Cuộn tới phần tử: [[ChromeDriver: chrome on windows (92ec792a54c4ee3f904720f10c84d862)] -> xpath: //legend[normalize-space()='Your Personal Details']]
[INFO] 22-02-2026 20:49:11 [main] Log - Cuộn tới phần tử: [[ChromeDriver: chrome on windows (92ec792a54c4ee3f904720f10c84d862)] -> xpath: //legend[normalize-space()='Your Password']]
[INFO] 22-02-2026 20:49:42 [main] Log - Thông báo lỗi: [First Name must be between 1 and 32 characters!]
[INFO] 22-02-2026 20:49:42 [main] Log - Test case registerNegativeBoundary is passed.
[INFO] 22-02-2026 20:49:47 [main] Log - Running test case registerNegativeBoundary
[INFO] 22-02-2026 20:49:47 [main] Log - Cuộn tới phần tử: [[ChromeDriver: chrome on windows (92ec792a54c4ee3f904720f10c84d862)] -> xpath: //legend[normalize-space()='Your Personal Details']]
[INFO] 22-02-2026 20:49:48 [main] Log - Cuộn tới phần tử: [[ChromeDriver: chrome on windows (92ec792a54c4ee3f904720f10c84d862)] -> xpath: //legend[normalize-space()='Your Password']]
[INFO] 22-02-2026 20:50:19 [main] Log - Thông báo lỗi: [First Name must be between 1 and 32 characters!]
[INFO] 22-02-2026 20:50:19 [main] Log - Test case registerNegativeBoundary is passed.
[INFO] 22-02-2026 20:50:22 [main] Log - Running test case registerNegativeBoundary
[INFO] 22-02-2026 20:50:22 [main] Log - Cuộn tới phần tử: [[ChromeDriver: chrome on windows (92ec792a54c4ee3f904720f10c84d862)] -> xpath: //legend[normalize-space()='Your Personal Details']]
[INFO] 22-02-2026 20:50:23 [main] Log - Cuộn tới phần tử: [[ChromeDriver: chrome on windows (92ec792a54c4ee3f904720f10c84d862)] -> xpath: //legend[normalize-space()='Your Password']]
[INFO] 22-02-2026 20:51:26 [main] Log - Thông báo lỗi: []
[ERROR] 22-02-2026 20:51:26 [main] Log - Test case registerNegativeBoundary is failed.
[ERROR] 22-02-2026 20:51:27 [main] Log - java.lang.AssertionError: Lỗi mong muốn không tìm thấy: E-Mail Address does not appear to be valid!
Thông báo thực tế: [] expected [true] but found [false]
[INFO] 22-02-2026 20:51:30 [main] Log - Running test case registerNegativeBoundary
[INFO] 22-02-2026 20:51:31 [main] Log - Cuộn tới phần tử: [[ChromeDriver: chrome on windows (92ec792a54c4ee3f904720f10c84d862)] -> xpath: //legend[normalize-space()='Your Personal Details']]
[INFO] 22-02-2026 20:51:32 [main] Log - Cuộn tới phần tử: [[ChromeDriver: chrome on windows (92ec792a54c4ee3f904720f10c84d862)] -> xpath: //legend[normalize-space()='Your Password']]
[INFO] 22-02-2026 20:52:03 [main] Log - Thông báo lỗi: [Telephone must be between 3 and 32 characters!]
[INFO] 22-02-2026 20:52:03 [main] Log - Test case registerNegativeBoundary is passed.
[INFO] 22-02-2026 20:52:06 [main] Log - Running test case registerNegativeBoundary
[INFO] 22-02-2026 20:52:06 [main] Log - Cuộn tới phần tử: [[ChromeDriver: chrome on windows (92ec792a54c4ee3f904720f10c84d862)] -> xpath: //legend[normalize-space()='Your Personal Details']]
[INFO] 22-02-2026 20:52:07 [main] Log - Cuộn tới phần tử: [[ChromeDriver: chrome on windows (92ec792a54c4ee3f904720f10c84d862)] -> xpath: //legend[normalize-space()='Your Password']]
[INFO] 22-02-2026 20:52:38 [main] Log - Thông báo lỗi: [E-Mail Address does not appear to be valid!]
[INFO] 22-02-2026 20:52:38 [main] Log - Test case registerNegativeBoundary is passed.
[INFO] 22-02-2026 20:52:40 [main] Log - Running test case registerNegativeBoundary
[INFO] 22-02-2026 20:52:41 [main] Log - Cuộn tới phần tử: [[ChromeDriver: chrome on windows (92ec792a54c4ee3f904720f10c84d862)] -> xpath: //legend[normalize-space()='Your Personal Details']]
[INFO] 22-02-2026 20:52:42 [main] Log - Cuộn tới phần tử: [[ChromeDriver: chrome on windows (92ec792a54c4ee3f904720f10c84d862)] -> xpath: //legend[normalize-space()='Your Password']]
[INFO] 22-02-2026 20:53:13 [main] Log - Thông báo lỗi: [Warning: E-Mail Address is already registered!]
[ERROR] 22-02-2026 20:53:13 [main] Log - Test case registerNegativeBoundary is failed.
[ERROR] 22-02-2026 20:53:13 [main] Log - java.lang.AssertionError: Lỗi mong muốn không tìm thấy: E-Mail Address is already registered! 
Thông báo thực tế: [Warning: E-Mail Address is already registered!] expected [true] but found [false]
[INFO] 22-02-2026 20:53:16 [main] Log - Running test case registerNegativeBoundary
[INFO] 22-02-2026 20:53:16 [main] Log - Cuộn tới phần tử: [[ChromeDriver: chrome on windows (92ec792a54c4ee3f904720f10c84d862)] -> xpath: //legend[normalize-space()='Your Personal Details']]
[INFO] 22-02-2026 20:53:17 [main] Log - Cuộn tới phần tử: [[ChromeDriver: chrome on windows (92ec792a54c4ee3f904720f10c84d862)] -> xpath: //legend[normalize-space()='Your Password']]
[INFO] 22-02-2026 20:54:18 [main] Log - Thông báo lỗi: []
[ERROR] 22-02-2026 20:54:18 [main] Log - Test case registerNegativeBoundary is failed.
[ERROR] 22-02-2026 20:54:18 [main] Log - java.lang.AssertionError: Lỗi mong muốn không tìm thấy: Telephone must be between 3 and 32 characters!
Thông báo thực tế: [] expected [true] but found [false]
[INFO] 22-02-2026 20:54:21 [main] Log - Running test case registerSuccess
[ERROR] 22-02-2026 20:55:38 [main] Log - Hết thời gian chờ phần tử có thể click: [[ChromeDriver: chrome on windows (92ec792a54c4ee3f904720f10c84d862)] -> xpath: //a[normalize-space()='Register']]
[ERROR] 22-02-2026 20:55:38 [main] Log - Test case registerSuccess is failed.
[ERROR] 22-02-2026 20:55:38 [main] Log - java.lang.RuntimeException: Không thể tìm thấy phần tử có thể click: [[ChromeDriver: chrome on windows (92ec792a54c4ee3f904720f10c84d862)] -> xpath: //a[normalize-space()='Register']]
[INFO] 22-02-2026 20:55:41 [main] Log - Running test case registerSuccess
[INFO] 22-02-2026 20:55:41 [main] Log - Đang xác thực giá trị đúng...

[INFO] 22-02-2026 20:55:41 [main] Log - Giá trị đúng
[INFO] 22-02-2026 20:55:41 [main] Log - Cuộn tới phần tử: [[ChromeDriver: chrome on windows (92ec792a54c4ee3f904720f10c84d862)] -> xpath: //legend[normalize-space()='Your Personal Details']]
[INFO] 22-02-2026 20:55:42 [main] Log - Cuộn tới phần tử: [[ChromeDriver: chrome on windows (92ec792a54c4ee3f904720f10c84d862)] -> xpath: //legend[normalize-space()='Your Password']]
[ERROR] 22-02-2026 20:56:13 [main] Log - Test case registerSuccess is failed.
[ERROR] 22-02-2026 20:56:14 [main] Log - org.openqa.selenium.NoSuchElementException: Timed out after 5 seconds. Unable to locate the element
[INFO] 22-02-2026 20:56:17 [main] Log - End testing AutomationOpenCart
[INFO] 22-02-2026 21:01:26 [main] Log - Khởi tạo trình duyệt: chrome
[INFO] 22-02-2026 21:01:31 [main] Log - Running test case registerSuccess
[INFO] 22-02-2026 21:01:32 [main] Log - Đang xác thực giá trị đúng...

[INFO] 22-02-2026 21:01:32 [main] Log - Giá trị đúng
[INFO] 22-02-2026 21:01:32 [main] Log - Cuộn tới phần tử: [[ChromeDriver: chrome on windows (5000f1aeff70b6604b9849baa95aa2a2)] -> xpath: //legend[normalize-space()='Your Personal Details']]
[INFO] 22-02-2026 21:01:33 [main] Log - Cuộn tới phần tử: [[ChromeDriver: chrome on windows (5000f1aeff70b6604b9849baa95aa2a2)] -> xpath: //legend[normalize-space()='Your Password']]
[ERROR] 22-02-2026 21:02:05 [main] Log - Test case registerSuccess is failed.
[ERROR] 22-02-2026 21:02:05 [main] Log - org.openqa.selenium.NoSuchElementException: Timed out after 5 seconds. Unable to locate the element
[INFO] 22-02-2026 21:03:30 [main] Log - Khởi tạo trình duyệt: chrome
[INFO] 22-02-2026 21:03:36 [main] Log - Running test case registerSuccess
[INFO] 22-02-2026 21:03:37 [main] Log - Đang xác thực giá trị đúng...

[INFO] 22-02-2026 21:03:37 [main] Log - Giá trị đúng
[INFO] 22-02-2026 21:03:37 [main] Log - Cuộn tới phần tử: [[ChromeDriver: chrome on windows (426c3ff56d275ede268096904955da96)] -> xpath: //legend[normalize-space()='Your Personal Details']]
[INFO] 22-02-2026 21:03:38 [main] Log - Cuộn tới phần tử: [[ChromeDriver: chrome on windows (426c3ff56d275ede268096904955da96)] -> xpath: //legend[normalize-space()='Your Password']]
[ERROR] 22-02-2026 21:03:45 [main] Log - Test case registerSuccess is failed.
[ERROR] 22-02-2026 21:03:45 [main] Log - Test case registerSuccess is failed.
[INFO] 22-02-2026 21:03:45 [main] Log - End testing AutomationOpenCart
[INFO] 22-02-2026 21:04:26 [main] Log - Khởi tạo trình duyệt: chrome
[INFO] 22-02-2026 21:04:32 [main] Log - Running test case registerSuccess
[INFO] 22-02-2026 21:04:32 [main] Log - Đang xác thực giá trị đúng...

[INFO] 22-02-2026 21:04:32 [main] Log - Giá trị đúng
[INFO] 22-02-2026 21:04:32 [main] Log - Cuộn tới phần tử: [[ChromeDriver: chrome on windows (4a5663023f23d9f84261fe1060226c11)] -> xpath: //legend[normalize-space()='Your Personal Details']]
[INFO] 22-02-2026 21:04:33 [main] Log - Cuộn tới phần tử: [[ChromeDriver: chrome on windows (4a5663023f23d9f84261fe1060226c11)] -> xpath: //legend[normalize-space()='Your Password']]
[ERROR] 22-02-2026 21:05:05 [main] Log - Test case registerSuccess is failed.
[ERROR] 22-02-2026 21:05:05 [main] Log - org.openqa.selenium.NoSuchElementException: Timed out after 5 seconds. Unable to locate the element
[INFO] 22-02-2026 21:05:08 [main] Log - Running test case registerSuccess
[ERROR] 22-02-2026 21:06:07 [main] Log - Hết thời gian chờ phần tử có thể click: [[ChromeDriver: chrome on windows (4a5663023f23d9f84261fe1060226c11)] -> xpath: //a[normalize-space()='Register']]
[ERROR] 22-02-2026 21:06:07 [main] Log - Test case registerSuccess is failed.
[ERROR] 22-02-2026 21:06:07 [main] Log - java.lang.RuntimeException: Không thể tìm thấy phần tử có thể click: [[ChromeDriver: chrome on windows (4a5663023f23d9f84261fe1060226c11)] -> xpath: //a[normalize-space()='Register']]
[INFO] 22-02-2026 21:06:10 [main] Log - Running test case registerNegativeBoundary
[INFO] 22-02-2026 21:06:11 [main] Log - Cuộn tới phần tử: [[ChromeDriver: chrome on windows (4a5663023f23d9f84261fe1060226c11)] -> xpath: //legend[normalize-space()='Your Personal Details']]
[INFO] 22-02-2026 21:06:11 [main] Log - Cuộn tới phần tử: [[ChromeDriver: chrome on windows (4a5663023f23d9f84261fe1060226c11)] -> xpath: //legend[normalize-space()='Your Password']]
[INFO] 22-02-2026 21:06:43 [main] Log - Thông báo lỗi: [First Name must be between 1 and 32 characters!]
[INFO] 22-02-2026 21:06:43 [main] Log - Test case registerNegativeBoundary is passed.
[INFO] 22-02-2026 21:06:45 [main] Log - Running test case registerNegativeBoundary
[INFO] 22-02-2026 21:06:46 [main] Log - Cuộn tới phần tử: [[ChromeDriver: chrome on windows (4a5663023f23d9f84261fe1060226c11)] -> xpath: //legend[normalize-space()='Your Personal Details']]
[INFO] 22-02-2026 21:06:47 [main] Log - Cuộn tới phần tử: [[ChromeDriver: chrome on windows (4a5663023f23d9f84261fe1060226c11)] -> xpath: //legend[normalize-space()='Your Password']]
[INFO] 22-02-2026 21:07:18 [main] Log - Thông báo lỗi: [First Name must be between 1 and 32 characters!]
[INFO] 22-02-2026 21:07:18 [main] Log - Test case registerNegativeBoundary is passed.
[INFO] 22-02-2026 21:07:20 [main] Log - Running test case registerNegativeBoundary
[INFO] 22-02-2026 21:07:21 [main] Log - Cuộn tới phần tử: [[ChromeDriver: chrome on windows (4a5663023f23d9f84261fe1060226c11)] -> xpath: //legend[normalize-space()='Your Personal Details']]
[INFO] 22-02-2026 21:07:22 [main] Log - Cuộn tới phần tử: [[ChromeDriver: chrome on windows (4a5663023f23d9f84261fe1060226c11)] -> xpath: //legend[normalize-space()='Your Password']]
[INFO] 22-02-2026 21:07:53 [main] Log - Thông báo lỗi: [Telephone must be between 3 and 32 characters!]
[INFO] 22-02-2026 21:07:53 [main] Log - Test case registerNegativeBoundary is passed.
[INFO] 22-02-2026 21:07:55 [main] Log - Running test case registerNegativeBoundary
[INFO] 22-02-2026 21:07:56 [main] Log - Cuộn tới phần tử: [[ChromeDriver: chrome on windows (4a5663023f23d9f84261fe1060226c11)] -> xpath: //legend[normalize-space()='Your Personal Details']]
[INFO] 22-02-2026 21:07:57 [main] Log - Cuộn tới phần tử: [[ChromeDriver: chrome on windows (4a5663023f23d9f84261fe1060226c11)] -> xpath: //legend[normalize-space()='Your Password']]
[INFO] 22-02-2026 21:08:28 [main] Log - Thông báo lỗi: [E-Mail Address does not appear to be valid!]
[INFO] 22-02-2026 21:08:28 [main] Log - Test case registerNegativeBoundary is passed.
[INFO] 22-02-2026 21:08:30 [main] Log - Running test case registerNegativeBoundary
[INFO] 22-02-2026 21:08:31 [main] Log - Cuộn tới phần tử: [[ChromeDriver: chrome on windows (4a5663023f23d9f84261fe1060226c11)] -> xpath: //legend[normalize-space()='Your Personal Details']]
[INFO] 22-02-2026 21:08:32 [main] Log - Cuộn tới phần tử: [[ChromeDriver: chrome on windows (4a5663023f23d9f84261fe1060226c11)] -> xpath: //legend[normalize-space()='Your Password']]
[INFO] 22-02-2026 21:09:03 [main] Log - Thông báo lỗi: [Warning: E-Mail Address is already registered!]
[INFO] 22-02-2026 21:09:03 [main] Log - Test case registerNegativeBoundary is passed.
[INFO] 22-02-2026 21:09:05 [main] Log - Running test case registerNegativeBoundary
[INFO] 22-02-2026 21:09:06 [main] Log - Cuộn tới phần tử: [[ChromeDriver: chrome on windows (4a5663023f23d9f84261fe1060226c11)] -> xpath: //legend[normalize-space()='Your Personal Details']]
[INFO] 22-02-2026 21:09:07 [main] Log - Cuộn tới phần tử: [[ChromeDriver: chrome on windows (4a5663023f23d9f84261fe1060226c11)] -> xpath: //legend[normalize-space()='Your Password']]
[INFO] 22-02-2026 21:10:08 [main] Log - Thông báo lỗi: []
[ERROR] 22-02-2026 21:10:08 [main] Log - Test case registerNegativeBoundary is failed.
[ERROR] 22-02-2026 21:10:08 [main] Log - java.lang.AssertionError: Lỗi mong muốn không tìm thấy: Telephone must be between 3 and 32 characters!
Thông báo thực tế: [] expected [true] but found [false]
[INFO] 22-02-2026 21:10:11 [main] Log - Running test case registerNegativeBoundary
[ERROR] 22-02-2026 21:11:23 [main] Log - Hết thời gian chờ phần tử có thể click: [[ChromeDriver: chrome on windows (4a5663023f23d9f84261fe1060226c11)] -> xpath: //a[normalize-space()='Register']]
[ERROR] 22-02-2026 21:11:23 [main] Log - Test case registerNegativeBoundary is failed.
[ERROR] 22-02-2026 21:11:23 [main] Log - java.lang.RuntimeException: Không thể tìm thấy phần tử có thể click: [[ChromeDriver: chrome on windows (4a5663023f23d9f84261fe1060226c11)] -> xpath: //a[normalize-space()='Register']]
[INFO] 22-02-2026 21:11:26 [main] Log - End testing AutomationOpenCart
[INFO] 22-02-2026 21:18:15 [main] Log - Khởi tạo trình duyệt: chrome
[INFO] 22-02-2026 21:18:20 [main] Log - Running test case registerSuccess
[INFO] 22-02-2026 21:18:21 [main] Log - Đang xác thực giá trị đúng...

[INFO] 22-02-2026 21:18:21 [main] Log - Giá trị đúng
[INFO] 22-02-2026 21:18:21 [main] Log - Cuộn tới phần tử: [[ChromeDriver: chrome on windows (798064ce5de22488a63a87a1226ca913)] -> xpath: //legend[normalize-space()='Your Personal Details']]
[INFO] 22-02-2026 21:18:22 [main] Log - Cuộn tới phần tử: [[ChromeDriver: chrome on windows (798064ce5de22488a63a87a1226ca913)] -> xpath: //legend[normalize-space()='Your Password']]
[INFO] 22-02-2026 21:18:23 [main] Log - Đang xác thực giá trị đúng...

[INFO] 22-02-2026 21:18:23 [main] Log - Giá trị đúng
[ERROR] 22-02-2026 21:18:24 [main] Log - Test case registerSuccess is failed.
[ERROR] 22-02-2026 21:18:24 [main] Log - org.openqa.selenium.ElementNotInteractableException: element not interactable: http://localhost/opencart/index.php?route=account/logout has no size and location
  (Session info: chrome=145.0.7632.76)
Build info: version: '4.29.0', revision: '5fc1ec94cb'
System info: os.name: 'Windows 11', os.arch: 'amd64', os.version: '10.0', java.version: '17.0.12'
Driver info: org.openqa.selenium.chrome.ChromeDriver
Command: [798064ce5de22488a63a87a1226ca913, actions {actions=[org.openqa.selenium.interactions.Sequence@4a7ac98b]}]
Capabilities {acceptInsecureCerts: false, browserName: chrome, browserVersion: 145.0.7632.76, chrome: {chromedriverVersion: 145.0.7632.77 (da516187054a..., userDataDir: C:\Users\velvet\AppData\Loc...}, fedcm:accounts: true, goog:chromeOptions: {debuggerAddress: localhost:59662}, goog:processID: 4180, networkConnectionEnabled: false, pageLoadStrategy: normal, platformName: windows, proxy: Proxy(), se:cdp: ws://localhost:59662/devtoo..., se:cdpVersion: 145.0.7632.76, setWindowRect: true, strictFileInteractability: false, timeouts: {implicit: 0, pageLoad: 300000, script: 30000}, unhandledPromptBehavior: dismiss and notify, webauthn:extension:credBlob: true, webauthn:extension:largeBlob: true, webauthn:extension:minPinLength: true, webauthn:extension:prf: true, webauthn:virtualAuthenticators: true}
Session ID: 798064ce5de22488a63a87a1226ca913
[INFO] 22-02-2026 21:18:27 [main] Log - Running test case registerSuccess
[ERROR] 22-02-2026 21:19:31 [main] Log - Hết thời gian chờ phần tử có thể click: [[ChromeDriver: chrome on windows (798064ce5de22488a63a87a1226ca913)] -> xpath: //a[normalize-space()='Register']]
[ERROR] 22-02-2026 21:19:31 [main] Log - Test case registerSuccess is failed.
[ERROR] 22-02-2026 21:19:31 [main] Log - java.lang.RuntimeException: Không thể tìm thấy phần tử có thể click: [[ChromeDriver: chrome on windows (798064ce5de22488a63a87a1226ca913)] -> xpath: //a[normalize-space()='Register']]
[INFO] 22-02-2026 21:19:34 [main] Log - Running test case registerNegativeBoundary
[INFO] 22-02-2026 21:19:34 [main] Log - Cuộn tới phần tử: [[ChromeDriver: chrome on windows (798064ce5de22488a63a87a1226ca913)] -> xpath: //legend[normalize-space()='Your Personal Details']]
[INFO] 22-02-2026 21:19:35 [main] Log - Cuộn tới phần tử: [[ChromeDriver: chrome on windows (798064ce5de22488a63a87a1226ca913)] -> xpath: //legend[normalize-space()='Your Password']]
[INFO] 22-02-2026 21:20:06 [main] Log - Thông báo lỗi: [First Name must be between 1 and 32 characters!]
[INFO] 22-02-2026 21:20:06 [main] Log - Test case registerNegativeBoundary is passed.
[INFO] 22-02-2026 21:20:09 [main] Log - Running test case registerNegativeBoundary
[INFO] 22-02-2026 21:20:09 [main] Log - Cuộn tới phần tử: [[ChromeDriver: chrome on windows (798064ce5de22488a63a87a1226ca913)] -> xpath: //legend[normalize-space()='Your Personal Details']]
[INFO] 22-02-2026 21:20:10 [main] Log - Cuộn tới phần tử: [[ChromeDriver: chrome on windows (798064ce5de22488a63a87a1226ca913)] -> xpath: //legend[normalize-space()='Your Password']]
[INFO] 22-02-2026 21:20:41 [main] Log - Thông báo lỗi: [First Name must be between 1 and 32 characters!]
[INFO] 22-02-2026 21:20:41 [main] Log - Test case registerNegativeBoundary is passed.
[INFO] 22-02-2026 21:20:44 [main] Log - Running test case registerNegativeBoundary
[INFO] 22-02-2026 21:20:44 [main] Log - Cuộn tới phần tử: [[ChromeDriver: chrome on windows (798064ce5de22488a63a87a1226ca913)] -> xpath: //legend[normalize-space()='Your Personal Details']]
[INFO] 22-02-2026 21:20:45 [main] Log - Cuộn tới phần tử: [[ChromeDriver: chrome on windows (798064ce5de22488a63a87a1226ca913)] -> xpath: //legend[normalize-space()='Your Password']]
[INFO] 22-02-2026 21:21:16 [main] Log - Thông báo lỗi: [Telephone must be between 3 and 32 characters!]
[INFO] 22-02-2026 21:21:16 [main] Log - Test case registerNegativeBoundary is passed.
[INFO] 22-02-2026 21:21:19 [main] Log - Running test case registerNegativeBoundary
[INFO] 22-02-2026 21:21:19 [main] Log - Cuộn tới phần tử: [[ChromeDriver: chrome on windows (798064ce5de22488a63a87a1226ca913)] -> xpath: //legend[normalize-space()='Your Personal Details']]
[INFO] 22-02-2026 21:21:20 [main] Log - Cuộn tới phần tử: [[ChromeDriver: chrome on windows (798064ce5de22488a63a87a1226ca913)] -> xpath: //legend[normalize-space()='Your Password']]
[INFO] 22-02-2026 21:21:51 [main] Log - Thông báo lỗi: [E-Mail Address does not appear to be valid!]
[INFO] 22-02-2026 21:21:51 [main] Log - Test case registerNegativeBoundary is passed.
[INFO] 22-02-2026 21:21:54 [main] Log - Running test case registerNegativeBoundary
[INFO] 22-02-2026 21:21:54 [main] Log - Cuộn tới phần tử: [[ChromeDriver: chrome on windows (798064ce5de22488a63a87a1226ca913)] -> xpath: //legend[normalize-space()='Your Personal Details']]
[INFO] 22-02-2026 21:21:55 [main] Log - Cuộn tới phần tử: [[ChromeDriver: chrome on windows (798064ce5de22488a63a87a1226ca913)] -> xpath: //legend[normalize-space()='Your Password']]
[INFO] 22-02-2026 21:22:26 [main] Log - Thông báo lỗi: [Warning: E-Mail Address is already registered!]
[INFO] 22-02-2026 21:22:26 [main] Log - Test case registerNegativeBoundary is passed.
[INFO] 22-02-2026 21:22:29 [main] Log - Running test case registerNegativeBoundary
[INFO] 22-02-2026 21:22:29 [main] Log - Cuộn tới phần tử: [[ChromeDriver: chrome on windows (798064ce5de22488a63a87a1226ca913)] -> xpath: //legend[normalize-space()='Your Personal Details']]
[INFO] 22-02-2026 21:22:30 [main] Log - Cuộn tới phần tử: [[ChromeDriver: chrome on windows (798064ce5de22488a63a87a1226ca913)] -> xpath: //legend[normalize-space()='Your Password']]
[INFO] 22-02-2026 21:23:31 [main] Log - Thông báo lỗi: []
[ERROR] 22-02-2026 21:23:31 [main] Log - Test case registerNegativeBoundary is failed.
[ERROR] 22-02-2026 21:23:32 [main] Log - java.lang.AssertionError: Lỗi mong muốn không tìm thấy: Telephone must be between 3 and 32 characters!
Thông báo thực tế: [] expected [true] but found [false]
[INFO] 22-02-2026 21:23:34 [main] Log - Running test case registerNegativeBoundary
[ERROR] 22-02-2026 21:25:05 [main] Log - Hết thời gian chờ phần tử có thể click: Proxy element for: AjaxElementLocator 'By.xpath: //a[normalize-space()='Register']'
[ERROR] 22-02-2026 21:25:36 [main] Log - Test case registerNegativeBoundary is failed.
[ERROR] 22-02-2026 21:25:36 [main] Log - java.lang.RuntimeException: Không thể tìm thấy phần tử có thể click: Proxy element for: AjaxElementLocator 'By.xpath: //a[normalize-space()='Register']'
[INFO] 22-02-2026 21:25:39 [main] Log - End testing AutomationOpenCart
[INFO] 22-02-2026 21:33:26 [main] Log - Khởi tạo trình duyệt: chrome
[INFO] 22-02-2026 21:33:31 [main] Log - Running test case registerSuccess
[INFO] 22-02-2026 21:33:32 [main] Log - Đang xác thực giá trị đúng...

[INFO] 22-02-2026 21:33:32 [main] Log - Giá trị đúng
[INFO] 22-02-2026 21:33:32 [main] Log - Cuộn tới phần tử: [[ChromeDriver: chrome on windows (f7320f5214a587a27b3f37a179619f68)] -> xpath: //legend[normalize-space()='Your Personal Details']]
[INFO] 22-02-2026 21:33:33 [main] Log - Cuộn tới phần tử: [[ChromeDriver: chrome on windows (f7320f5214a587a27b3f37a179619f68)] -> xpath: //legend[normalize-space()='Your Password']]
[INFO] 22-02-2026 21:33:35 [main] Log - Đang xác thực giá trị đúng...

[INFO] 22-02-2026 21:33:35 [main] Log - Giá trị đúng
[ERROR] 22-02-2026 21:33:45 [main] Log - Hết thời gian chờ phần tử có thể click: [[ChromeDriver: chrome on windows (f7320f5214a587a27b3f37a179619f68)] -> xpath: /html[1]/body[1]/nav[1]/div[1]/div[2]/ul[1]/li[2]/ul[1]/li[5]/a[1]]
[ERROR] 22-02-2026 21:33:45 [main] Log - Test case registerSuccess is failed.
[ERROR] 22-02-2026 21:33:46 [main] Log - java.lang.RuntimeException: Không thể tìm thấy phần tử có thể click: [[ChromeDriver: chrome on windows (f7320f5214a587a27b3f37a179619f68)] -> xpath: /html[1]/body[1]/nav[1]/div[1]/div[2]/ul[1]/li[2]/ul[1]/li[5]/a[1]]
[INFO] 22-02-2026 21:33:48 [main] Log - Running test case registerSuccess
[ERROR] 22-02-2026 21:35:20 [main] Log - Hết thời gian chờ phần tử có thể click: Proxy element for: AjaxElementLocator 'By.xpath: //a[normalize-space()='Register']'
[ERROR] 22-02-2026 21:35:50 [main] Log - Test case registerSuccess is failed.
[ERROR] 22-02-2026 21:35:50 [main] Log - java.lang.RuntimeException: Không thể tìm thấy phần tử có thể click: Proxy element for: AjaxElementLocator 'By.xpath: //a[normalize-space()='Register']'
[INFO] 22-02-2026 21:35:53 [main] Log - Running test case registerNegativeBoundary
[ERROR] 22-02-2026 21:36:40 [main] Log - Hết thời gian chờ phần tử có thể click: [[ChromeDriver: chrome on windows (f7320f5214a587a27b3f37a179619f68)] -> xpath: //a[normalize-space()='Register']]
[ERROR] 22-02-2026 21:36:40 [main] Log - Test case registerNegativeBoundary is failed.
[ERROR] 22-02-2026 21:36:40 [main] Log - java.lang.RuntimeException: Không thể tìm thấy phần tử có thể click: [[ChromeDriver: chrome on windows (f7320f5214a587a27b3f37a179619f68)] -> xpath: //a[normalize-space()='Register']]
[INFO] 22-02-2026 21:36:43 [main] Log - Running test case registerNegativeBoundary
[INFO] 22-02-2026 21:36:43 [main] Log - Cuộn tới phần tử: [[ChromeDriver: chrome on windows (f7320f5214a587a27b3f37a179619f68)] -> xpath: //legend[normalize-space()='Your Personal Details']]
[INFO] 22-02-2026 21:36:44 [main] Log - Cuộn tới phần tử: [[ChromeDriver: chrome on windows (f7320f5214a587a27b3f37a179619f68)] -> xpath: //legend[normalize-space()='Your Password']]
[ERROR] 22-02-2026 21:36:48 [main] Log - Test case registerNegativeBoundary is failed.
[ERROR] 22-02-2026 21:36:48 [main] Log - Test case registerNegativeBoundary is failed.
[INFO] 22-02-2026 21:36:48 [main] Log - End testing AutomationOpenCart
[INFO] 22-02-2026 21:39:18 [main] Log - Khởi tạo trình duyệt: chrome
[INFO] 22-02-2026 21:39:23 [main] Log - Running test case registerSuccess
[INFO] 22-02-2026 21:39:24 [main] Log - Đang xác thực giá trị đúng...

[INFO] 22-02-2026 21:39:24 [main] Log - Giá trị đúng
[INFO] 22-02-2026 21:39:24 [main] Log - Cuộn tới phần tử: [[ChromeDriver: chrome on windows (911b0fdd1f5d6eeaf688ef70ee9e8954)] -> xpath: //legend[normalize-space()='Your Personal Details']]
[INFO] 22-02-2026 21:39:25 [main] Log - Cuộn tới phần tử: [[ChromeDriver: chrome on windows (911b0fdd1f5d6eeaf688ef70ee9e8954)] -> xpath: //legend[normalize-space()='Your Password']]
[INFO] 22-02-2026 21:39:26 [main] Log - Đang xác thực giá trị đúng...

[INFO] 22-02-2026 21:39:26 [main] Log - Giá trị đúng
[INFO] 22-02-2026 21:39:26 [main] Log - Cuộn tới phần tử: [[ChromeDriver: chrome on windows (911b0fdd1f5d6eeaf688ef70ee9e8954)] -> xpath: //a[@class='list-group-item'][normalize-space()='Logout']]
[INFO] 22-02-2026 21:39:26 [main] Log - Test case registerSuccess is passed.
[INFO] 22-02-2026 21:39:29 [main] Log - Running test case registerSuccess
[INFO] 22-02-2026 21:39:30 [main] Log - Đang xác thực giá trị đúng...

[INFO] 22-02-2026 21:39:30 [main] Log - Giá trị đúng
[INFO] 22-02-2026 21:39:30 [main] Log - Cuộn tới phần tử: [[ChromeDriver: chrome on windows (911b0fdd1f5d6eeaf688ef70ee9e8954)] -> xpath: //legend[normalize-space()='Your Personal Details']]
[INFO] 22-02-2026 21:39:30 [main] Log - Cuộn tới phần tử: [[ChromeDriver: chrome on windows (911b0fdd1f5d6eeaf688ef70ee9e8954)] -> xpath: //legend[normalize-space()='Your Password']]
[INFO] 22-02-2026 21:39:32 [main] Log - Đang xác thực giá trị đúng...

[INFO] 22-02-2026 21:39:32 [main] Log - Giá trị đúng
[INFO] 22-02-2026 21:39:32 [main] Log - Cuộn tới phần tử: [[ChromeDriver: chrome on windows (911b0fdd1f5d6eeaf688ef70ee9e8954)] -> xpath: //a[@class='list-group-item'][normalize-space()='Logout']]
[INFO] 22-02-2026 21:39:32 [main] Log - Test case registerSuccess is passed.
[INFO] 22-02-2026 21:39:35 [main] Log - Running test case registerNegativeBoundary
[ERROR] 22-02-2026 21:39:53 [main] Log - Hết thời gian chờ phần tử có thể click: [[ChromeDriver: chrome on windows (911b0fdd1f5d6eeaf688ef70ee9e8954)] -> xpath: //a[normalize-space()='Register']]
[ERROR] 22-02-2026 21:39:53 [main] Log - Test case registerNegativeBoundary is failed.
[ERROR] 22-02-2026 21:39:54 [main] Log - java.lang.RuntimeException: Không thể tìm thấy phần tử có thể click: [[ChromeDriver: chrome on windows (911b0fdd1f5d6eeaf688ef70ee9e8954)] -> xpath: //a[normalize-space()='Register']]
[INFO] 22-02-2026 21:39:57 [main] Log - Running test case registerNegativeBoundary
[INFO] 22-02-2026 21:39:57 [main] Log - Cuộn tới phần tử: [[ChromeDriver: chrome on windows (911b0fdd1f5d6eeaf688ef70ee9e8954)] -> xpath: //legend[normalize-space()='Your Personal Details']]
[INFO] 22-02-2026 21:39:58 [main] Log - Cuộn tới phần tử: [[ChromeDriver: chrome on windows (911b0fdd1f5d6eeaf688ef70ee9e8954)] -> xpath: //legend[normalize-space()='Your Password']]
[INFO] 22-02-2026 21:40:29 [main] Log - Thông báo lỗi: [First Name must be between 1 and 32 characters!]
[ERROR] 22-02-2026 21:40:59 [main] Log - Test case registerNegativeBoundary is failed.
[ERROR] 22-02-2026 21:41:00 [main] Log - org.openqa.selenium.NoSuchElementException: Timed out after 5 seconds. Unable to locate the element
[INFO] 22-02-2026 21:41:02 [main] Log - Running test case registerNegativeBoundary
[INFO] 22-02-2026 21:41:03 [main] Log - Cuộn tới phần tử: [[ChromeDriver: chrome on windows (911b0fdd1f5d6eeaf688ef70ee9e8954)] -> xpath: //legend[normalize-space()='Your Personal Details']]
[INFO] 22-02-2026 21:41:04 [main] Log - Cuộn tới phần tử: [[ChromeDriver: chrome on windows (911b0fdd1f5d6eeaf688ef70ee9e8954)] -> xpath: //legend[normalize-space()='Your Password']]
[INFO] 22-02-2026 21:41:35 [main] Log - Thông báo lỗi: [Telephone must be between 3 and 32 characters!]
[ERROR] 22-02-2026 21:42:05 [main] Log - Test case registerNegativeBoundary is failed.
[ERROR] 22-02-2026 21:42:05 [main] Log - org.openqa.selenium.NoSuchElementException: Timed out after 5 seconds. Unable to locate the element
[INFO] 22-02-2026 21:42:08 [main] Log - Running test case registerNegativeBoundary
[INFO] 22-02-2026 21:42:08 [main] Log - Cuộn tới phần tử: [[ChromeDriver: chrome on windows (911b0fdd1f5d6eeaf688ef70ee9e8954)] -> xpath: //legend[normalize-space()='Your Personal Details']]
[INFO] 22-02-2026 21:42:09 [main] Log - Cuộn tới phần tử: [[ChromeDriver: chrome on windows (911b0fdd1f5d6eeaf688ef70ee9e8954)] -> xpath: //legend[normalize-space()='Your Password']]
[INFO] 22-02-2026 21:42:40 [main] Log - Thông báo lỗi: [E-Mail Address does not appear to be valid!]
[ERROR] 22-02-2026 21:43:11 [main] Log - Test case registerNegativeBoundary is failed.
[ERROR] 22-02-2026 21:43:11 [main] Log - org.openqa.selenium.NoSuchElementException: Timed out after 5 seconds. Unable to locate the element
[INFO] 22-02-2026 21:43:14 [main] Log - Running test case registerNegativeBoundary
[INFO] 22-02-2026 21:43:14 [main] Log - Cuộn tới phần tử: [[ChromeDriver: chrome on windows (911b0fdd1f5d6eeaf688ef70ee9e8954)] -> xpath: //legend[normalize-space()='Your Personal Details']]
[INFO] 22-02-2026 21:43:15 [main] Log - Cuộn tới phần tử: [[ChromeDriver: chrome on windows (911b0fdd1f5d6eeaf688ef70ee9e8954)] -> xpath: //legend[normalize-space()='Your Password']]
[INFO] 22-02-2026 21:43:46 [main] Log - Thông báo lỗi: [Warning: E-Mail Address is already registered!]
[ERROR] 22-02-2026 21:44:17 [main] Log - Test case registerNegativeBoundary is failed.
[ERROR] 22-02-2026 21:44:17 [main] Log - org.openqa.selenium.NoSuchElementException: Timed out after 5 seconds. Unable to locate the element
[INFO] 22-02-2026 21:44:19 [main] Log - Running test case registerNegativeBoundary
[INFO] 22-02-2026 21:44:20 [main] Log - Cuộn tới phần tử: [[ChromeDriver: chrome on windows (911b0fdd1f5d6eeaf688ef70ee9e8954)] -> xpath: //legend[normalize-space()='Your Personal Details']]
[INFO] 22-02-2026 21:44:21 [main] Log - Cuộn tới phần tử: [[ChromeDriver: chrome on windows (911b0fdd1f5d6eeaf688ef70ee9e8954)] -> xpath: //legend[normalize-space()='Your Password']]
[INFO] 22-02-2026 21:45:23 [main] Log - Thông báo lỗi: []
[ERROR] 22-02-2026 21:45:23 [main] Log - Test case registerNegativeBoundary is failed.
[ERROR] 22-02-2026 21:45:23 [main] Log - java.lang.AssertionError: Lỗi mong muốn không tìm thấy: Telephone must be between 3 and 32 characters!
Thông báo thực tế: [] expected [true] but found [false]
[INFO] 22-02-2026 21:45:26 [main] Log - Running test case registerNegativeBoundary
[ERROR] 22-02-2026 21:46:57 [main] Log - Hết thời gian chờ phần tử có thể click: Proxy element for: AjaxElementLocator 'By.xpath: //a[normalize-space()='Register']'
[ERROR] 22-02-2026 21:47:27 [main] Log - Test case registerNegativeBoundary is failed.
[ERROR] 22-02-2026 21:47:27 [main] Log - java.lang.RuntimeException: Không thể tìm thấy phần tử có thể click: Proxy element for: AjaxElementLocator 'By.xpath: //a[normalize-space()='Register']'
[INFO] 22-02-2026 21:47:30 [main] Log - End testing AutomationOpenCart
[INFO] 22-02-2026 21:52:22 [main] Log - Khởi tạo trình duyệt: chrome
[INFO] 22-02-2026 21:52:28 [main] Log - Running test case registerSuccess
[INFO] 22-02-2026 21:52:29 [main] Log - Đang xác thực giá trị đúng...

[INFO] 22-02-2026 21:52:29 [main] Log - Giá trị đúng
[INFO] 22-02-2026 21:52:29 [main] Log - Cuộn tới phần tử: [[ChromeDriver: chrome on windows (6726d73fb31234e40da49c6646a8e051)] -> xpath: //legend[normalize-space()='Your Personal Details']]
[INFO] 22-02-2026 21:52:29 [main] Log - Cuộn tới phần tử: [[ChromeDriver: chrome on windows (6726d73fb31234e40da49c6646a8e051)] -> xpath: //legend[normalize-space()='Your Password']]
[ERROR] 22-02-2026 21:52:33 [main] Log - Test case registerSuccess is failed.
[ERROR] 22-02-2026 21:52:33 [main] Log - Test case registerSuccess is failed.
[INFO] 22-02-2026 21:52:33 [main] Log - End testing AutomationOpenCart
[INFO] 22-02-2026 21:53:08 [main] Log - Khởi tạo trình duyệt: chrome
[INFO] 22-02-2026 21:53:12 [main] Log - Running test case registerSuccess
[INFO] 22-02-2026 21:53:13 [main] Log - Đang xác thực giá trị đúng...

[INFO] 22-02-2026 21:53:13 [main] Log - Giá trị đúng
[INFO] 22-02-2026 21:53:13 [main] Log - Cuộn tới phần tử: [[ChromeDriver: chrome on windows (1c6a809865a24f8a24033b5e8ee2c963)] -> xpath: //legend[normalize-space()='Your Personal Details']]
[INFO] 22-02-2026 21:53:14 [main] Log - Cuộn tới phần tử: [[ChromeDriver: chrome on windows (1c6a809865a24f8a24033b5e8ee2c963)] -> xpath: //legend[normalize-space()='Your Password']]
[INFO] 22-02-2026 21:53:15 [main] Log - Đang xác thực giá trị đúng...

[INFO] 22-02-2026 21:53:15 [main] Log - Giá trị đúng
[INFO] 22-02-2026 21:53:15 [main] Log - Cuộn tới phần tử: [[ChromeDriver: chrome on windows (1c6a809865a24f8a24033b5e8ee2c963)] -> xpath: //a[@class='list-group-item'][normalize-space()='Logout']]
[INFO] 22-02-2026 21:53:15 [main] Log - Test case registerSuccess is passed.
[INFO] 22-02-2026 21:53:18 [main] Log - Running test case registerSuccess
[INFO] 22-02-2026 21:53:19 [main] Log - Đang xác thực giá trị đúng...

[INFO] 22-02-2026 21:53:19 [main] Log - Giá trị đúng
[INFO] 22-02-2026 21:53:19 [main] Log - Cuộn tới phần tử: [[ChromeDriver: chrome on windows (1c6a809865a24f8a24033b5e8ee2c963)] -> xpath: //legend[normalize-space()='Your Personal Details']]
[INFO] 22-02-2026 21:53:19 [main] Log - Cuộn tới phần tử: [[ChromeDriver: chrome on windows (1c6a809865a24f8a24033b5e8ee2c963)] -> xpath: //legend[normalize-space()='Your Password']]
[INFO] 22-02-2026 21:53:21 [main] Log - Đang xác thực giá trị đúng...

[INFO] 22-02-2026 21:53:21 [main] Log - Giá trị đúng
[INFO] 22-02-2026 21:53:21 [main] Log - Cuộn tới phần tử: [[ChromeDriver: chrome on windows (1c6a809865a24f8a24033b5e8ee2c963)] -> xpath: //a[@class='list-group-item'][normalize-space()='Logout']]
[INFO] 22-02-2026 21:53:21 [main] Log - Test case registerSuccess is passed.
[INFO] 22-02-2026 21:53:24 [main] Log - Running test case registerNegativeBoundary
[ERROR] 22-02-2026 21:54:33 [main] Log - Hết thời gian chờ phần tử có thể click: [[ChromeDriver: chrome on windows (1c6a809865a24f8a24033b5e8ee2c963)] -> xpath: //a[normalize-space()='Register']]
[ERROR] 22-02-2026 21:54:33 [main] Log - Test case registerNegativeBoundary is failed.
[ERROR] 22-02-2026 21:54:34 [main] Log - java.lang.RuntimeException: Không thể tìm thấy phần tử có thể click: [[ChromeDriver: chrome on windows (1c6a809865a24f8a24033b5e8ee2c963)] -> xpath: //a[normalize-space()='Register']]
[INFO] 22-02-2026 21:54:37 [main] Log - Running test case registerNegativeBoundary
[INFO] 22-02-2026 21:54:37 [main] Log - Cuộn tới phần tử: [[ChromeDriver: chrome on windows (1c6a809865a24f8a24033b5e8ee2c963)] -> xpath: //legend[normalize-space()='Your Personal Details']]
[INFO] 22-02-2026 21:54:38 [main] Log - Cuộn tới phần tử: [[ChromeDriver: chrome on windows (1c6a809865a24f8a24033b5e8ee2c963)] -> xpath: //legend[normalize-space()='Your Password']]
[ERROR] 22-02-2026 21:54:46 [main] Log - Test case registerNegativeBoundary is failed.
[ERROR] 22-02-2026 21:54:46 [main] Log - Test case registerNegativeBoundary is failed.
[INFO] 22-02-2026 21:54:46 [main] Log - End testing AutomationOpenCart
[INFO] 22-02-2026 21:56:08 [main] Log - Khởi tạo trình duyệt: chrome
[INFO] 22-02-2026 21:56:13 [main] Log - Running test case registerSuccess
[INFO] 22-02-2026 21:56:14 [main] Log - Đang xác thực giá trị đúng...

[INFO] 22-02-2026 21:56:14 [main] Log - Giá trị đúng
[INFO] 22-02-2026 21:56:14 [main] Log - Cuộn tới phần tử: [[ChromeDriver: chrome on windows (2d78c293a871280a5f4a42ce677c9d40)] -> xpath: //legend[normalize-space()='Your Personal Details']]
[INFO] 22-02-2026 21:56:15 [main] Log - Cuộn tới phần tử: [[ChromeDriver: chrome on windows (2d78c293a871280a5f4a42ce677c9d40)] -> xpath: //legend[normalize-space()='Your Password']]
[INFO] 22-02-2026 21:56:16 [main] Log - Đang xác thực giá trị đúng...

[INFO] 22-02-2026 21:56:16 [main] Log - Giá trị đúng
[INFO] 22-02-2026 21:56:16 [main] Log - Cuộn tới phần tử: [[ChromeDriver: chrome on windows (2d78c293a871280a5f4a42ce677c9d40)] -> xpath: //a[@class='list-group-item'][normalize-space()='Logout']]
[INFO] 22-02-2026 21:56:17 [main] Log - Test case registerSuccess is passed.
[INFO] 22-02-2026 21:56:19 [main] Log - Running test case registerSuccess
[INFO] 22-02-2026 21:56:20 [main] Log - Đang xác thực giá trị đúng...

[INFO] 22-02-2026 21:56:20 [main] Log - Giá trị đúng
[INFO] 22-02-2026 21:56:20 [main] Log - Cuộn tới phần tử: [[ChromeDriver: chrome on windows (2d78c293a871280a5f4a42ce677c9d40)] -> xpath: //legend[normalize-space()='Your Personal Details']]
[INFO] 22-02-2026 21:56:21 [main] Log - Cuộn tới phần tử: [[ChromeDriver: chrome on windows (2d78c293a871280a5f4a42ce677c9d40)] -> xpath: //legend[normalize-space()='Your Password']]
[INFO] 22-02-2026 21:56:22 [main] Log - Đang xác thực giá trị đúng...

[INFO] 22-02-2026 21:56:22 [main] Log - Giá trị đúng
[INFO] 22-02-2026 21:56:22 [main] Log - Cuộn tới phần tử: [[ChromeDriver: chrome on windows (2d78c293a871280a5f4a42ce677c9d40)] -> xpath: //a[@class='list-group-item'][normalize-space()='Logout']]
[INFO] 22-02-2026 21:56:22 [main] Log - Test case registerSuccess is passed.
[INFO] 22-02-2026 21:56:25 [main] Log - Running test case registerNegativeBoundary
[ERROR] 22-02-2026 21:56:36 [main] Log - Hết thời gian chờ phần tử có thể click: [[ChromeDriver: chrome on windows (2d78c293a871280a5f4a42ce677c9d40)] -> xpath: //a[normalize-space()='Register']]
[ERROR] 22-02-2026 21:56:36 [main] Log - Test case registerNegativeBoundary is failed.
[ERROR] 22-02-2026 21:56:36 [main] Log - java.lang.RuntimeException: Không thể tìm thấy phần tử có thể click: [[ChromeDriver: chrome on windows (2d78c293a871280a5f4a42ce677c9d40)] -> xpath: //a[normalize-space()='Register']]
[INFO] 22-02-2026 21:56:39 [main] Log - Running test case registerNegativeBoundary
[ERROR] 22-02-2026 21:56:39 [main] Log - Test case registerNegativeBoundary is failed.
[ERROR] 22-02-2026 21:56:39 [main] Log - Test case registerNegativeBoundary is failed.
[INFO] 22-02-2026 21:56:39 [main] Log - End testing AutomationOpenCart
[INFO] 22-02-2026 21:59:13 [main] Log - Khởi tạo trình duyệt: chrome
[INFO] 22-02-2026 21:59:18 [main] Log - Running test case registerSuccess
[INFO] 22-02-2026 21:59:19 [main] Log - Đang xác thực giá trị đúng...

[INFO] 22-02-2026 21:59:19 [main] Log - Giá trị đúng
[INFO] 22-02-2026 21:59:19 [main] Log - Cuộn tới phần tử: [[ChromeDriver: chrome on windows (8e0c0374031bd02eff23497a6cdfa53c)] -> xpath: //legend[normalize-space()='Your Personal Details']]
[INFO] 22-02-2026 21:59:20 [main] Log - Cuộn tới phần tử: [[ChromeDriver: chrome on windows (8e0c0374031bd02eff23497a6cdfa53c)] -> xpath: //legend[normalize-space()='Your Password']]
[ERROR] 22-02-2026 21:59:24 [main] Log - Test case registerSuccess is failed.
[ERROR] 22-02-2026 21:59:24 [main] Log - Test case registerSuccess is failed.
[INFO] 22-02-2026 21:59:24 [main] Log - End testing AutomationOpenCart
[INFO] 22-02-2026 22:00:01 [main] Log - Khởi tạo trình duyệt: chrome
[INFO] 22-02-2026 22:00:05 [main] Log - Running test case registerSuccess
[INFO] 22-02-2026 22:00:06 [main] Log - Đang xác thực giá trị đúng...

[INFO] 22-02-2026 22:00:06 [main] Log - Giá trị đúng
[INFO] 22-02-2026 22:00:06 [main] Log - Cuộn tới phần tử: [[ChromeDriver: chrome on windows (af1867cfb12cdaa8c1f99e0f3781113a)] -> xpath: //legend[normalize-space()='Your Personal Details']]
[INFO] 22-02-2026 22:00:07 [main] Log - Cuộn tới phần tử: [[ChromeDriver: chrome on windows (af1867cfb12cdaa8c1f99e0f3781113a)] -> xpath: //legend[normalize-space()='Your Password']]
[INFO] 22-02-2026 22:00:08 [main] Log - Đang xác thực giá trị đúng...

[INFO] 22-02-2026 22:00:08 [main] Log - Giá trị đúng
[INFO] 22-02-2026 22:00:08 [main] Log - Cuộn tới phần tử: [[ChromeDriver: chrome on windows (af1867cfb12cdaa8c1f99e0f3781113a)] -> xpath: //a[@class='list-group-item'][normalize-space()='Logout']]
[INFO] 22-02-2026 22:00:09 [main] Log - Test case registerSuccess is passed.
[INFO] 22-02-2026 22:00:12 [main] Log - Running test case registerSuccess
[INFO] 22-02-2026 22:00:12 [main] Log - Đang xác thực giá trị đúng...

[INFO] 22-02-2026 22:00:12 [main] Log - Giá trị đúng
[INFO] 22-02-2026 22:00:12 [main] Log - Cuộn tới phần tử: [[ChromeDriver: chrome on windows (af1867cfb12cdaa8c1f99e0f3781113a)] -> xpath: //legend[normalize-space()='Your Personal Details']]
[INFO] 22-02-2026 22:00:13 [main] Log - Cuộn tới phần tử: [[ChromeDriver: chrome on windows (af1867cfb12cdaa8c1f99e0f3781113a)] -> xpath: //legend[normalize-space()='Your Password']]
[INFO] 22-02-2026 22:00:14 [main] Log - Đang xác thực giá trị đúng...

[INFO] 22-02-2026 22:00:14 [main] Log - Giá trị đúng
[INFO] 22-02-2026 22:00:14 [main] Log - Cuộn tới phần tử: [[ChromeDriver: chrome on windows (af1867cfb12cdaa8c1f99e0f3781113a)] -> xpath: //a[@class='list-group-item'][normalize-space()='Logout']]
[INFO] 22-02-2026 22:00:14 [main] Log - Test case registerSuccess is passed.
[INFO] 22-02-2026 22:00:17 [main] Log - Running test case registerNegativeBoundary
[ERROR] 22-02-2026 22:00:28 [main] Log - Hết thời gian chờ phần tử có thể click: [[ChromeDriver: chrome on windows (af1867cfb12cdaa8c1f99e0f3781113a)] -> xpath: //a[normalize-space()='Register']]
[ERROR] 22-02-2026 22:00:28 [main] Log - Test case registerNegativeBoundary is failed.
[ERROR] 22-02-2026 22:00:28 [main] Log - java.lang.RuntimeException: Không thể tìm thấy phần tử có thể click: [[ChromeDriver: chrome on windows (af1867cfb12cdaa8c1f99e0f3781113a)] -> xpath: //a[normalize-space()='Register']]
[INFO] 22-02-2026 22:00:31 [main] Log - Running test case registerNegativeBoundary
[INFO] 22-02-2026 22:00:31 [main] Log - Cuộn tới phần tử: [[ChromeDriver: chrome on windows (af1867cfb12cdaa8c1f99e0f3781113a)] -> xpath: //legend[normalize-space()='Your Personal Details']]
[INFO] 22-02-2026 22:00:32 [main] Log - Cuộn tới phần tử: [[ChromeDriver: chrome on windows (af1867cfb12cdaa8c1f99e0f3781113a)] -> xpath: //legend[normalize-space()='Your Password']]
[ERROR] 22-02-2026 22:00:42 [main] Log - Test case registerNegativeBoundary is failed.
[ERROR] 22-02-2026 22:00:42 [main] Log - Test case registerNegativeBoundary is failed.
[INFO] 22-02-2026 22:00:42 [main] Log - End testing AutomationOpenCart
[INFO] 22-02-2026 22:02:34 [main] Log - Khởi tạo trình duyệt: chrome
[INFO] 22-02-2026 22:02:39 [main] Log - Running test case registerSuccess
[INFO] 22-02-2026 22:02:40 [main] Log - Đang xác thực giá trị đúng...

[INFO] 22-02-2026 22:02:40 [main] Log - Giá trị đúng
[INFO] 22-02-2026 22:02:40 [main] Log - Cuộn tới phần tử: [[ChromeDriver: chrome on windows (848c85760b451cccae008f48480e63d8)] -> xpath: //legend[normalize-space()='Your Personal Details']]
[INFO] 22-02-2026 22:02:41 [main] Log - Cuộn tới phần tử: [[ChromeDriver: chrome on windows (848c85760b451cccae008f48480e63d8)] -> xpath: //legend[normalize-space()='Your Password']]
[INFO] 22-02-2026 22:02:42 [main] Log - Đang xác thực giá trị đúng...

[INFO] 22-02-2026 22:02:42 [main] Log - Giá trị đúng
[INFO] 22-02-2026 22:02:43 [main] Log - Cuộn tới phần tử: [[ChromeDriver: chrome on windows (848c85760b451cccae008f48480e63d8)] -> xpath: //a[@class='list-group-item'][normalize-space()='Logout']]
[INFO] 22-02-2026 22:02:43 [main] Log - Test case registerSuccess is passed.
[INFO] 22-02-2026 22:02:46 [main] Log - Running test case registerSuccess
[INFO] 22-02-2026 22:02:46 [main] Log - Đang xác thực giá trị đúng...

[INFO] 22-02-2026 22:02:46 [main] Log - Giá trị đúng
[INFO] 22-02-2026 22:02:46 [main] Log - Cuộn tới phần tử: [[ChromeDriver: chrome on windows (848c85760b451cccae008f48480e63d8)] -> xpath: //legend[normalize-space()='Your Personal Details']]
[INFO] 22-02-2026 22:02:47 [main] Log - Cuộn tới phần tử: [[ChromeDriver: chrome on windows (848c85760b451cccae008f48480e63d8)] -> xpath: //legend[normalize-space()='Your Password']]
[INFO] 22-02-2026 22:02:49 [main] Log - Đang xác thực giá trị đúng...

[INFO] 22-02-2026 22:02:49 [main] Log - Giá trị đúng
[INFO] 22-02-2026 22:02:49 [main] Log - Cuộn tới phần tử: [[ChromeDriver: chrome on windows (848c85760b451cccae008f48480e63d8)] -> xpath: //a[@class='list-group-item'][normalize-space()='Logout']]
[INFO] 22-02-2026 22:02:49 [main] Log - Test case registerSuccess is passed.
[INFO] 22-02-2026 22:02:52 [main] Log - Running test case registerNegativeBoundary
[INFO] 22-02-2026 22:02:52 [main] Log - Cuộn tới phần tử: [[ChromeDriver: chrome on windows (848c85760b451cccae008f48480e63d8)] -> xpath: //legend[normalize-space()='Your Personal Details']]
[INFO] 22-02-2026 22:02:53 [main] Log - Cuộn tới phần tử: [[ChromeDriver: chrome on windows (848c85760b451cccae008f48480e63d8)] -> xpath: //legend[normalize-space()='Your Password']]
[INFO] 22-02-2026 22:03:24 [main] Log - Thông báo lỗi: [First Name must be between 1 and 32 characters!]
[ERROR] 22-02-2026 22:03:55 [main] Log - Test case registerNegativeBoundary is failed.
[ERROR] 22-02-2026 22:03:55 [main] Log - org.openqa.selenium.NoSuchElementException: Timed out after 5 seconds. Unable to locate the element
[INFO] 22-02-2026 22:03:58 [main] Log - Running test case registerNegativeBoundary
[INFO] 22-02-2026 22:03:58 [main] Log - Cuộn tới phần tử: [[ChromeDriver: chrome on windows (848c85760b451cccae008f48480e63d8)] -> xpath: //legend[normalize-space()='Your Personal Details']]
[INFO] 22-02-2026 22:03:59 [main] Log - Cuộn tới phần tử: [[ChromeDriver: chrome on windows (848c85760b451cccae008f48480e63d8)] -> xpath: //legend[normalize-space()='Your Password']]
[INFO] 22-02-2026 22:04:30 [main] Log - Thông báo lỗi: [First Name must be between 1 and 32 characters!]
[ERROR] 22-02-2026 22:05:01 [main] Log - Test case registerNegativeBoundary is failed.
[ERROR] 22-02-2026 22:05:01 [main] Log - org.openqa.selenium.NoSuchElementException: Timed out after 5 seconds. Unable to locate the element
[INFO] 22-02-2026 22:05:03 [main] Log - Running test case registerNegativeBoundary
[INFO] 22-02-2026 22:05:04 [main] Log - Cuộn tới phần tử: [[ChromeDriver: chrome on windows (848c85760b451cccae008f48480e63d8)] -> xpath: //legend[normalize-space()='Your Personal Details']]
[INFO] 22-02-2026 22:05:05 [main] Log - Cuộn tới phần tử: [[ChromeDriver: chrome on windows (848c85760b451cccae008f48480e63d8)] -> xpath: //legend[normalize-space()='Your Password']]
[INFO] 22-02-2026 22:05:36 [main] Log - Thông báo lỗi: [Telephone must be between 3 and 32 characters!]
[ERROR] 22-02-2026 22:06:06 [main] Log - Test case registerNegativeBoundary is failed.
[ERROR] 22-02-2026 22:06:06 [main] Log - org.openqa.selenium.NoSuchElementException: Timed out after 5 seconds. Unable to locate the element
[INFO] 22-02-2026 22:06:09 [main] Log - Running test case registerNegativeBoundary
[INFO] 22-02-2026 22:06:10 [main] Log - Cuộn tới phần tử: [[ChromeDriver: chrome on windows (848c85760b451cccae008f48480e63d8)] -> xpath: //legend[normalize-space()='Your Personal Details']]
[INFO] 22-02-2026 22:06:10 [main] Log - Cuộn tới phần tử: [[ChromeDriver: chrome on windows (848c85760b451cccae008f48480e63d8)] -> xpath: //legend[normalize-space()='Your Password']]
[INFO] 22-02-2026 22:06:42 [main] Log - Thông báo lỗi: [E-Mail Address does not appear to be valid!]
[ERROR] 22-02-2026 22:07:12 [main] Log - Test case registerNegativeBoundary is failed.
[ERROR] 22-02-2026 22:07:12 [main] Log - org.openqa.selenium.NoSuchElementException: Timed out after 5 seconds. Unable to locate the element
[INFO] 22-02-2026 22:07:16 [main] Log - Running test case registerNegativeBoundary
[INFO] 22-02-2026 22:07:23 [main] Log - Cuộn tới phần tử: [[ChromeDriver: chrome on windows (848c85760b451cccae008f48480e63d8)] -> xpath: //legend[normalize-space()='Your Personal Details']]
[INFO] 22-02-2026 22:07:24 [main] Log - Cuộn tới phần tử: [[ChromeDriver: chrome on windows (848c85760b451cccae008f48480e63d8)] -> xpath: //legend[normalize-space()='Your Password']]
[INFO] 22-02-2026 22:07:55 [main] Log - Thông báo lỗi: [Warning: E-Mail Address is already registered!]
[ERROR] 22-02-2026 22:08:25 [main] Log - Test case registerNegativeBoundary is failed.
[ERROR] 22-02-2026 22:08:26 [main] Log - org.openqa.selenium.NoSuchElementException: Timed out after 5 seconds. Unable to locate the element
[INFO] 22-02-2026 22:08:29 [main] Log - Running test case registerNegativeBoundary
[INFO] 22-02-2026 22:08:29 [main] Log - Cuộn tới phần tử: [[ChromeDriver: chrome on windows (848c85760b451cccae008f48480e63d8)] -> xpath: //legend[normalize-space()='Your Personal Details']]
[INFO] 22-02-2026 22:08:30 [main] Log - Cuộn tới phần tử: [[ChromeDriver: chrome on windows (848c85760b451cccae008f48480e63d8)] -> xpath: //legend[normalize-space()='Your Password']]
[INFO] 22-02-2026 22:09:32 [main] Log - Thông báo lỗi: []
[ERROR] 22-02-2026 22:09:32 [main] Log - Test case registerNegativeBoundary is failed.
[ERROR] 22-02-2026 22:09:32 [main] Log - java.lang.AssertionError: Lỗi mong muốn không tìm thấy: Telephone must be between 3 and 32 characters!
Thông báo thực tế: [] expected [true] but found [false]
[INFO] 22-02-2026 22:09:35 [main] Log - Running test case registerNegativeBoundary
[ERROR] 22-02-2026 22:11:06 [main] Log - Hết thời gian chờ phần tử có thể click: Proxy element for: AjaxElementLocator 'By.xpath: //a[normalize-space()='Register']'
[ERROR] 22-02-2026 22:11:07 [main] Log - Test case registerNegativeBoundary is failed.
[ERROR] 22-02-2026 22:11:07 [main] Log - java.lang.RuntimeException: Không thể tìm thấy phần tử có thể click: [[ChromeDriver: chrome on windows (848c85760b451cccae008f48480e63d8)] -> xpath: //a[normalize-space()='Register']]
[INFO] 22-02-2026 22:11:10 [main] Log - End testing AutomationOpenCart
[INFO] 22-02-2026 22:15:25 [main] Log - Khởi tạo trình duyệt: chrome
[INFO] 22-02-2026 22:15:31 [main] Log - Running test case registerSuccess
[INFO] 22-02-2026 22:15:32 [main] Log - Đang xác thực giá trị đúng...

[INFO] 22-02-2026 22:15:32 [main] Log - Giá trị đúng
[INFO] 22-02-2026 22:15:32 [main] Log - Cuộn tới phần tử: [[ChromeDriver: chrome on windows (99a8b1949ffc03a4376d699430588dae)] -> xpath: //legend[normalize-space()='Your Personal Details']]
[INFO] 22-02-2026 22:15:33 [main] Log - Cuộn tới phần tử: [[ChromeDriver: chrome on windows (99a8b1949ffc03a4376d699430588dae)] -> xpath: //legend[normalize-space()='Your Password']]
[INFO] 22-02-2026 22:15:34 [main] Log - Đang xác thực giá trị đúng...

[INFO] 22-02-2026 22:15:34 [main] Log - Giá trị đúng
[INFO] 22-02-2026 22:15:34 [main] Log - Cuộn tới phần tử: [[ChromeDriver: chrome on windows (99a8b1949ffc03a4376d699430588dae)] -> xpath: //a[@class='list-group-item'][normalize-space()='Logout']]
[INFO] 22-02-2026 22:15:35 [main] Log - Test case registerSuccess is passed.
[INFO] 22-02-2026 22:15:37 [main] Log - Running test case registerSuccess
[INFO] 22-02-2026 22:15:38 [main] Log - Đang xác thực giá trị đúng...

[INFO] 22-02-2026 22:15:38 [main] Log - Giá trị đúng
[INFO] 22-02-2026 22:15:38 [main] Log - Cuộn tới phần tử: [[ChromeDriver: chrome on windows (99a8b1949ffc03a4376d699430588dae)] -> xpath: //legend[normalize-space()='Your Personal Details']]
[INFO] 22-02-2026 22:15:39 [main] Log - Cuộn tới phần tử: [[ChromeDriver: chrome on windows (99a8b1949ffc03a4376d699430588dae)] -> xpath: //legend[normalize-space()='Your Password']]
[INFO] 22-02-2026 22:15:40 [main] Log - Đang xác thực giá trị đúng...

[INFO] 22-02-2026 22:15:40 [main] Log - Giá trị đúng
[INFO] 22-02-2026 22:15:40 [main] Log - Cuộn tới phần tử: [[ChromeDriver: chrome on windows (99a8b1949ffc03a4376d699430588dae)] -> xpath: //a[@class='list-group-item'][normalize-space()='Logout']]
[INFO] 22-02-2026 22:15:40 [main] Log - Test case registerSuccess is passed.
[INFO] 22-02-2026 22:15:43 [main] Log - Running test case registerNegativeBoundary
[INFO] 22-02-2026 22:15:44 [main] Log - Cuộn tới phần tử: [[ChromeDriver: chrome on windows (99a8b1949ffc03a4376d699430588dae)] -> xpath: //legend[normalize-space()='Your Personal Details']]
[INFO] 22-02-2026 22:15:44 [main] Log - Cuộn tới phần tử: [[ChromeDriver: chrome on windows (99a8b1949ffc03a4376d699430588dae)] -> xpath: //legend[normalize-space()='Your Password']]
[INFO] 22-02-2026 22:16:16 [main] Log - Thông báo lỗi: [First Name must be between 1 and 32 characters!]
[INFO] 22-02-2026 22:16:16 [main] Log - Test case registerNegativeBoundary is passed.
[INFO] 22-02-2026 22:16:18 [main] Log - Running test case registerNegativeBoundary
[INFO] 22-02-2026 22:16:19 [main] Log - Cuộn tới phần tử: [[ChromeDriver: chrome on windows (99a8b1949ffc03a4376d699430588dae)] -> xpath: //legend[normalize-space()='Your Personal Details']]
[INFO] 22-02-2026 22:16:19 [main] Log - Cuộn tới phần tử: [[ChromeDriver: chrome on windows (99a8b1949ffc03a4376d699430588dae)] -> xpath: //legend[normalize-space()='Your Password']]
[INFO] 22-02-2026 22:16:51 [main] Log - Thông báo lỗi: [First Name must be between 1 and 32 characters!]
[INFO] 22-02-2026 22:16:51 [main] Log - Test case registerNegativeBoundary is passed.
[INFO] 22-02-2026 22:16:53 [main] Log - Running test case registerNegativeBoundary
[INFO] 22-02-2026 22:16:54 [main] Log - Cuộn tới phần tử: [[ChromeDriver: chrome on windows (99a8b1949ffc03a4376d699430588dae)] -> xpath: //legend[normalize-space()='Your Personal Details']]
[INFO] 22-02-2026 22:16:55 [main] Log - Cuộn tới phần tử: [[ChromeDriver: chrome on windows (99a8b1949ffc03a4376d699430588dae)] -> xpath: //legend[normalize-space()='Your Password']]
[INFO] 22-02-2026 22:17:26 [main] Log - Thông báo lỗi: [Telephone must be between 3 and 32 characters!]
[INFO] 22-02-2026 22:17:26 [main] Log - Test case registerNegativeBoundary is passed.
[INFO] 22-02-2026 22:17:28 [main] Log - Running test case registerNegativeBoundary
[INFO] 22-02-2026 22:17:29 [main] Log - Cuộn tới phần tử: [[ChromeDriver: chrome on windows (99a8b1949ffc03a4376d699430588dae)] -> xpath: //legend[normalize-space()='Your Personal Details']]
[INFO] 22-02-2026 22:17:30 [main] Log - Cuộn tới phần tử: [[ChromeDriver: chrome on windows (99a8b1949ffc03a4376d699430588dae)] -> xpath: //legend[normalize-space()='Your Password']]
[INFO] 22-02-2026 22:18:01 [main] Log - Thông báo lỗi: [E-Mail Address does not appear to be valid!]
[INFO] 22-02-2026 22:18:01 [main] Log - Test case registerNegativeBoundary is passed.
[INFO] 22-02-2026 22:18:03 [main] Log - Running test case registerNegativeBoundary
[INFO] 22-02-2026 22:18:04 [main] Log - Cuộn tới phần tử: [[ChromeDriver: chrome on windows (99a8b1949ffc03a4376d699430588dae)] -> xpath: //legend[normalize-space()='Your Personal Details']]
[INFO] 22-02-2026 22:18:05 [main] Log - Cuộn tới phần tử: [[ChromeDriver: chrome on windows (99a8b1949ffc03a4376d699430588dae)] -> xpath: //legend[normalize-space()='Your Password']]
[INFO] 22-02-2026 22:18:36 [main] Log - Thông báo lỗi: [Warning: E-Mail Address is already registered!]
[INFO] 22-02-2026 22:18:36 [main] Log - Test case registerNegativeBoundary is passed.
[INFO] 22-02-2026 22:18:39 [main] Log - Running test case registerNegativeBoundary
[INFO] 22-02-2026 22:18:39 [main] Log - Cuộn tới phần tử: [[ChromeDriver: chrome on windows (99a8b1949ffc03a4376d699430588dae)] -> xpath: //legend[normalize-space()='Your Personal Details']]
[INFO] 22-02-2026 22:18:40 [main] Log - Cuộn tới phần tử: [[ChromeDriver: chrome on windows (99a8b1949ffc03a4376d699430588dae)] -> xpath: //legend[normalize-space()='Your Password']]
[INFO] 22-02-2026 22:19:41 [main] Log - Thông báo lỗi: []
[ERROR] 22-02-2026 22:19:41 [main] Log - Test case registerNegativeBoundary is failed.
[ERROR] 22-02-2026 22:19:42 [main] Log - java.lang.AssertionError: Lỗi mong muốn không tìm thấy: Telephone must be between 3 and 32 characters!
Thông báo thực tế: [] expected [true] but found [false]
[INFO] 22-02-2026 22:19:44 [main] Log - Running test case registerNegativeBoundary
[ERROR] 22-02-2026 22:20:35 [main] Log - Hết thời gian chờ phần tử có thể click: [[ChromeDriver: chrome on windows (99a8b1949ffc03a4376d699430588dae)] -> xpath: //a[normalize-space()='Register']]
[ERROR] 22-02-2026 22:20:35 [main] Log - Test case registerNegativeBoundary is failed.
[ERROR] 22-02-2026 22:20:35 [main] Log - java.lang.RuntimeException: Không thể tìm thấy phần tử có thể click: [[ChromeDriver: chrome on windows (99a8b1949ffc03a4376d699430588dae)] -> xpath: //a[normalize-space()='Register']]
[INFO] 22-02-2026 22:20:38 [main] Log - End testing AutomationOpenCart
[INFO] 22-02-2026 22:24:48 [main] Log - Khởi tạo trình duyệt: chrome
[INFO] 22-02-2026 22:24:53 [main] Log - Running test case registerNegativeBoundary
[INFO] 22-02-2026 22:24:54 [main] Log - Cuộn tới phần tử: [[ChromeDriver: chrome on windows (44a8858dbc298613f8d04fe5948b1f4b)] -> xpath: //legend[normalize-space()='Your Personal Details']]
[INFO] 22-02-2026 22:24:55 [main] Log - Cuộn tới phần tử: [[ChromeDriver: chrome on windows (44a8858dbc298613f8d04fe5948b1f4b)] -> xpath: //legend[normalize-space()='Your Password']]
[INFO] 22-02-2026 22:25:26 [main] Log - Thông báo lỗi: [First Name must be between 1 and 32 characters!]
[INFO] 22-02-2026 22:25:26 [main] Log - Test case registerNegativeBoundary is passed.
[INFO] 22-02-2026 22:25:29 [main] Log - Running test case registerNegativeBoundary
[INFO] 22-02-2026 22:25:30 [main] Log - Cuộn tới phần tử: [[ChromeDriver: chrome on windows (44a8858dbc298613f8d04fe5948b1f4b)] -> xpath: //legend[normalize-space()='Your Personal Details']]
[INFO] 22-02-2026 22:25:31 [main] Log - Cuộn tới phần tử: [[ChromeDriver: chrome on windows (44a8858dbc298613f8d04fe5948b1f4b)] -> xpath: //legend[normalize-space()='Your Password']]
[INFO] 22-02-2026 22:26:02 [main] Log - Thông báo lỗi: [First Name must be between 1 and 32 characters!]
[INFO] 22-02-2026 22:26:02 [main] Log - Test case registerNegativeBoundary is passed.
[INFO] 22-02-2026 22:26:05 [main] Log - Running test case registerNegativeBoundary
[INFO] 22-02-2026 22:26:05 [main] Log - Cuộn tới phần tử: [[ChromeDriver: chrome on windows (44a8858dbc298613f8d04fe5948b1f4b)] -> xpath: //legend[normalize-space()='Your Personal Details']]
[INFO] 22-02-2026 22:26:06 [main] Log - Cuộn tới phần tử: [[ChromeDriver: chrome on windows (44a8858dbc298613f8d04fe5948b1f4b)] -> xpath: //legend[normalize-space()='Your Password']]
[INFO] 22-02-2026 22:26:37 [main] Log - Thông báo lỗi: [Telephone must be between 3 and 32 characters!]
[INFO] 22-02-2026 22:26:37 [main] Log - Test case registerNegativeBoundary is passed.
[INFO] 22-02-2026 22:26:40 [main] Log - Running test case registerNegativeBoundary
[INFO] 22-02-2026 22:26:40 [main] Log - Cuộn tới phần tử: [[ChromeDriver: chrome on windows (44a8858dbc298613f8d04fe5948b1f4b)] -> xpath: //legend[normalize-space()='Your Personal Details']]
[INFO] 22-02-2026 22:26:41 [main] Log - Cuộn tới phần tử: [[ChromeDriver: chrome on windows (44a8858dbc298613f8d04fe5948b1f4b)] -> xpath: //legend[normalize-space()='Your Password']]
[INFO] 22-02-2026 22:27:12 [main] Log - Thông báo lỗi: [E-Mail Address does not appear to be valid!]
[INFO] 22-02-2026 22:27:12 [main] Log - Test case registerNegativeBoundary is passed.
[INFO] 22-02-2026 22:27:15 [main] Log - Running test case registerNegativeBoundary
[INFO] 22-02-2026 22:27:15 [main] Log - Cuộn tới phần tử: [[ChromeDriver: chrome on windows (44a8858dbc298613f8d04fe5948b1f4b)] -> xpath: //legend[normalize-space()='Your Personal Details']]
[INFO] 22-02-2026 22:27:16 [main] Log - Cuộn tới phần tử: [[ChromeDriver: chrome on windows (44a8858dbc298613f8d04fe5948b1f4b)] -> xpath: //legend[normalize-space()='Your Password']]
[INFO] 22-02-2026 22:27:47 [main] Log - Thông báo lỗi: [Warning: E-Mail Address is already registered!]
[INFO] 22-02-2026 22:27:47 [main] Log - Test case registerNegativeBoundary is passed.
[INFO] 22-02-2026 22:27:50 [main] Log - Running test case registerNegativeBoundary
[INFO] 22-02-2026 22:27:50 [main] Log - Cuộn tới phần tử: [[ChromeDriver: chrome on windows (44a8858dbc298613f8d04fe5948b1f4b)] -> xpath: //legend[normalize-space()='Your Personal Details']]
[INFO] 22-02-2026 22:27:51 [main] Log - Cuộn tới phần tử: [[ChromeDriver: chrome on windows (44a8858dbc298613f8d04fe5948b1f4b)] -> xpath: //legend[normalize-space()='Your Password']]
[INFO] 22-02-2026 22:28:53 [main] Log - Thông báo lỗi: []
[ERROR] 22-02-2026 22:28:53 [main] Log - Test case registerNegativeBoundary is failed.
[ERROR] 22-02-2026 22:28:53 [main] Log - java.lang.AssertionError: Lỗi mong muốn không tìm thấy: Telephone must be between 3 and 32 characters!
Thông báo thực tế: [] expected [true] but found [false]
[INFO] 22-02-2026 22:28:56 [main] Log - Running test case registerNegativeBoundary
[ERROR] 22-02-2026 22:30:27 [main] Log - Hết thời gian chờ phần tử có thể click: Proxy element for: AjaxElementLocator 'By.xpath: //a[normalize-space()='Register']'
[ERROR] 22-02-2026 22:30:58 [main] Log - Test case registerNegativeBoundary is failed.
[ERROR] 22-02-2026 22:30:58 [main] Log - java.lang.RuntimeException: Không thể tìm thấy phần tử có thể click: Proxy element for: AjaxElementLocator 'By.xpath: //a[normalize-space()='Register']'
[INFO] 22-02-2026 22:31:01 [main] Log - End testing AutomationOpenCart
[INFO] 22-02-2026 22:31:57 [main] Log - Khởi tạo trình duyệt: chrome
[INFO] 22-02-2026 22:32:02 [main] Log - Running test case registerNegativeBoundary
[INFO] 22-02-2026 22:32:03 [main] Log - Cuộn tới phần tử: [[ChromeDriver: chrome on windows (77b9a7d9a83d97831c4198113bf56249)] -> xpath: //legend[normalize-space()='Your Personal Details']]
[INFO] 22-02-2026 22:32:04 [main] Log - Cuộn tới phần tử: [[ChromeDriver: chrome on windows (77b9a7d9a83d97831c4198113bf56249)] -> xpath: //legend[normalize-space()='Your Password']]
[INFO] 22-02-2026 22:32:35 [main] Log - Thông báo lỗi: [First Name must be between 1 and 32 characters!]
[INFO] 22-02-2026 22:32:35 [main] Log - Test case registerNegativeBoundary is passed.
[INFO] 22-02-2026 22:32:38 [main] Log - Running test case registerNegativeBoundary
[INFO] 22-02-2026 22:32:38 [main] Log - Cuộn tới phần tử: [[ChromeDriver: chrome on windows (77b9a7d9a83d97831c4198113bf56249)] -> xpath: //legend[normalize-space()='Your Personal Details']]
[INFO] 22-02-2026 22:32:39 [main] Log - Cuộn tới phần tử: [[ChromeDriver: chrome on windows (77b9a7d9a83d97831c4198113bf56249)] -> xpath: //legend[normalize-space()='Your Password']]
[INFO] 22-02-2026 22:33:10 [main] Log - Thông báo lỗi: [First Name must be between 1 and 32 characters!]
[INFO] 22-02-2026 22:33:10 [main] Log - Test case registerNegativeBoundary is passed.
[INFO] 22-02-2026 22:33:13 [main] Log - Running test case registerNegativeBoundary
[INFO] 22-02-2026 22:33:13 [main] Log - Cuộn tới phần tử: [[ChromeDriver: chrome on windows (77b9a7d9a83d97831c4198113bf56249)] -> xpath: //legend[normalize-space()='Your Personal Details']]
[INFO] 22-02-2026 22:33:14 [main] Log - Cuộn tới phần tử: [[ChromeDriver: chrome on windows (77b9a7d9a83d97831c4198113bf56249)] -> xpath: //legend[normalize-space()='Your Password']]
[INFO] 22-02-2026 22:33:45 [main] Log - Thông báo lỗi: [Telephone must be between 3 and 32 characters!]
[INFO] 22-02-2026 22:33:45 [main] Log - Test case registerNegativeBoundary is passed.
[INFO] 22-02-2026 22:33:48 [main] Log - Running test case registerNegativeBoundary
[INFO] 22-02-2026 22:33:48 [main] Log - Cuộn tới phần tử: [[ChromeDriver: chrome on windows (77b9a7d9a83d97831c4198113bf56249)] -> xpath: //legend[normalize-space()='Your Personal Details']]
[INFO] 22-02-2026 22:33:49 [main] Log - Cuộn tới phần tử: [[ChromeDriver: chrome on windows (77b9a7d9a83d97831c4198113bf56249)] -> xpath: //legend[normalize-space()='Your Password']]
[INFO] 22-02-2026 22:34:20 [main] Log - Thông báo lỗi: [E-Mail Address does not appear to be valid!]
[INFO] 22-02-2026 22:34:20 [main] Log - Test case registerNegativeBoundary is passed.
[INFO] 22-02-2026 22:34:23 [main] Log - Running test case registerNegativeBoundary
[INFO] 22-02-2026 22:34:23 [main] Log - Cuộn tới phần tử: [[ChromeDriver: chrome on windows (77b9a7d9a83d97831c4198113bf56249)] -> xpath: //legend[normalize-space()='Your Personal Details']]
[INFO] 22-02-2026 22:34:24 [main] Log - Cuộn tới phần tử: [[ChromeDriver: chrome on windows (77b9a7d9a83d97831c4198113bf56249)] -> xpath: //legend[normalize-space()='Your Password']]
[INFO] 22-02-2026 22:34:55 [main] Log - Thông báo lỗi: [Warning: E-Mail Address is already registered!]
[INFO] 22-02-2026 22:34:55 [main] Log - Test case registerNegativeBoundary is passed.
[INFO] 22-02-2026 22:34:58 [main] Log - Running test case registerNegativeBoundary
[INFO] 22-02-2026 22:34:58 [main] Log - Cuộn tới phần tử: [[ChromeDriver: chrome on windows (77b9a7d9a83d97831c4198113bf56249)] -> xpath: //legend[normalize-space()='Your Personal Details']]
[INFO] 22-02-2026 22:34:59 [main] Log - Cuộn tới phần tử: [[ChromeDriver: chrome on windows (77b9a7d9a83d97831c4198113bf56249)] -> xpath: //legend[normalize-space()='Your Password']]
[INFO] 22-02-2026 22:35:30 [main] Log - Thông báo lỗi: [Warning: E-Mail Address is already registered!]
[ERROR] 22-02-2026 22:35:30 [main] Log - Test case registerNegativeBoundary is failed.
[ERROR] 22-02-2026 22:35:31 [main] Log - java.lang.AssertionError: Lỗi mong muốn không tìm thấy: Telephone must be between 3 and 32 characters!
Thông báo thực tế: [Warning: E-Mail Address is already registered!] expected [true] but found [false]
[INFO] 22-02-2026 22:35:33 [main] Log - Running test case registerNegativeBoundary
[INFO] 22-02-2026 22:35:34 [main] Log - Cuộn tới phần tử: [[ChromeDriver: chrome on windows (77b9a7d9a83d97831c4198113bf56249)] -> xpath: //legend[normalize-space()='Your Personal Details']]
[INFO] 22-02-2026 22:35:35 [main] Log - Cuộn tới phần tử: [[ChromeDriver: chrome on windows (77b9a7d9a83d97831c4198113bf56249)] -> xpath: //legend[normalize-space()='Your Password']]
[INFO] 22-02-2026 22:36:36 [main] Log - Thông báo lỗi: []
[ERROR] 22-02-2026 22:36:36 [main] Log - Test case registerNegativeBoundary is failed.
[ERROR] 22-02-2026 22:36:37 [main] Log - java.lang.AssertionError: Lỗi mong muốn không tìm thấy: E-Mail Address does not appear to be valid!
Thông báo thực tế: [] expected [true] but found [false]
[INFO] 22-02-2026 22:36:40 [main] Log - End testing AutomationOpenCart
[INFO] 22-02-2026 22:37:56 [main] Log - Khởi tạo trình duyệt: chrome
[INFO] 22-02-2026 22:38:01 [main] Log - Running test case testLoginSuccess
[INFO] 22-02-2026 22:38:02 [main] Log - Đang xác thực giá trị đúng...

[ERROR] 22-02-2026 22:38:02 [main] Log - Test case testLoginSuccess is failed.
[ERROR] 22-02-2026 22:38:03 [main] Log - java.lang.RuntimeException: Kiểm tra thất bại: Đăng nhập tài khoản thất bại!
[INFO] 22-02-2026 22:38:05 [main] Log - Running test case testLoginNegativeBoundary
[INFO] 22-02-2026 22:38:07 [main] Log - Thông báo lỗi: [Warning: No match for E-Mail Address and/or Password.]
[INFO] 22-02-2026 22:38:07 [main] Log - Test case testLoginNegativeBoundary is passed.
[INFO] 22-02-2026 22:38:09 [main] Log - Running test case testLoginNegativeBoundary
[INFO] 22-02-2026 22:38:10 [main] Log - Thông báo lỗi: [Warning: No match for E-Mail Address and/or Password.]
[INFO] 22-02-2026 22:38:10 [main] Log - Test case testLoginNegativeBoundary is passed.
[INFO] 22-02-2026 22:38:13 [main] Log - Running test case testLoginNegativeBoundary
[INFO] 22-02-2026 22:38:14 [main] Log - Thông báo lỗi: [Warning: No match for E-Mail Address and/or Password.]
[INFO] 22-02-2026 22:38:14 [main] Log - Test case testLoginNegativeBoundary is passed.
[INFO] 22-02-2026 22:38:16 [main] Log - Running test case testLoginNegativeBoundary
[INFO] 22-02-2026 22:38:17 [main] Log - Thông báo lỗi: [Warning: Your account has exceeded allowed number of login attempts. Please try again in 1 hour.]
[ERROR] 22-02-2026 22:38:17 [main] Log - Test case testLoginNegativeBoundary is failed.
[ERROR] 22-02-2026 22:38:17 [main] Log - java.lang.AssertionError: Lỗi mong muốn không tìm thấy: Password must not be empty
Thông báo thực tế: [Warning: Your account has exceeded allowed number of login attempts. Please try again in 1 hour.] expected [true] but found [false]
[INFO] 22-02-2026 22:38:20 [main] Log - Running test case testLoginNegativeBoundary
[INFO] 22-02-2026 22:38:21 [main] Log - Thông báo lỗi: [Warning: Your account has exceeded allowed number of login attempts. Please try again in 1 hour.]
[ERROR] 22-02-2026 22:38:21 [main] Log - Test case testLoginNegativeBoundary is failed.
[ERROR] 22-02-2026 22:38:21 [main] Log - java.lang.AssertionError: Lỗi mong muốn không tìm thấy: Warning: No match for E-Mail Address and/or Password.
Thông báo thực tế: [Warning: Your account has exceeded allowed number of login attempts. Please try again in 1 hour.] expected [true] but found [false]
[INFO] 22-02-2026 22:38:23 [main] Log - Running test case testBlockLogin
[INFO] 22-02-2026 22:38:24 [main] Log - Thông báo lỗi: [Warning: Your account has exceeded allowed number of login attempts. Please try again in 1 hour.]
[INFO] 22-02-2026 22:38:24 [main] Log - Test case testBlockLogin is passed.
[INFO] 22-02-2026 22:38:27 [main] Log - End testing AutomationOpenCart
[INFO] 22-02-2026 22:41:35 [main] Log - Khởi tạo trình duyệt: chrome
[INFO] 22-02-2026 22:41:40 [main] Log - Running test case searchValidKeyword
[INFO] 22-02-2026 22:41:41 [main] Log - Đang xác thực giá trị đúng...

[INFO] 22-02-2026 22:41:41 [main] Log - Giá trị đúng
[INFO] 22-02-2026 22:41:41 [main] Log - Test case searchValidKeyword is passed.
[INFO] 22-02-2026 22:41:43 [main] Log - Running test case searchValidKeyword
[INFO] 22-02-2026 22:41:44 [main] Log - Đang xác thực giá trị đúng...

[INFO] 22-02-2026 22:41:44 [main] Log - Giá trị đúng
[INFO] 22-02-2026 22:41:44 [main] Log - Test case searchValidKeyword is passed.
[INFO] 22-02-2026 22:41:46 [main] Log - Running test case filterFromCategory
[INFO] 22-02-2026 22:41:48 [main] Log - Đang xác thực giá trị đúng...

[ERROR] 22-02-2026 22:41:48 [main] Log - Test case filterFromCategory is failed.
[ERROR] 22-02-2026 22:41:48 [main] Log - java.lang.RuntimeException: Kiểm tra thất bại: Lỗi: Lọc theo danh mục không hiện sản phẩm
[INFO] 22-02-2026 22:41:50 [main] Log - Running test case searchInvalidKeyword
[INFO] 22-02-2026 22:41:51 [main] Log - Đang xác thực giá trị đúng...

[INFO] 22-02-2026 22:41:51 [main] Log - Giá trị đúng
[INFO] 22-02-2026 22:41:51 [main] Log - Test case searchInvalidKeyword is passed.
[INFO] 22-02-2026 22:41:53 [main] Log - Running test case searchInvalidKeyword
[INFO] 22-02-2026 22:41:54 [main] Log - Đang xác thực giá trị đúng...

[INFO] 22-02-2026 22:41:54 [main] Log - Giá trị đúng
[INFO] 22-02-2026 22:41:54 [main] Log - Test case searchInvalidKeyword is passed.
[INFO] 22-02-2026 22:41:56 [main] Log - Running test case filterProduct
[INFO] 22-02-2026 22:41:57 [main] Log - Đang xác thực giá trị đúng...

[INFO] 22-02-2026 22:41:57 [main] Log - Giá trị đúng
[INFO] 22-02-2026 22:41:58 [main] Log - Đang xác thực giá trị đúng...

[INFO] 22-02-2026 22:41:58 [main] Log - Giá trị đúng
[INFO] 22-02-2026 22:41:58 [main] Log - Đang xác thực giá trị đúng...

[INFO] 22-02-2026 22:41:58 [main] Log - Giá trị đúng
[INFO] 22-02-2026 22:41:59 [main] Log - Đang xác thực giá trị đúng...

[INFO] 22-02-2026 22:41:59 [main] Log - Giá trị đúng
[INFO] 22-02-2026 22:41:59 [main] Log - Test case filterProduct is passed.
[INFO] 22-02-2026 22:42:02 [main] Log - End testing AutomationOpenCart
[INFO] 22-02-2026 22:44:04 [main] Log - Khởi tạo trình duyệt: chrome
[INFO] 22-02-2026 22:44:11 [main] Log - Cuộn tới phần tử: [[ChromeDriver: chrome on windows (e466a1f3bc4d748565952dc8c957e809)] -> xpath: //nav[@id='top']//li[4]//a[@title='Shopping Cart']]
[INFO] 22-02-2026 22:44:12 [main] Log - Running test case verifyProductsAddedToCart
[INFO] 22-02-2026 22:44:12 [main] Log - Đang xác thực giá trị đúng...

[INFO] 22-02-2026 22:44:12 [main] Log - Giá trị đúng
[INFO] 22-02-2026 22:44:12 [main] Log - Đang xác thực giá trị đúng...

[INFO] 22-02-2026 22:44:12 [main] Log - Giá trị đúng
[INFO] 22-02-2026 22:44:12 [main] Log - Test case verifyProductsAddedToCart is passed.
[INFO] 22-02-2026 22:44:14 [main] Log - Running test case verifyUpdateQuantityUpdatesTotalPrice
[ERROR] 22-02-2026 22:44:24 [main] Log - Test case verifyUpdateQuantityUpdatesTotalPrice is failed.
[ERROR] 22-02-2026 22:44:25 [main] Log - org.openqa.selenium.NoSuchElementException: no such element: Unable to locate element: {"method":"xpath","selector":"//div[@class='table-responsive']//tbody/tr[.//a[normalize-space()='MacBook']]"}
  (Session info: chrome=145.0.7632.76)
For documentation on this error, please visit: https://www.selenium.dev/documentation/webdriver/troubleshooting/errors#no-such-element-exception
Build info: version: '4.29.0', revision: '5fc1ec94cb'
System info: os.name: 'Windows 11', os.arch: 'amd64', os.version: '10.0', java.version: '17.0.12'
Driver info: org.openqa.selenium.chrome.ChromeDriver
Command: [e466a1f3bc4d748565952dc8c957e809, findElement {value=//div[@class='table-responsive']//tbody/tr[.//a[normalize-space()='MacBook']], using=xpath}]
Capabilities {acceptInsecureCerts: false, browserName: chrome, browserVersion: 145.0.7632.76, chrome: {chromedriverVersion: 145.0.7632.77 (da516187054a..., userDataDir: C:\Users\velvet\AppData\Loc...}, fedcm:accounts: true, goog:chromeOptions: {debuggerAddress: localhost:62438}, goog:processID: 16156, networkConnectionEnabled: false, pageLoadStrategy: normal, platformName: windows, proxy: Proxy(), se:cdp: ws://localhost:62438/devtoo..., se:cdpVersion: 145.0.7632.76, setWindowRect: true, strictFileInteractability: false, timeouts: {implicit: 0, pageLoad: 300000, script: 30000}, unhandledPromptBehavior: dismiss and notify, webauthn:extension:credBlob: true, webauthn:extension:largeBlob: true, webauthn:extension:minPinLength: true, webauthn:extension:prf: true, webauthn:virtualAuthenticators: true}
Session ID: e466a1f3bc4d748565952dc8c957e809
[INFO] 22-02-2026 22:44:27 [main] Log - Running test case verifyRemoveProduct
[ERROR] 22-02-2026 22:44:37 [main] Log - Test case verifyRemoveProduct is failed.
[ERROR] 22-02-2026 22:44:37 [main] Log - org.openqa.selenium.NoSuchElementException: no such element: Unable to locate element: {"method":"xpath","selector":"//div[@class='table-responsive']//tbody/tr[.//a[normalize-space()='iMac']]"}
  (Session info: chrome=145.0.7632.76)
For documentation on this error, please visit: https://www.selenium.dev/documentation/webdriver/troubleshooting/errors#no-such-element-exception
Build info: version: '4.29.0', revision: '5fc1ec94cb'
System info: os.name: 'Windows 11', os.arch: 'amd64', os.version: '10.0', java.version: '17.0.12'
Driver info: org.openqa.selenium.chrome.ChromeDriver
Command: [e466a1f3bc4d748565952dc8c957e809, findElement {value=//div[@class='table-responsive']//tbody/tr[.//a[normalize-space()='iMac']], using=xpath}]
Capabilities {acceptInsecureCerts: false, browserName: chrome, browserVersion: 145.0.7632.76, chrome: {chromedriverVersion: 145.0.7632.77 (da516187054a..., userDataDir: C:\Users\velvet\AppData\Loc...}, fedcm:accounts: true, goog:chromeOptions: {debuggerAddress: localhost:62438}, goog:processID: 16156, networkConnectionEnabled: false, pageLoadStrategy: normal, platformName: windows, proxy: Proxy(), se:cdp: ws://localhost:62438/devtoo..., se:cdpVersion: 145.0.7632.76, setWindowRect: true, strictFileInteractability: false, timeouts: {implicit: 0, pageLoad: 300000, script: 30000}, unhandledPromptBehavior: dismiss and notify, webauthn:extension:credBlob: true, webauthn:extension:largeBlob: true, webauthn:extension:minPinLength: true, webauthn:extension:prf: true, webauthn:virtualAuthenticators: true}
Session ID: e466a1f3bc4d748565952dc8c957e809
[INFO] 22-02-2026 22:44:40 [main] Log - Running test case verifyReloadKeepsCartState
[ERROR] 22-02-2026 22:44:50 [main] Log - Test case verifyReloadKeepsCartState is failed.
[ERROR] 22-02-2026 22:44:50 [main] Log - org.openqa.selenium.NoSuchElementException: no such element: Unable to locate element: {"method":"xpath","selector":"//div[@class='table-responsive']//tbody/tr[.//a[normalize-space()='MacBook']]"}
  (Session info: chrome=145.0.7632.76)
For documentation on this error, please visit: https://www.selenium.dev/documentation/webdriver/troubleshooting/errors#no-such-element-exception
Build info: version: '4.29.0', revision: '5fc1ec94cb'
System info: os.name: 'Windows 11', os.arch: 'amd64', os.version: '10.0', java.version: '17.0.12'
Driver info: org.openqa.selenium.chrome.ChromeDriver
Command: [e466a1f3bc4d748565952dc8c957e809, findElement {value=//div[@class='table-responsive']//tbody/tr[.//a[normalize-space()='MacBook']], using=xpath}]
Capabilities {acceptInsecureCerts: false, browserName: chrome, browserVersion: 145.0.7632.76, chrome: {chromedriverVersion: 145.0.7632.77 (da516187054a..., userDataDir: C:\Users\velvet\AppData\Loc...}, fedcm:accounts: true, goog:chromeOptions: {debuggerAddress: localhost:62438}, goog:processID: 16156, networkConnectionEnabled: false, pageLoadStrategy: normal, platformName: windows, proxy: Proxy(), se:cdp: ws://localhost:62438/devtoo..., se:cdpVersion: 145.0.7632.76, setWindowRect: true, strictFileInteractability: false, timeouts: {implicit: 0, pageLoad: 300000, script: 30000}, unhandledPromptBehavior: dismiss and notify, webauthn:extension:credBlob: true, webauthn:extension:largeBlob: true, webauthn:extension:minPinLength: true, webauthn:extension:prf: true, webauthn:virtualAuthenticators: true}
Session ID: e466a1f3bc4d748565952dc8c957e809
[INFO] 22-02-2026 22:44:52 [main] Log - Running test case verifyQuantityZero
[ERROR] 22-02-2026 22:45:02 [main] Log - Test case verifyQuantityZero is failed.
[ERROR] 22-02-2026 22:45:02 [main] Log - org.openqa.selenium.NoSuchElementException: no such element: Unable to locate element: {"method":"xpath","selector":"//div[@class='table-responsive']//tbody/tr[.//a[normalize-space()='MacBook']]"}
  (Session info: chrome=145.0.7632.76)
For documentation on this error, please visit: https://www.selenium.dev/documentation/webdriver/troubleshooting/errors#no-such-element-exception
Build info: version: '4.29.0', revision: '5fc1ec94cb'
System info: os.name: 'Windows 11', os.arch: 'amd64', os.version: '10.0', java.version: '17.0.12'
Driver info: org.openqa.selenium.chrome.ChromeDriver
Command: [e466a1f3bc4d748565952dc8c957e809, findElement {value=//div[@class='table-responsive']//tbody/tr[.//a[normalize-space()='MacBook']], using=xpath}]
Capabilities {acceptInsecureCerts: false, browserName: chrome, browserVersion: 145.0.7632.76, chrome: {chromedriverVersion: 145.0.7632.77 (da516187054a..., userDataDir: C:\Users\velvet\AppData\Loc...}, fedcm:accounts: true, goog:chromeOptions: {debuggerAddress: localhost:62438}, goog:processID: 16156, networkConnectionEnabled: false, pageLoadStrategy: normal, platformName: windows, proxy: Proxy(), se:cdp: ws://localhost:62438/devtoo..., se:cdpVersion: 145.0.7632.76, setWindowRect: true, strictFileInteractability: false, timeouts: {implicit: 0, pageLoad: 300000, script: 30000}, unhandledPromptBehavior: dismiss and notify, webauthn:extension:credBlob: true, webauthn:extension:largeBlob: true, webauthn:extension:minPinLength: true, webauthn:extension:prf: true, webauthn:virtualAuthenticators: true}
Session ID: e466a1f3bc4d748565952dc8c957e809
[INFO] 22-02-2026 22:45:05 [main] Log - Running test case verifyNegativeQuantity
[ERROR] 22-02-2026 22:45:15 [main] Log - Test case verifyNegativeQuantity is failed.
[ERROR] 22-02-2026 22:45:15 [main] Log - org.openqa.selenium.NoSuchElementException: no such element: Unable to locate element: {"method":"xpath","selector":"//div[@class='table-responsive']//tbody/tr[.//a[normalize-space()='MacBook']]"}
  (Session info: chrome=145.0.7632.76)
For documentation on this error, please visit: https://www.selenium.dev/documentation/webdriver/troubleshooting/errors#no-such-element-exception
Build info: version: '4.29.0', revision: '5fc1ec94cb'
System info: os.name: 'Windows 11', os.arch: 'amd64', os.version: '10.0', java.version: '17.0.12'
Driver info: org.openqa.selenium.chrome.ChromeDriver
Command: [e466a1f3bc4d748565952dc8c957e809, findElement {value=//div[@class='table-responsive']//tbody/tr[.//a[normalize-space()='MacBook']], using=xpath}]
Capabilities {acceptInsecureCerts: false, browserName: chrome, browserVersion: 145.0.7632.76, chrome: {chromedriverVersion: 145.0.7632.77 (da516187054a..., userDataDir: C:\Users\velvet\AppData\Loc...}, fedcm:accounts: true, goog:chromeOptions: {debuggerAddress: localhost:62438}, goog:processID: 16156, networkConnectionEnabled: false, pageLoadStrategy: normal, platformName: windows, proxy: Proxy(), se:cdp: ws://localhost:62438/devtoo..., se:cdpVersion: 145.0.7632.76, setWindowRect: true, strictFileInteractability: false, timeouts: {implicit: 0, pageLoad: 300000, script: 30000}, unhandledPromptBehavior: dismiss and notify, webauthn:extension:credBlob: true, webauthn:extension:largeBlob: true, webauthn:extension:minPinLength: true, webauthn:extension:prf: true, webauthn:virtualAuthenticators: true}
Session ID: e466a1f3bc4d748565952dc8c957e809
[INFO] 22-02-2026 22:45:17 [main] Log - Running test case verifyInvalidQuantityText
[ERROR] 22-02-2026 22:45:27 [main] Log - Test case verifyInvalidQuantityText is failed.
[ERROR] 22-02-2026 22:45:28 [main] Log - org.openqa.selenium.NoSuchElementException: no such element: Unable to locate element: {"method":"xpath","selector":"//div[@class='table-responsive']//tbody/tr[.//a[normalize-space()='MacBook']]"}
  (Session info: chrome=145.0.7632.76)
For documentation on this error, please visit: https://www.selenium.dev/documentation/webdriver/troubleshooting/errors#no-such-element-exception
Build info: version: '4.29.0', revision: '5fc1ec94cb'
System info: os.name: 'Windows 11', os.arch: 'amd64', os.version: '10.0', java.version: '17.0.12'
Driver info: org.openqa.selenium.chrome.ChromeDriver
Command: [e466a1f3bc4d748565952dc8c957e809, findElement {value=//div[@class='table-responsive']//tbody/tr[.//a[normalize-space()='MacBook']], using=xpath}]
Capabilities {acceptInsecureCerts: false, browserName: chrome, browserVersion: 145.0.7632.76, chrome: {chromedriverVersion: 145.0.7632.77 (da516187054a..., userDataDir: C:\Users\velvet\AppData\Loc...}, fedcm:accounts: true, goog:chromeOptions: {debuggerAddress: localhost:62438}, goog:processID: 16156, networkConnectionEnabled: false, pageLoadStrategy: normal, platformName: windows, proxy: Proxy(), se:cdp: ws://localhost:62438/devtoo..., se:cdpVersion: 145.0.7632.76, setWindowRect: true, strictFileInteractability: false, timeouts: {implicit: 0, pageLoad: 300000, script: 30000}, unhandledPromptBehavior: dismiss and notify, webauthn:extension:credBlob: true, webauthn:extension:largeBlob: true, webauthn:extension:minPinLength: true, webauthn:extension:prf: true, webauthn:virtualAuthenticators: true}
Session ID: e466a1f3bc4d748565952dc8c957e809
[INFO] 22-02-2026 22:45:30 [main] Log - Running test case verifyCartTotalPrice
[ERROR] 22-02-2026 22:45:40 [main] Log - Test case verifyCartTotalPrice is failed.
[ERROR] 22-02-2026 22:45:40 [main] Log - org.openqa.selenium.NoSuchElementException: no such element: Unable to locate element: {"method":"xpath","selector":"//strong[text()='Sub-Total:']/parent::td/following-sibling::td"}
  (Session info: chrome=145.0.7632.76)
For documentation on this error, please visit: https://www.selenium.dev/documentation/webdriver/troubleshooting/errors#no-such-element-exception
Build info: version: '4.29.0', revision: '5fc1ec94cb'
System info: os.name: 'Windows 11', os.arch: 'amd64', os.version: '10.0', java.version: '17.0.12'
Driver info: org.openqa.selenium.chrome.ChromeDriver
Command: [e466a1f3bc4d748565952dc8c957e809, findElement {value=//strong[text()='Sub-Total:']/parent::td/following-sibling::td, using=xpath}]
Capabilities {acceptInsecureCerts: false, browserName: chrome, browserVersion: 145.0.7632.76, chrome: {chromedriverVersion: 145.0.7632.77 (da516187054a..., userDataDir: C:\Users\velvet\AppData\Loc...}, fedcm:accounts: true, goog:chromeOptions: {debuggerAddress: localhost:62438}, goog:processID: 16156, networkConnectionEnabled: false, pageLoadStrategy: normal, platformName: windows, proxy: Proxy(), se:cdp: ws://localhost:62438/devtoo..., se:cdpVersion: 145.0.7632.76, setWindowRect: true, strictFileInteractability: false, timeouts: {implicit: 0, pageLoad: 300000, script: 30000}, unhandledPromptBehavior: dismiss and notify, webauthn:extension:credBlob: true, webauthn:extension:largeBlob: true, webauthn:extension:minPinLength: true, webauthn:extension:prf: true, webauthn:virtualAuthenticators: true}
Session ID: e466a1f3bc4d748565952dc8c957e809
[INFO] 22-02-2026 22:45:43 [main] Log - End testing AutomationOpenCart
[INFO] 22-02-2026 22:47:32 [main] Log - Khởi tạo trình duyệt: chrome
[INFO] 22-02-2026 22:47:34 [main] Log - Running test case guestCheckoutSuccess
[INFO] 22-02-2026 22:47:36 [main] Log - Cuộn tới phần tử: [[ChromeDriver: chrome on windows (be43a183879725f1436f9e4129abd6f2)] -> xpath: //nav[@id='top']//li[4]//a[@title='Shopping Cart']]
[ERROR] 22-02-2026 22:48:58 [main] Log - Hết thời gian chờ phần tử có thể click: [[ChromeDriver: chrome on windows (be43a183879725f1436f9e4129abd6f2)] -> xpath: //a[@class='btn btn-primary']]
[ERROR] 22-02-2026 22:48:58 [main] Log - Test case guestCheckoutSuccess is failed.
[ERROR] 22-02-2026 22:48:58 [main] Log - java.lang.RuntimeException: Không thể tìm thấy phần tử có thể click: [[ChromeDriver: chrome on windows (be43a183879725f1436f9e4129abd6f2)] -> xpath: //a[@class='btn btn-primary']]
[INFO] 22-02-2026 22:49:01 [main] Log - Running test case checkoutWithAccountSuccess
[ERROR] 22-02-2026 22:49:12 [main] Log - Test case checkoutWithAccountSuccess is failed.
[ERROR] 22-02-2026 22:49:12 [main] Log - org.openqa.selenium.ElementNotInteractableException: element not interactable
  (Session info: chrome=145.0.7632.76)
Build info: version: '4.29.0', revision: '5fc1ec94cb'
System info: os.name: 'Windows 11', os.arch: 'amd64', os.version: '10.0', java.version: '17.0.12'
Driver info: org.openqa.selenium.chrome.ChromeDriver
Command: [be43a183879725f1436f9e4129abd6f2, clickElement {id=f.8224067C637EC1BA0E8053095F12B318.d.7D7CA559A1A4409610A3FF681E62265B.e.143}]
Capabilities {acceptInsecureCerts: false, browserName: chrome, browserVersion: 145.0.7632.76, chrome: {chromedriverVersion: 145.0.7632.77 (da516187054a..., userDataDir: C:\Users\velvet\AppData\Loc...}, fedcm:accounts: true, goog:chromeOptions: {debuggerAddress: localhost:60587}, goog:processID: 10992, networkConnectionEnabled: false, pageLoadStrategy: normal, platformName: windows, proxy: Proxy(), se:cdp: ws://localhost:60587/devtoo..., se:cdpVersion: 145.0.7632.76, setWindowRect: true, strictFileInteractability: false, timeouts: {implicit: 0, pageLoad: 300000, script: 30000}, unhandledPromptBehavior: dismiss and notify, webauthn:extension:credBlob: true, webauthn:extension:largeBlob: true, webauthn:extension:minPinLength: true, webauthn:extension:prf: true, webauthn:virtualAuthenticators: true}
Element: [[ChromeDriver: chrome on windows (be43a183879725f1436f9e4129abd6f2)] -> xpath: //a[normalize-space()='MacBook']]
Session ID: be43a183879725f1436f9e4129abd6f2
[INFO] 22-02-2026 22:49:14 [main] Log - Running test case checkoutFailWithoutAgree
[ERROR] 22-02-2026 22:49:25 [main] Log - Test case checkoutFailWithoutAgree is failed.
[ERROR] 22-02-2026 22:49:25 [main] Log - org.openqa.selenium.ElementNotInteractableException: element not interactable
  (Session info: chrome=145.0.7632.76)
Build info: version: '4.29.0', revision: '5fc1ec94cb'
System info: os.name: 'Windows 11', os.arch: 'amd64', os.version: '10.0', java.version: '17.0.12'
Driver info: org.openqa.selenium.chrome.ChromeDriver
Command: [be43a183879725f1436f9e4129abd6f2, clickElement {id=f.8224067C637EC1BA0E8053095F12B318.d.E556821EB6CAC88F7D7A7CFAD2AECA56.e.158}]
Capabilities {acceptInsecureCerts: false, browserName: chrome, browserVersion: 145.0.7632.76, chrome: {chromedriverVersion: 145.0.7632.77 (da516187054a..., userDataDir: C:\Users\velvet\AppData\Loc...}, fedcm:accounts: true, goog:chromeOptions: {debuggerAddress: localhost:60587}, goog:processID: 10992, networkConnectionEnabled: false, pageLoadStrategy: normal, platformName: windows, proxy: Proxy(), se:cdp: ws://localhost:60587/devtoo..., se:cdpVersion: 145.0.7632.76, setWindowRect: true, strictFileInteractability: false, timeouts: {implicit: 0, pageLoad: 300000, script: 30000}, unhandledPromptBehavior: dismiss and notify, webauthn:extension:credBlob: true, webauthn:extension:largeBlob: true, webauthn:extension:minPinLength: true, webauthn:extension:prf: true, webauthn:virtualAuthenticators: true}
Element: [[ChromeDriver: chrome on windows (be43a183879725f1436f9e4129abd6f2)] -> xpath: //a[normalize-space()='MacBook']]
Session ID: be43a183879725f1436f9e4129abd6f2
[INFO] 22-02-2026 22:49:28 [main] Log - Running test case checkoutFailInvailEmailAndPhone
[ERROR] 22-02-2026 22:49:38 [main] Log - Test case checkoutFailInvailEmailAndPhone is failed.
[ERROR] 22-02-2026 22:49:39 [main] Log - org.openqa.selenium.ElementNotInteractableException: element not interactable
  (Session info: chrome=145.0.7632.76)
Build info: version: '4.29.0', revision: '5fc1ec94cb'
System info: os.name: 'Windows 11', os.arch: 'amd64', os.version: '10.0', java.version: '17.0.12'
Driver info: org.openqa.selenium.chrome.ChromeDriver
Command: [be43a183879725f1436f9e4129abd6f2, clickElement {id=f.8224067C637EC1BA0E8053095F12B318.d.E7D372DE4242B6759CF3662F505DC28F.e.174}]
Capabilities {acceptInsecureCerts: false, browserName: chrome, browserVersion: 145.0.7632.76, chrome: {chromedriverVersion: 145.0.7632.77 (da516187054a..., userDataDir: C:\Users\velvet\AppData\Loc...}, fedcm:accounts: true, goog:chromeOptions: {debuggerAddress: localhost:60587}, goog:processID: 10992, networkConnectionEnabled: false, pageLoadStrategy: normal, platformName: windows, proxy: Proxy(), se:cdp: ws://localhost:60587/devtoo..., se:cdpVersion: 145.0.7632.76, setWindowRect: true, strictFileInteractability: false, timeouts: {implicit: 0, pageLoad: 300000, script: 30000}, unhandledPromptBehavior: dismiss and notify, webauthn:extension:credBlob: true, webauthn:extension:largeBlob: true, webauthn:extension:minPinLength: true, webauthn:extension:prf: true, webauthn:virtualAuthenticators: true}
Element: [[ChromeDriver: chrome on windows (be43a183879725f1436f9e4129abd6f2)] -> xpath: //a[normalize-space()='MacBook']]
Session ID: be43a183879725f1436f9e4129abd6f2
[INFO] 22-02-2026 22:49:41 [main] Log - End testing AutomationOpenCart
[INFO] 22-02-2026 22:50:47 [main] Log - Khởi tạo trình duyệt: chrome
[INFO] 22-02-2026 22:50:50 [main] Log - Running test case guestCheckoutSuccess
[INFO] 22-02-2026 22:50:52 [main] Log - Cuộn tới phần tử: [[ChromeDriver: chrome on windows (e465a2704c2a7bf115ce720e7bd30db3)] -> xpath: //nav[@id='top']//li[4]//a[@title='Shopping Cart']]
[INFO] 22-02-2026 22:50:55 [main] Log - Cuộn tới phần tử: [[ChromeDriver: chrome on windows (e465a2704c2a7bf115ce720e7bd30db3)] -> id: input-payment-firstname]
[INFO] 22-02-2026 22:51:00 [main] Log - Đang xác thực giá trị đúng...

[INFO] 22-02-2026 22:51:01 [main] Log - Giá trị đúng
[INFO] 22-02-2026 22:51:02 [main] Log - Đang xác thực giá trị đúng...

[INFO] 22-02-2026 22:51:02 [main] Log - Giá trị đúng
[INFO] 22-02-2026 22:51:02 [main] Log - Test case guestCheckoutSuccess is passed.
[INFO] 22-02-2026 22:51:05 [main] Log - Running test case checkoutWithAccountSuccess
[INFO] 22-02-2026 22:51:07 [main] Log - Cuộn tới phần tử: [[ChromeDriver: chrome on windows (e465a2704c2a7bf115ce720e7bd30db3)] -> xpath: //nav[@id='top']//li[4]//a[@title='Shopping Cart']]
[INFO] 22-02-2026 22:51:20 [main] Log - Đang xác thực giá trị đúng...

[INFO] 22-02-2026 22:51:20 [main] Log - Giá trị đúng
[INFO] 22-02-2026 22:51:20 [main] Log - Đang xác thực giá trị đúng...

[INFO] 22-02-2026 22:51:20 [main] Log - Giá trị đúng
[INFO] 22-02-2026 22:51:20 [main] Log - Test case checkoutWithAccountSuccess is passed.
[INFO] 22-02-2026 22:51:23 [main] Log - Running test case checkoutFailWithoutAgree
[INFO] 22-02-2026 22:51:25 [main] Log - Cuộn tới phần tử: [[ChromeDriver: chrome on windows (e465a2704c2a7bf115ce720e7bd30db3)] -> xpath: //nav[@id='top']//li[4]//a[@title='Shopping Cart']]
[ERROR] 22-02-2026 22:52:57 [main] Log - Hết thời gian chờ phần tử có thể click: Proxy element for: AjaxElementLocator 'By.xpath: //input[@value='guest']'
[ERROR] 22-02-2026 22:53:17 [main] Log - Test case checkoutFailWithoutAgree is failed.
[ERROR] 22-02-2026 22:53:17 [main] Log - Test case checkoutFailWithoutAgree is failed.
[INFO] 22-02-2026 22:53:17 [main] Log - End testing AutomationOpenCart
[INFO] 23-02-2026 09:38:23 [main] Log - Khởi tạo trình duyệt: chrome
[INFO] 23-02-2026 09:38:35 [main] Log - Cuộn tới phần tử: [[ChromeDriver: chrome on windows (145a3089148dd840daa6af2271295703)] -> xpath: //nav[@id='top']//li[4]//a[@title='Shopping Cart']]
[INFO] 23-02-2026 09:38:37 [main] Log - Running test case verifyProductsAddedToCart
[ERROR] 23-02-2026 09:38:37 [main] Log - Test case verifyProductsAddedToCart is skipped.
[ERROR] 23-02-2026 09:38:37 [main] Log - org.openqa.selenium.ElementClickInterceptedException: element click intercepted: Element <a href="http://localhost/opencart/index.php?route=checkout/cart" title="Shopping Cart">...</a> is not clickable at point (1189, 8). Other element would receive the click: <div id="top-links" class="nav pull-right">...</div>
  (Session info: chrome=145.0.7632.76)
Build info: version: '4.29.0', revision: '5fc1ec94cb'
System info: os.name: 'Windows 11', os.arch: 'amd64', os.version: '10.0', java.version: '17.0.12'
Driver info: org.openqa.selenium.chrome.ChromeDriver
Command: [145a3089148dd840daa6af2271295703, clickElement {id=f.1258A555F6F850BAE0D0D4FBBF42CADE.d.692CE58BC24ADAFC0E071CFA4AC13249.e.168}]
Capabilities {acceptInsecureCerts: false, browserName: chrome, browserVersion: 145.0.7632.76, chrome: {chromedriverVersion: 145.0.7632.77 (da516187054a..., userDataDir: C:\Users\velvet\AppData\Loc...}, fedcm:accounts: true, goog:chromeOptions: {debuggerAddress: localhost:63236}, goog:processID: 10304, networkConnectionEnabled: false, pageLoadStrategy: normal, platformName: windows, proxy: Proxy(), se:cdp: ws://localhost:63236/devtoo..., se:cdpVersion: 145.0.7632.76, setWindowRect: true, strictFileInteractability: false, timeouts: {implicit: 0, pageLoad: 300000, script: 30000}, unhandledPromptBehavior: dismiss and notify, webauthn:extension:credBlob: true, webauthn:extension:largeBlob: true, webauthn:extension:minPinLength: true, webauthn:extension:prf: true, webauthn:virtualAuthenticators: true}
Element: [[ChromeDriver: chrome on windows (145a3089148dd840daa6af2271295703)] -> xpath: //nav[@id='top']//li[4]//a[@title='Shopping Cart']]
Session ID: 145a3089148dd840daa6af2271295703
[INFO] 23-02-2026 09:38:40 [main] Log - Running test case verifyUpdateQuantityUpdatesTotalPrice
[ERROR] 23-02-2026 09:38:40 [main] Log - Test case verifyUpdateQuantityUpdatesTotalPrice is skipped.
[ERROR] 23-02-2026 09:38:40 [main] Log - org.openqa.selenium.ElementClickInterceptedException: element click intercepted: Element <a href="http://localhost/opencart/index.php?route=checkout/cart" title="Shopping Cart">...</a> is not clickable at point (1189, 8). Other element would receive the click: <div id="top-links" class="nav pull-right">...</div>
  (Session info: chrome=145.0.7632.76)
Build info: version: '4.29.0', revision: '5fc1ec94cb'
System info: os.name: 'Windows 11', os.arch: 'amd64', os.version: '10.0', java.version: '17.0.12'
Driver info: org.openqa.selenium.chrome.ChromeDriver
Command: [145a3089148dd840daa6af2271295703, clickElement {id=f.1258A555F6F850BAE0D0D4FBBF42CADE.d.692CE58BC24ADAFC0E071CFA4AC13249.e.168}]
Capabilities {acceptInsecureCerts: false, browserName: chrome, browserVersion: 145.0.7632.76, chrome: {chromedriverVersion: 145.0.7632.77 (da516187054a..., userDataDir: C:\Users\velvet\AppData\Loc...}, fedcm:accounts: true, goog:chromeOptions: {debuggerAddress: localhost:63236}, goog:processID: 10304, networkConnectionEnabled: false, pageLoadStrategy: normal, platformName: windows, proxy: Proxy(), se:cdp: ws://localhost:63236/devtoo..., se:cdpVersion: 145.0.7632.76, setWindowRect: true, strictFileInteractability: false, timeouts: {implicit: 0, pageLoad: 300000, script: 30000}, unhandledPromptBehavior: dismiss and notify, webauthn:extension:credBlob: true, webauthn:extension:largeBlob: true, webauthn:extension:minPinLength: true, webauthn:extension:prf: true, webauthn:virtualAuthenticators: true}
Element: [[ChromeDriver: chrome on windows (145a3089148dd840daa6af2271295703)] -> xpath: //nav[@id='top']//li[4]//a[@title='Shopping Cart']]
Session ID: 145a3089148dd840daa6af2271295703
[INFO] 23-02-2026 09:38:43 [main] Log - Running test case verifyRemoveProduct
[ERROR] 23-02-2026 09:38:43 [main] Log - Test case verifyRemoveProduct is skipped.
[ERROR] 23-02-2026 09:38:43 [main] Log - org.openqa.selenium.ElementClickInterceptedException: element click intercepted: Element <a href="http://localhost/opencart/index.php?route=checkout/cart" title="Shopping Cart">...</a> is not clickable at point (1189, 8). Other element would receive the click: <div id="top-links" class="nav pull-right">...</div>
  (Session info: chrome=145.0.7632.76)
Build info: version: '4.29.0', revision: '5fc1ec94cb'
System info: os.name: 'Windows 11', os.arch: 'amd64', os.version: '10.0', java.version: '17.0.12'
Driver info: org.openqa.selenium.chrome.ChromeDriver
Command: [145a3089148dd840daa6af2271295703, clickElement {id=f.1258A555F6F850BAE0D0D4FBBF42CADE.d.692CE58BC24ADAFC0E071CFA4AC13249.e.168}]
Capabilities {acceptInsecureCerts: false, browserName: chrome, browserVersion: 145.0.7632.76, chrome: {chromedriverVersion: 145.0.7632.77 (da516187054a..., userDataDir: C:\Users\velvet\AppData\Loc...}, fedcm:accounts: true, goog:chromeOptions: {debuggerAddress: localhost:63236}, goog:processID: 10304, networkConnectionEnabled: false, pageLoadStrategy: normal, platformName: windows, proxy: Proxy(), se:cdp: ws://localhost:63236/devtoo..., se:cdpVersion: 145.0.7632.76, setWindowRect: true, strictFileInteractability: false, timeouts: {implicit: 0, pageLoad: 300000, script: 30000}, unhandledPromptBehavior: dismiss and notify, webauthn:extension:credBlob: true, webauthn:extension:largeBlob: true, webauthn:extension:minPinLength: true, webauthn:extension:prf: true, webauthn:virtualAuthenticators: true}
Element: [[ChromeDriver: chrome on windows (145a3089148dd840daa6af2271295703)] -> xpath: //nav[@id='top']//li[4]//a[@title='Shopping Cart']]
Session ID: 145a3089148dd840daa6af2271295703
[INFO] 23-02-2026 09:38:45 [main] Log - Running test case verifyReloadKeepsCartState
[ERROR] 23-02-2026 09:38:45 [main] Log - Test case verifyReloadKeepsCartState is skipped.
[ERROR] 23-02-2026 09:38:45 [main] Log - org.openqa.selenium.ElementClickInterceptedException: element click intercepted: Element <a href="http://localhost/opencart/index.php?route=checkout/cart" title="Shopping Cart">...</a> is not clickable at point (1189, 8). Other element would receive the click: <div id="top-links" class="nav pull-right">...</div>
  (Session info: chrome=145.0.7632.76)
Build info: version: '4.29.0', revision: '5fc1ec94cb'
System info: os.name: 'Windows 11', os.arch: 'amd64', os.version: '10.0', java.version: '17.0.12'
Driver info: org.openqa.selenium.chrome.ChromeDriver
Command: [145a3089148dd840daa6af2271295703, clickElement {id=f.1258A555F6F850BAE0D0D4FBBF42CADE.d.692CE58BC24ADAFC0E071CFA4AC13249.e.168}]
Capabilities {acceptInsecureCerts: false, browserName: chrome, browserVersion: 145.0.7632.76, chrome: {chromedriverVersion: 145.0.7632.77 (da516187054a..., userDataDir: C:\Users\velvet\AppData\Loc...}, fedcm:accounts: true, goog:chromeOptions: {debuggerAddress: localhost:63236}, goog:processID: 10304, networkConnectionEnabled: false, pageLoadStrategy: normal, platformName: windows, proxy: Proxy(), se:cdp: ws://localhost:63236/devtoo..., se:cdpVersion: 145.0.7632.76, setWindowRect: true, strictFileInteractability: false, timeouts: {implicit: 0, pageLoad: 300000, script: 30000}, unhandledPromptBehavior: dismiss and notify, webauthn:extension:credBlob: true, webauthn:extension:largeBlob: true, webauthn:extension:minPinLength: true, webauthn:extension:prf: true, webauthn:virtualAuthenticators: true}
Element: [[ChromeDriver: chrome on windows (145a3089148dd840daa6af2271295703)] -> xpath: //nav[@id='top']//li[4]//a[@title='Shopping Cart']]
Session ID: 145a3089148dd840daa6af2271295703
[INFO] 23-02-2026 09:38:48 [main] Log - Running test case verifyQuantityZero
[ERROR] 23-02-2026 09:38:48 [main] Log - Test case verifyQuantityZero is skipped.
[ERROR] 23-02-2026 09:38:48 [main] Log - org.openqa.selenium.ElementClickInterceptedException: element click intercepted: Element <a href="http://localhost/opencart/index.php?route=checkout/cart" title="Shopping Cart">...</a> is not clickable at point (1189, 8). Other element would receive the click: <div id="top-links" class="nav pull-right">...</div>
  (Session info: chrome=145.0.7632.76)
Build info: version: '4.29.0', revision: '5fc1ec94cb'
System info: os.name: 'Windows 11', os.arch: 'amd64', os.version: '10.0', java.version: '17.0.12'
Driver info: org.openqa.selenium.chrome.ChromeDriver
Command: [145a3089148dd840daa6af2271295703, clickElement {id=f.1258A555F6F850BAE0D0D4FBBF42CADE.d.692CE58BC24ADAFC0E071CFA4AC13249.e.168}]
Capabilities {acceptInsecureCerts: false, browserName: chrome, browserVersion: 145.0.7632.76, chrome: {chromedriverVersion: 145.0.7632.77 (da516187054a..., userDataDir: C:\Users\velvet\AppData\Loc...}, fedcm:accounts: true, goog:chromeOptions: {debuggerAddress: localhost:63236}, goog:processID: 10304, networkConnectionEnabled: false, pageLoadStrategy: normal, platformName: windows, proxy: Proxy(), se:cdp: ws://localhost:63236/devtoo..., se:cdpVersion: 145.0.7632.76, setWindowRect: true, strictFileInteractability: false, timeouts: {implicit: 0, pageLoad: 300000, script: 30000}, unhandledPromptBehavior: dismiss and notify, webauthn:extension:credBlob: true, webauthn:extension:largeBlob: true, webauthn:extension:minPinLength: true, webauthn:extension:prf: true, webauthn:virtualAuthenticators: true}
Element: [[ChromeDriver: chrome on windows (145a3089148dd840daa6af2271295703)] -> xpath: //nav[@id='top']//li[4]//a[@title='Shopping Cart']]
Session ID: 145a3089148dd840daa6af2271295703
[INFO] 23-02-2026 09:38:50 [main] Log - Running test case verifyNegativeQuantity
[ERROR] 23-02-2026 09:38:50 [main] Log - Test case verifyNegativeQuantity is skipped.
[ERROR] 23-02-2026 09:38:50 [main] Log - org.openqa.selenium.ElementClickInterceptedException: element click intercepted: Element <a href="http://localhost/opencart/index.php?route=checkout/cart" title="Shopping Cart">...</a> is not clickable at point (1189, 8). Other element would receive the click: <div id="top-links" class="nav pull-right">...</div>
  (Session info: chrome=145.0.7632.76)
Build info: version: '4.29.0', revision: '5fc1ec94cb'
System info: os.name: 'Windows 11', os.arch: 'amd64', os.version: '10.0', java.version: '17.0.12'
Driver info: org.openqa.selenium.chrome.ChromeDriver
Command: [145a3089148dd840daa6af2271295703, clickElement {id=f.1258A555F6F850BAE0D0D4FBBF42CADE.d.692CE58BC24ADAFC0E071CFA4AC13249.e.168}]
Capabilities {acceptInsecureCerts: false, browserName: chrome, browserVersion: 145.0.7632.76, chrome: {chromedriverVersion: 145.0.7632.77 (da516187054a..., userDataDir: C:\Users\velvet\AppData\Loc...}, fedcm:accounts: true, goog:chromeOptions: {debuggerAddress: localhost:63236}, goog:processID: 10304, networkConnectionEnabled: false, pageLoadStrategy: normal, platformName: windows, proxy: Proxy(), se:cdp: ws://localhost:63236/devtoo..., se:cdpVersion: 145.0.7632.76, setWindowRect: true, strictFileInteractability: false, timeouts: {implicit: 0, pageLoad: 300000, script: 30000}, unhandledPromptBehavior: dismiss and notify, webauthn:extension:credBlob: true, webauthn:extension:largeBlob: true, webauthn:extension:minPinLength: true, webauthn:extension:prf: true, webauthn:virtualAuthenticators: true}
Element: [[ChromeDriver: chrome on windows (145a3089148dd840daa6af2271295703)] -> xpath: //nav[@id='top']//li[4]//a[@title='Shopping Cart']]
Session ID: 145a3089148dd840daa6af2271295703
[INFO] 23-02-2026 09:38:52 [main] Log - Running test case verifyInvalidQuantityText
[ERROR] 23-02-2026 09:38:52 [main] Log - Test case verifyInvalidQuantityText is skipped.
[ERROR] 23-02-2026 09:38:52 [main] Log - org.openqa.selenium.ElementClickInterceptedException: element click intercepted: Element <a href="http://localhost/opencart/index.php?route=checkout/cart" title="Shopping Cart">...</a> is not clickable at point (1189, 8). Other element would receive the click: <div id="top-links" class="nav pull-right">...</div>
  (Session info: chrome=145.0.7632.76)
Build info: version: '4.29.0', revision: '5fc1ec94cb'
System info: os.name: 'Windows 11', os.arch: 'amd64', os.version: '10.0', java.version: '17.0.12'
Driver info: org.openqa.selenium.chrome.ChromeDriver
Command: [145a3089148dd840daa6af2271295703, clickElement {id=f.1258A555F6F850BAE0D0D4FBBF42CADE.d.692CE58BC24ADAFC0E071CFA4AC13249.e.168}]
Capabilities {acceptInsecureCerts: false, browserName: chrome, browserVersion: 145.0.7632.76, chrome: {chromedriverVersion: 145.0.7632.77 (da516187054a..., userDataDir: C:\Users\velvet\AppData\Loc...}, fedcm:accounts: true, goog:chromeOptions: {debuggerAddress: localhost:63236}, goog:processID: 10304, networkConnectionEnabled: false, pageLoadStrategy: normal, platformName: windows, proxy: Proxy(), se:cdp: ws://localhost:63236/devtoo..., se:cdpVersion: 145.0.7632.76, setWindowRect: true, strictFileInteractability: false, timeouts: {implicit: 0, pageLoad: 300000, script: 30000}, unhandledPromptBehavior: dismiss and notify, webauthn:extension:credBlob: true, webauthn:extension:largeBlob: true, webauthn:extension:minPinLength: true, webauthn:extension:prf: true, webauthn:virtualAuthenticators: true}
Element: [[ChromeDriver: chrome on windows (145a3089148dd840daa6af2271295703)] -> xpath: //nav[@id='top']//li[4]//a[@title='Shopping Cart']]
Session ID: 145a3089148dd840daa6af2271295703
[INFO] 23-02-2026 09:38:54 [main] Log - Running test case verifyCartTotalPrice
[ERROR] 23-02-2026 09:38:54 [main] Log - Test case verifyCartTotalPrice is skipped.
[ERROR] 23-02-2026 09:38:54 [main] Log - org.openqa.selenium.ElementClickInterceptedException: element click intercepted: Element <a href="http://localhost/opencart/index.php?route=checkout/cart" title="Shopping Cart">...</a> is not clickable at point (1189, 8). Other element would receive the click: <div id="top-links" class="nav pull-right">...</div>
  (Session info: chrome=145.0.7632.76)
Build info: version: '4.29.0', revision: '5fc1ec94cb'
System info: os.name: 'Windows 11', os.arch: 'amd64', os.version: '10.0', java.version: '17.0.12'
Driver info: org.openqa.selenium.chrome.ChromeDriver
Command: [145a3089148dd840daa6af2271295703, clickElement {id=f.1258A555F6F850BAE0D0D4FBBF42CADE.d.692CE58BC24ADAFC0E071CFA4AC13249.e.168}]
Capabilities {acceptInsecureCerts: false, browserName: chrome, browserVersion: 145.0.7632.76, chrome: {chromedriverVersion: 145.0.7632.77 (da516187054a..., userDataDir: C:\Users\velvet\AppData\Loc...}, fedcm:accounts: true, goog:chromeOptions: {debuggerAddress: localhost:63236}, goog:processID: 10304, networkConnectionEnabled: false, pageLoadStrategy: normal, platformName: windows, proxy: Proxy(), se:cdp: ws://localhost:63236/devtoo..., se:cdpVersion: 145.0.7632.76, setWindowRect: true, strictFileInteractability: false, timeouts: {implicit: 0, pageLoad: 300000, script: 30000}, unhandledPromptBehavior: dismiss and notify, webauthn:extension:credBlob: true, webauthn:extension:largeBlob: true, webauthn:extension:minPinLength: true, webauthn:extension:prf: true, webauthn:virtualAuthenticators: true}
Element: [[ChromeDriver: chrome on windows (145a3089148dd840daa6af2271295703)] -> xpath: //nav[@id='top']//li[4]//a[@title='Shopping Cart']]
Session ID: 145a3089148dd840daa6af2271295703
[INFO] 23-02-2026 09:38:57 [main] Log - End testing AutomationOpenCart
[INFO] 23-02-2026 09:41:19 [main] Log - Khởi tạo trình duyệt: chrome
[INFO] 23-02-2026 09:41:33 [main] Log - Cuộn tới phần tử: [[ChromeDriver: chrome on windows (d779d244be1a1a1bf9fa0b37d295f159)] -> xpath: //nav[@id='top']//li[4]//a[@title='Shopping Cart']]
[INFO] 23-02-2026 09:41:34 [main] Log - Running test case verifyProductsAddedToCart
[INFO] 23-02-2026 09:41:34 [main] Log - Đang xác thực giá trị đúng...

[INFO] 23-02-2026 09:41:34 [main] Log - Giá trị đúng
[INFO] 23-02-2026 09:41:34 [main] Log - Đang xác thực giá trị đúng...

[INFO] 23-02-2026 09:41:34 [main] Log - Giá trị đúng
[INFO] 23-02-2026 09:41:34 [main] Log - Test case verifyProductsAddedToCart is passed.
[INFO] 23-02-2026 09:41:38 [main] Log - Running test case verifyUpdateQuantityUpdatesTotalPrice
[INFO] 23-02-2026 09:41:39 [main] Log - Đang xác thực giá trị bằng nhau...
 - Thực tế: 1324.0
 - Kỳ vọng: 1324.0
[INFO] 23-02-2026 09:41:39 [main] Log - Test case verifyUpdateQuantityUpdatesTotalPrice is passed.
[INFO] 23-02-2026 09:41:41 [main] Log - Running test case verifyRemoveProduct
[INFO] 23-02-2026 09:41:52 [main] Log - Test case verifyRemoveProduct is passed.
[INFO] 23-02-2026 09:41:54 [main] Log - Running test case verifyReloadKeepsCartState
[INFO] 23-02-2026 09:41:55 [main] Log - Đang xác thực giá trị bằng nhau...
 - Thực tế: 3
 - Kỳ vọng: 3
[INFO] 23-02-2026 09:41:55 [main] Log - Test case verifyReloadKeepsCartState is passed.
[INFO] 23-02-2026 09:41:57 [main] Log - Running test case verifyQuantityZero
[INFO] 23-02-2026 09:42:08 [main] Log - Đang xác thực giá trị đúng...

[INFO] 23-02-2026 09:42:08 [main] Log - Giá trị đúng
[INFO] 23-02-2026 09:42:08 [main] Log - Test case verifyQuantityZero is passed.
[INFO] 23-02-2026 09:42:10 [main] Log - Running test case verifyNegativeQuantity
[INFO] 23-02-2026 09:42:22 [main] Log - Cuộn tới phần tử: [[ChromeDriver: chrome on windows (d779d244be1a1a1bf9fa0b37d295f159)] -> xpath: //nav[@id='top']//li[4]//a[@title='Shopping Cart']]
[ERROR] 23-02-2026 09:42:23 [main] Log - Test case verifyNegativeQuantity is failed.
[ERROR] 23-02-2026 09:42:24 [main] Log - org.openqa.selenium.StaleElementReferenceException: stale element reference: stale element not found
  (Session info: chrome=145.0.7632.76)
For documentation on this error, please visit: https://www.selenium.dev/documentation/webdriver/troubleshooting/errors#stale-element-reference-exception
Build info: version: '4.29.0', revision: '5fc1ec94cb'
System info: os.name: 'Windows 11', os.arch: 'amd64', os.version: '10.0', java.version: '17.0.12'
Driver info: org.openqa.selenium.chrome.ChromeDriver
Command: [d779d244be1a1a1bf9fa0b37d295f159, findChildElement {using=css selector, id=f.2942D56BD499159666F5A48A33174657.d.9A90668098A0B367C305F7C8D0D9BDE4.e.341, value=input[name*='quantity']}]
Capabilities {acceptInsecureCerts: false, browserName: chrome, browserVersion: 145.0.7632.76, chrome: {chromedriverVersion: 145.0.7632.77 (da516187054a..., userDataDir: C:\Users\velvet\AppData\Loc...}, fedcm:accounts: true, goog:chromeOptions: {debuggerAddress: localhost:52219}, goog:processID: 17008, networkConnectionEnabled: false, pageLoadStrategy: normal, platformName: windows, proxy: Proxy(), se:cdp: ws://localhost:52219/devtoo..., se:cdpVersion: 145.0.7632.76, setWindowRect: true, strictFileInteractability: false, timeouts: {implicit: 0, pageLoad: 300000, script: 30000}, unhandledPromptBehavior: dismiss and notify, webauthn:extension:credBlob: true, webauthn:extension:largeBlob: true, webauthn:extension:minPinLength: true, webauthn:extension:prf: true, webauthn:virtualAuthenticators: true}
Session ID: d779d244be1a1a1bf9fa0b37d295f159
[INFO] 23-02-2026 09:42:26 [main] Log - Running test case verifyInvalidQuantityText
[INFO] 23-02-2026 09:42:38 [main] Log - Cuộn tới phần tử: [[ChromeDriver: chrome on windows (d779d244be1a1a1bf9fa0b37d295f159)] -> xpath: //nav[@id='top']//li[4]//a[@title='Shopping Cart']]
[INFO] 23-02-2026 09:42:49 [main] Log - Đang xác thực giá trị đúng...

[INFO] 23-02-2026 09:42:49 [main] Log - Giá trị đúng
[INFO] 23-02-2026 09:42:49 [main] Log - Test case verifyInvalidQuantityText is passed.
[INFO] 23-02-2026 09:42:52 [main] Log - Running test case verifyCartTotalPrice
[ERROR] 23-02-2026 09:43:02 [main] Log - Test case verifyCartTotalPrice is failed.
[ERROR] 23-02-2026 09:43:02 [main] Log - org.openqa.selenium.NoSuchElementException: no such element: Unable to locate element: {"method":"xpath","selector":"//strong[text()='Sub-Total:']/parent::td/following-sibling::td"}
  (Session info: chrome=145.0.7632.76)
For documentation on this error, please visit: https://www.selenium.dev/documentation/webdriver/troubleshooting/errors#no-such-element-exception
Build info: version: '4.29.0', revision: '5fc1ec94cb'
System info: os.name: 'Windows 11', os.arch: 'amd64', os.version: '10.0', java.version: '17.0.12'
Driver info: org.openqa.selenium.chrome.ChromeDriver
Command: [d779d244be1a1a1bf9fa0b37d295f159, findElement {using=xpath, value=//strong[text()='Sub-Total:']/parent::td/following-sibling::td}]
Capabilities {acceptInsecureCerts: false, browserName: chrome, browserVersion: 145.0.7632.76, chrome: {chromedriverVersion: 145.0.7632.77 (da516187054a..., userDataDir: C:\Users\velvet\AppData\Loc...}, fedcm:accounts: true, goog:chromeOptions: {debuggerAddress: localhost:52219}, goog:processID: 17008, networkConnectionEnabled: false, pageLoadStrategy: normal, platformName: windows, proxy: Proxy(), se:cdp: ws://localhost:52219/devtoo..., se:cdpVersion: 145.0.7632.76, setWindowRect: true, strictFileInteractability: false, timeouts: {implicit: 0, pageLoad: 300000, script: 30000}, unhandledPromptBehavior: dismiss and notify, webauthn:extension:credBlob: true, webauthn:extension:largeBlob: true, webauthn:extension:minPinLength: true, webauthn:extension:prf: true, webauthn:virtualAuthenticators: true}
Session ID: d779d244be1a1a1bf9fa0b37d295f159
[INFO] 23-02-2026 09:43:05 [main] Log - End testing AutomationOpenCart
[INFO] 23-02-2026 09:46:48 [main] Log - Khởi tạo trình duyệt: chrome
[INFO] 23-02-2026 09:46:55 [main] Log - Cuộn tới phần tử: [[ChromeDriver: chrome on windows (24e32e1a26149a518d2c8c432f54fdd0)] -> xpath: //nav[@id='top']//li[4]//a[@title='Shopping Cart']]
[INFO] 23-02-2026 09:46:55 [main] Log - Running test case verifyProductsAddedToCart
[INFO] 23-02-2026 09:46:56 [main] Log - Đang xác thực giá trị đúng...

[INFO] 23-02-2026 09:46:56 [main] Log - Giá trị đúng
[INFO] 23-02-2026 09:46:56 [main] Log - Đang xác thực giá trị đúng...

[INFO] 23-02-2026 09:46:56 [main] Log - Giá trị đúng
[INFO] 23-02-2026 09:46:56 [main] Log - Test case verifyProductsAddedToCart is passed.
[INFO] 23-02-2026 09:46:58 [main] Log - Running test case verifyUpdateQuantityUpdatesTotalPrice
[INFO] 23-02-2026 09:46:59 [main] Log - Đang xác thực giá trị bằng nhau...
 - Thực tế: 1324.0
 - Kỳ vọng: 1324.0
[INFO] 23-02-2026 09:46:59 [main] Log - Test case verifyUpdateQuantityUpdatesTotalPrice is passed.
[INFO] 23-02-2026 09:47:01 [main] Log - Running test case verifyRemoveProduct
[INFO] 23-02-2026 09:47:12 [main] Log - Test case verifyRemoveProduct is passed.
[INFO] 23-02-2026 09:47:14 [main] Log - Running test case verifyReloadKeepsCartState
[INFO] 23-02-2026 09:47:15 [main] Log - Đang xác thực giá trị bằng nhau...
 - Thực tế: 3
 - Kỳ vọng: 3
[INFO] 23-02-2026 09:47:15 [main] Log - Test case verifyReloadKeepsCartState is passed.
[INFO] 23-02-2026 09:47:18 [main] Log - Running test case verifyQuantityZero
[INFO] 23-02-2026 09:47:28 [main] Log - Đang xác thực giá trị đúng...

[INFO] 23-02-2026 09:47:28 [main] Log - Giá trị đúng
[INFO] 23-02-2026 09:47:28 [main] Log - Test case verifyQuantityZero is passed.
[INFO] 23-02-2026 09:47:30 [main] Log - Running test case verifyNegativeQuantity
[INFO] 23-02-2026 09:47:42 [main] Log - Cuộn tới phần tử: [[ChromeDriver: chrome on windows (24e32e1a26149a518d2c8c432f54fdd0)] -> xpath: //nav[@id='top']//li[4]//a[@title='Shopping Cart']]
[INFO] 23-02-2026 09:47:53 [main] Log - Đang xác thực giá trị đúng...

[INFO] 23-02-2026 09:47:53 [main] Log - Giá trị đúng
[INFO] 23-02-2026 09:47:53 [main] Log - Test case verifyNegativeQuantity is passed.
[INFO] 23-02-2026 09:47:56 [main] Log - Running test case verifyInvalidQuantityText
[INFO] 23-02-2026 09:48:07 [main] Log - Cuộn tới phần tử: [[ChromeDriver: chrome on windows (24e32e1a26149a518d2c8c432f54fdd0)] -> xpath: //nav[@id='top']//li[4]//a[@title='Shopping Cart']]
[INFO] 23-02-2026 09:48:19 [main] Log - Đang xác thực giá trị đúng...

[INFO] 23-02-2026 09:48:19 [main] Log - Giá trị đúng
[INFO] 23-02-2026 09:48:19 [main] Log - Test case verifyInvalidQuantityText is passed.
[INFO] 23-02-2026 09:48:22 [main] Log - Running test case verifyCartTotalPrice
[ERROR] 23-02-2026 09:48:32 [main] Log - Test case verifyCartTotalPrice is failed.
[ERROR] 23-02-2026 09:48:32 [main] Log - org.openqa.selenium.NoSuchElementException: no such element: Unable to locate element: {"method":"xpath","selector":"//strong[text()='Sub-Total:']/parent::td/following-sibling::td"}
  (Session info: chrome=145.0.7632.76)
For documentation on this error, please visit: https://www.selenium.dev/documentation/webdriver/troubleshooting/errors#no-such-element-exception
Build info: version: '4.29.0', revision: '5fc1ec94cb'
System info: os.name: 'Windows 11', os.arch: 'amd64', os.version: '10.0', java.version: '17.0.12'
Driver info: org.openqa.selenium.chrome.ChromeDriver
Command: [24e32e1a26149a518d2c8c432f54fdd0, findElement {value=//strong[text()='Sub-Total:']/parent::td/following-sibling::td, using=xpath}]
Capabilities {acceptInsecureCerts: false, browserName: chrome, browserVersion: 145.0.7632.76, chrome: {chromedriverVersion: 145.0.7632.77 (da516187054a..., userDataDir: C:\Users\velvet\AppData\Loc...}, fedcm:accounts: true, goog:chromeOptions: {debuggerAddress: localhost:51150}, goog:processID: 14668, networkConnectionEnabled: false, pageLoadStrategy: normal, platformName: windows, proxy: Proxy(), se:cdp: ws://localhost:51150/devtoo..., se:cdpVersion: 145.0.7632.76, setWindowRect: true, strictFileInteractability: false, timeouts: {implicit: 0, pageLoad: 300000, script: 30000}, unhandledPromptBehavior: dismiss and notify, webauthn:extension:credBlob: true, webauthn:extension:largeBlob: true, webauthn:extension:minPinLength: true, webauthn:extension:prf: true, webauthn:virtualAuthenticators: true}
Session ID: 24e32e1a26149a518d2c8c432f54fdd0
[INFO] 23-02-2026 09:48:34 [main] Log - End testing AutomationOpenCart
[INFO] 23-02-2026 09:49:13 [main] Log - Khởi tạo trình duyệt: chrome
[INFO] 23-02-2026 09:49:21 [main] Log - Cuộn tới phần tử: [[ChromeDriver: chrome on windows (d647382380980afe5032a3d6f9033d98)] -> xpath: //nav[@id='top']//li[4]//a[@title='Shopping Cart']]
[INFO] 23-02-2026 09:49:21 [main] Log - Running test case verifyProductsAddedToCart
[INFO] 23-02-2026 09:49:22 [main] Log - Đang xác thực giá trị đúng...

[INFO] 23-02-2026 09:49:22 [main] Log - Giá trị đúng
[INFO] 23-02-2026 09:49:22 [main] Log - Đang xác thực giá trị đúng...

[INFO] 23-02-2026 09:49:22 [main] Log - Giá trị đúng
[INFO] 23-02-2026 09:49:22 [main] Log - Test case verifyProductsAddedToCart is passed.
[INFO] 23-02-2026 09:49:24 [main] Log - Running test case verifyUpdateQuantityUpdatesTotalPrice
[INFO] 23-02-2026 09:49:25 [main] Log - Đang xác thực giá trị bằng nhau...
 - Thực tế: 1324.0
 - Kỳ vọng: 1324.0
[INFO] 23-02-2026 09:49:25 [main] Log - Test case verifyUpdateQuantityUpdatesTotalPrice is passed.
[INFO] 23-02-2026 09:49:27 [main] Log - Running test case verifyRemoveProduct
[INFO] 23-02-2026 09:49:38 [main] Log - Test case verifyRemoveProduct is passed.
[INFO] 23-02-2026 09:49:40 [main] Log - Running test case verifyReloadKeepsCartState
[INFO] 23-02-2026 09:49:41 [main] Log - Đang xác thực giá trị bằng nhau...
 - Thực tế: 3
 - Kỳ vọng: 3
[INFO] 23-02-2026 09:49:41 [main] Log - Test case verifyReloadKeepsCartState is passed.
[INFO] 23-02-2026 09:49:44 [main] Log - Running test case verifyQuantityZero
[INFO] 23-02-2026 09:49:54 [main] Log - Đang xác thực giá trị đúng...

[INFO] 23-02-2026 09:49:54 [main] Log - Giá trị đúng
[INFO] 23-02-2026 09:49:54 [main] Log - Test case verifyQuantityZero is passed.
[INFO] 23-02-2026 09:49:56 [main] Log - Running test case verifyNegativeQuantity
[INFO] 23-02-2026 09:50:08 [main] Log - Cuộn tới phần tử: [[ChromeDriver: chrome on windows (d647382380980afe5032a3d6f9033d98)] -> xpath: //nav[@id='top']//li[4]//a[@title='Shopping Cart']]
[INFO] 23-02-2026 09:50:19 [main] Log - Đang xác thực giá trị đúng...

[INFO] 23-02-2026 09:50:19 [main] Log - Giá trị đúng
[INFO] 23-02-2026 09:50:19 [main] Log - Test case verifyNegativeQuantity is passed.
[INFO] 23-02-2026 09:50:22 [main] Log - Running test case verifyInvalidQuantityText
[INFO] 23-02-2026 09:50:34 [main] Log - Cuộn tới phần tử: [[ChromeDriver: chrome on windows (d647382380980afe5032a3d6f9033d98)] -> xpath: //nav[@id='top']//li[4]//a[@title='Shopping Cart']]
[INFO] 23-02-2026 09:50:45 [main] Log - Đang xác thực giá trị đúng...

[INFO] 23-02-2026 09:50:45 [main] Log - Giá trị đúng
[INFO] 23-02-2026 09:50:45 [main] Log - Test case verifyInvalidQuantityText is passed.
[INFO] 23-02-2026 09:50:47 [main] Log - Running test case verifyCartTotalPrice
[INFO] 23-02-2026 09:50:59 [main] Log - Cuộn tới phần tử: [[ChromeDriver: chrome on windows (d647382380980afe5032a3d6f9033d98)] -> xpath: //nav[@id='top']//li[4]//a[@title='Shopping Cart']]
[INFO] 23-02-2026 09:51:00 [main] Log - Cuộn tới phần tử: [[ChromeDriver: chrome on windows (d647382380980afe5032a3d6f9033d98)] -> xpath: //strong[text()='Sub-Total:']/parent::td/following-sibling::td]
[INFO] 23-02-2026 09:51:00 [main] Log - Đang xác thực giá trị đúng...

[INFO] 23-02-2026 09:51:00 [main] Log - Giá trị đúng
[INFO] 23-02-2026 09:51:00 [main] Log - Test case verifyCartTotalPrice is passed.
[INFO] 23-02-2026 09:51:03 [main] Log - End testing AutomationOpenCart
[INFO] 23-02-2026 09:53:33 [main] Log - Khởi tạo trình duyệt: chrome
[INFO] 23-02-2026 09:53:39 [main] Log - Running test case testLoginSuccess
[INFO] 23-02-2026 09:53:42 [main] Log - Đang xác thực giá trị đúng...

[INFO] 23-02-2026 09:53:42 [main] Log - Giá trị đúng
[INFO] 23-02-2026 09:53:42 [main] Log - Test case testLoginSuccess is passed.
[INFO] 23-02-2026 09:53:45 [main] Log - Running test case testLoginNegativeBoundary
[INFO] 23-02-2026 09:53:47 [main] Log - Thông báo lỗi: [Warning: No match for E-Mail Address and/or Password.]
[INFO] 23-02-2026 09:53:47 [main] Log - Test case testLoginNegativeBoundary is passed.
[INFO] 23-02-2026 09:53:49 [main] Log - Running test case testLoginNegativeBoundary
[INFO] 23-02-2026 09:53:50 [main] Log - Thông báo lỗi: [Warning: No match for E-Mail Address and/or Password.]
[INFO] 23-02-2026 09:53:50 [main] Log - Test case testLoginNegativeBoundary is passed.
[INFO] 23-02-2026 09:53:52 [main] Log - Running test case testLoginNegativeBoundary
[INFO] 23-02-2026 09:53:53 [main] Log - Thông báo lỗi: [Warning: No match for E-Mail Address and/or Password.]
[INFO] 23-02-2026 09:53:53 [main] Log - Test case testLoginNegativeBoundary is passed.
[INFO] 23-02-2026 09:53:56 [main] Log - Running test case testLoginNegativeBoundary
[INFO] 23-02-2026 09:53:57 [main] Log - Thông báo lỗi: [Warning: Your account has exceeded allowed number of login attempts. Please try again in 1 hour.]
[ERROR] 23-02-2026 09:53:57 [main] Log - Test case testLoginNegativeBoundary is failed.
[ERROR] 23-02-2026 09:53:57 [main] Log - java.lang.AssertionError: Lỗi mong muốn không tìm thấy: Password must not be empty
Thông báo thực tế: [Warning: Your account has exceeded allowed number of login attempts. Please try again in 1 hour.] expected [true] but found [false]
[INFO] 23-02-2026 09:54:00 [main] Log - Running test case testLoginNegativeBoundary
[INFO] 23-02-2026 09:54:00 [main] Log - Thông báo lỗi: [Warning: Your account has exceeded allowed number of login attempts. Please try again in 1 hour.]
[ERROR] 23-02-2026 09:54:00 [main] Log - Test case testLoginNegativeBoundary is failed.
[ERROR] 23-02-2026 09:54:01 [main] Log - java.lang.AssertionError: Lỗi mong muốn không tìm thấy: Warning: No match for E-Mail Address and/or Password.
Thông báo thực tế: [Warning: Your account has exceeded allowed number of login attempts. Please try again in 1 hour.] expected [true] but found [false]
[INFO] 23-02-2026 09:54:03 [main] Log - Running test case testBlockLogin
[INFO] 23-02-2026 09:54:04 [main] Log - Thông báo lỗi: [Warning: Your account has exceeded allowed number of login attempts. Please try again in 1 hour.]
[INFO] 23-02-2026 09:54:04 [main] Log - Test case testBlockLogin is passed.
[INFO] 23-02-2026 09:54:07 [main] Log - End testing AutomationOpenCart
[INFO] 23-02-2026 10:06:43 [main] Log - Khởi tạo trình duyệt: chrome
[INFO] 23-02-2026 10:06:48 [main] Log - Running test case testLoginSuccess
[INFO] 23-02-2026 10:06:50 [main] Log - Đang xác thực giá trị đúng...

[INFO] 23-02-2026 10:06:50 [main] Log - Giá trị đúng
[INFO] 23-02-2026 10:06:51 [main] Log - Test case testLoginSuccess is passed.
[INFO] 23-02-2026 10:06:56 [main] Log - End testing AutomationOpenCart
[INFO] 23-02-2026 10:07:39 [main] Log - Khởi tạo trình duyệt: chrome
[INFO] 23-02-2026 10:07:44 [main] Log - Running test case testLoginSuccess
[INFO] 23-02-2026 10:07:46 [main] Log - Đang xác thực giá trị đúng...

[INFO] 23-02-2026 10:07:46 [main] Log - Giá trị đúng
[INFO] 23-02-2026 10:07:47 [main] Log - Test case testLoginSuccess is passed.
[INFO] 23-02-2026 10:07:50 [main] Log - Running test case testLoginNegativeBoundary
[INFO] 23-02-2026 10:07:51 [main] Log - Thông báo lỗi: [Warning: Your account has exceeded allowed number of login attempts. Please try again in 1 hour.]
[ERROR] 23-02-2026 10:07:51 [main] Log - Test case testLoginNegativeBoundary is failed.
[ERROR] 23-02-2026 10:07:51 [main] Log - java.lang.AssertionError: Lỗi mong muốn không tìm thấy: Warning: No match for E-Mail Address and/or Password.
Thông báo thực tế: [Warning: Your account has exceeded allowed number of login attempts. Please try again in 1 hour.] expected [true] but found [false]
[INFO] 23-02-2026 10:07:54 [main] Log - Running test case testLoginNegativeBoundary
[INFO] 23-02-2026 10:07:55 [main] Log - Thông báo lỗi: [Warning: No match for E-Mail Address and/or Password.]
[INFO] 23-02-2026 10:07:55 [main] Log - Test case testLoginNegativeBoundary is passed.
[INFO] 23-02-2026 10:07:57 [main] Log - Running test case testLoginNegativeBoundary
[INFO] 23-02-2026 10:07:58 [main] Log - Thông báo lỗi: [Warning: Your account has exceeded allowed number of login attempts. Please try again in 1 hour.]
[ERROR] 23-02-2026 10:07:58 [main] Log - Test case testLoginNegativeBoundary is failed.
[ERROR] 23-02-2026 10:07:59 [main] Log - java.lang.AssertionError: Lỗi mong muốn không tìm thấy: Password must not be empty
Thông báo thực tế: [Warning: Your account has exceeded allowed number of login attempts. Please try again in 1 hour.] expected [true] but found [false]
[INFO] 23-02-2026 10:08:01 [main] Log - Running test case testLoginNegativeBoundary
[INFO] 23-02-2026 10:08:02 [main] Log - Thông báo lỗi: [Warning: Your account has exceeded allowed number of login attempts. Please try again in 1 hour.]
[ERROR] 23-02-2026 10:08:02 [main] Log - Test case testLoginNegativeBoundary is failed.
[ERROR] 23-02-2026 10:08:02 [main] Log - java.lang.AssertionError: Lỗi mong muốn không tìm thấy: Warning: No match for E-Mail Address and/or Password.
Thông báo thực tế: [Warning: Your account has exceeded allowed number of login attempts. Please try again in 1 hour.] expected [true] but found [false]
[INFO] 23-02-2026 10:08:05 [main] Log - Running test case testLoginNegativeBoundary
[INFO] 23-02-2026 10:08:36 [main] Log - Thông báo lỗi: []
[ERROR] 23-02-2026 10:08:36 [main] Log - Test case testLoginNegativeBoundary is failed.
[ERROR] 23-02-2026 10:08:36 [main] Log - java.lang.AssertionError: Lỗi mong muốn không tìm thấy: Warning: Your account has exceeded allowed number of login attempts. Please try again in 1 hour.
Thông báo thực tế: [] expected [true] but found [false]
[INFO] 23-02-2026 10:08:39 [main] Log - Running test case testBlockLogin
[ERROR] 23-02-2026 10:08:49 [main] Log - Hết thời gian chờ phần tử có thể click: [[ChromeDriver: chrome on windows (a72d46a58b02ebb0cccdbb1adeed2a43)] -> xpath: //a[normalize-space()='Login']]
[ERROR] 23-02-2026 10:08:49 [main] Log - Test case testBlockLogin is failed.
[ERROR] 23-02-2026 10:08:50 [main] Log - java.lang.RuntimeException: Không thể tìm thấy phần tử có thể click: [[ChromeDriver: chrome on windows (a72d46a58b02ebb0cccdbb1adeed2a43)] -> xpath: //a[normalize-space()='Login']]
[INFO] 23-02-2026 10:08:52 [main] Log - End testing AutomationOpenCart
[INFO] 23-02-2026 10:13:47 [main] Log - Khởi tạo trình duyệt: chrome
[ERROR] 23-02-2026 10:13:52 [main] Log - Test case testLoginSuccess is skipped.
[ERROR] 23-02-2026 10:13:52 [main] Log - java.lang.RuntimeException: java.lang.RuntimeException: java.lang.NullPointerException: Cannot invoke "org.apache.poi.ss.usermodel.Cell.getStringCellValue()" because "testTypeCell" is null
[ERROR] 23-02-2026 10:13:55 [main] Log - Test case testLoginNegativeBoundary is skipped.
[ERROR] 23-02-2026 10:13:55 [main] Log - java.lang.RuntimeException: java.lang.RuntimeException: java.lang.NullPointerException: Cannot invoke "org.apache.poi.ss.usermodel.Cell.getStringCellValue()" because "testTypeCell" is null
[INFO] 23-02-2026 10:13:57 [main] Log - Running test case testBlockLogin
[INFO] 23-02-2026 10:13:59 [main] Log - Thông báo lỗi: [Warning: Your account has exceeded allowed number of login attempts. Please try again in 1 hour.]
[INFO] 23-02-2026 10:13:59 [main] Log - Test case testBlockLogin is passed.
[INFO] 23-02-2026 10:14:01 [main] Log - Running test case testLoginWhenLoginBlock
[INFO] 23-02-2026 10:14:33 [main] Log - Thông báo lỗi: []
[ERROR] 23-02-2026 10:14:33 [main] Log - Test case testLoginWhenLoginBlock is failed.
[ERROR] 23-02-2026 10:14:33 [main] Log - java.lang.AssertionError: Lỗi mong muốn không tìm thấy: Warning: Your account has exceeded allowed number of login attempts. Please try again in 1 hour.
Thông báo thực tế: [] expected [true] but found [false]
[INFO] 23-02-2026 10:14:36 [main] Log - End testing AutomationOpenCart
[INFO] 23-02-2026 10:15:40 [main] Log - Khởi tạo trình duyệt: chrome
[ERROR] 23-02-2026 10:15:46 [main] Log - Test case testLoginSuccess is skipped.
[ERROR] 23-02-2026 10:15:46 [main] Log - java.lang.RuntimeException: java.lang.RuntimeException: java.lang.NullPointerException: Cannot invoke "org.apache.poi.ss.usermodel.Cell.getStringCellValue()" because "testTypeCell" is null
[ERROR] 23-02-2026 10:15:48 [main] Log - Test case testLoginNegativeBoundary is skipped.
[ERROR] 23-02-2026 10:15:48 [main] Log - java.lang.RuntimeException: java.lang.RuntimeException: java.lang.NullPointerException: Cannot invoke "org.apache.poi.ss.usermodel.Cell.getStringCellValue()" because "testTypeCell" is null
[INFO] 23-02-2026 10:15:50 [main] Log - Running test case testBlockLogin
[INFO] 23-02-2026 10:15:52 [main] Log - Thông báo lỗi: [Warning: Your account has exceeded allowed number of login attempts. Please try again in 1 hour.]
[INFO] 23-02-2026 10:15:52 [main] Log - Test case testBlockLogin is passed.
[INFO] 23-02-2026 10:15:55 [main] Log - Running test case testLoginWhenLoginBlock
[INFO] 23-02-2026 10:16:27 [main] Log - Thông báo lỗi: []
[ERROR] 23-02-2026 10:16:27 [main] Log - Test case testLoginWhenLoginBlock is failed.
[ERROR] 23-02-2026 10:16:28 [main] Log - java.lang.AssertionError: Lỗi mong muốn không tìm thấy: Warning: Your account has exceeded allowed number of login attempts. Please try again in 1 hour.
Thông báo thực tế: [] expected [true] but found [false]
[INFO] 23-02-2026 10:16:31 [main] Log - End testing AutomationOpenCart
[INFO] 23-02-2026 10:22:29 [main] Log - Khởi tạo trình duyệt: chrome
[ERROR] 23-02-2026 10:22:36 [main] Log - Test case testLoginSuccess is skipped.
[ERROR] 23-02-2026 10:22:36 [main] Log - java.lang.RuntimeException: java.lang.RuntimeException: java.lang.NullPointerException: Cannot invoke "org.apache.poi.ss.usermodel.Cell.getStringCellValue()" because "testTypeCell" is null
[ERROR] 23-02-2026 10:22:38 [main] Log - Test case testLoginNegativeBoundary is skipped.
[ERROR] 23-02-2026 10:22:38 [main] Log - java.lang.RuntimeException: java.lang.RuntimeException: java.lang.NullPointerException: Cannot invoke "org.apache.poi.ss.usermodel.Cell.getStringCellValue()" because "testTypeCell" is null
[INFO] 23-02-2026 10:22:40 [main] Log - Running test case testBlockLogin
[INFO] 23-02-2026 10:22:42 [main] Log - Thông báo lỗi: [Warning: Your account has exceeded allowed number of login attempts. Please try again in 1 hour.]
[INFO] 23-02-2026 10:22:42 [main] Log - Test case testBlockLogin is passed.
[INFO] 23-02-2026 10:22:45 [main] Log - Running test case testLoginWhenLoginBlock
[INFO] 23-02-2026 10:23:15 [main] Log - Thông báo lỗi: []
[ERROR] 23-02-2026 10:23:15 [main] Log - Test case testLoginWhenLoginBlock is failed.
[ERROR] 23-02-2026 10:23:15 [main] Log - Test case testLoginWhenLoginBlock is failed.
[INFO] 23-02-2026 10:23:15 [main] Log - End testing AutomationOpenCart
[INFO] 23-02-2026 10:26:50 [main] Log - Khởi tạo trình duyệt: chrome
[ERROR] 23-02-2026 10:26:56 [main] Log - Test case testLoginSuccess is skipped.
[ERROR] 23-02-2026 10:26:56 [main] Log - java.lang.RuntimeException: java.lang.RuntimeException: java.lang.NullPointerException: Cannot invoke "org.apache.poi.ss.usermodel.Cell.getStringCellValue()" because "testTypeCell" is null
[ERROR] 23-02-2026 10:26:58 [main] Log - Test case testLoginNegativeBoundary is skipped.
[ERROR] 23-02-2026 10:26:58 [main] Log - java.lang.RuntimeException: java.lang.RuntimeException: java.lang.NullPointerException: Cannot invoke "org.apache.poi.ss.usermodel.Cell.getStringCellValue()" because "testTypeCell" is null
[INFO] 23-02-2026 10:27:00 [main] Log - Running test case testBlockLogin
[INFO] 23-02-2026 10:27:02 [main] Log - Thông báo lỗi: [Warning: Your account has exceeded allowed number of login attempts. Please try again in 1 hour.]
[INFO] 23-02-2026 10:27:02 [main] Log - Test case testBlockLogin is passed.
[INFO] 23-02-2026 10:27:05 [main] Log - Running test case testLoginWhenLoginBlock
[INFO] 23-02-2026 10:27:36 [main] Log - Thông báo lỗi: []
[ERROR] 23-02-2026 10:27:36 [main] Log - Test case testLoginWhenLoginBlock is failed.
[ERROR] 23-02-2026 10:27:37 [main] Log - java.lang.AssertionError: Lỗi mong muốn không tìm thấy: Warning: Your account has exceeded allowed number of login attempts. Please try again in 1 hour.
Thông báo thực tế: [] expected [true] but found [false]
[ERROR] 23-02-2026 10:27:39 [main] Log - Test case testLoginWithPassSQLInjection is failed.
[ERROR] 23-02-2026 10:27:39 [main] Log - org.testng.TestNGException: 
Cannot inject @Test annotated Method [testLoginWithPassSQLInjection] with [class java.lang.String, class java.lang.String, class java.lang.String, class java.lang.String].
For more information on native dependency injection please refer to https://testng.org/doc/documentation-main.html#native-dependency-injection
[INFO] 23-02-2026 10:27:42 [main] Log - End testing AutomationOpenCart
[INFO] 23-02-2026 10:30:33 [main] Log - Khởi tạo trình duyệt: chrome
[ERROR] 23-02-2026 10:30:39 [main] Log - Test case testLoginSuccess is skipped.
[ERROR] 23-02-2026 10:30:39 [main] Log - java.lang.RuntimeException: java.lang.RuntimeException: java.lang.NullPointerException: Cannot invoke "org.apache.poi.ss.usermodel.Cell.getStringCellValue()" because "testTypeCell" is null
[ERROR] 23-02-2026 10:30:41 [main] Log - Test case testLoginNegativeBoundary is skipped.
[ERROR] 23-02-2026 10:30:41 [main] Log - java.lang.RuntimeException: java.lang.RuntimeException: java.lang.NullPointerException: Cannot invoke "org.apache.poi.ss.usermodel.Cell.getStringCellValue()" because "testTypeCell" is null
[INFO] 23-02-2026 10:30:43 [main] Log - Running test case testBlockLogin
[INFO] 23-02-2026 10:30:45 [main] Log - Thông báo lỗi: [Warning: Your account has exceeded allowed number of login attempts. Please try again in 1 hour.]
[INFO] 23-02-2026 10:30:45 [main] Log - Test case testBlockLogin is passed.
[INFO] 23-02-2026 10:30:47 [main] Log - Running test case testLoginWhenLoginBlock
[INFO] 23-02-2026 10:31:19 [main] Log - Thông báo lỗi: []
[ERROR] 23-02-2026 10:31:19 [main] Log - Test case testLoginWhenLoginBlock is failed.
[ERROR] 23-02-2026 10:31:19 [main] Log - java.lang.AssertionError: Lỗi mong muốn không tìm thấy: Warning: Your account has exceeded allowed number of login attempts. Please try again in 1 hour.
Thông báo thực tế: [] expected [true] but found [false]
[ERROR] 23-02-2026 10:31:22 [main] Log - Test case testLoginWithPassSQLInjection is skipped.
[ERROR] 23-02-2026 10:31:22 [main] Log - java.lang.RuntimeException: java.lang.RuntimeException: java.lang.NullPointerException: Cannot invoke "org.apache.poi.ss.usermodel.Cell.getStringCellValue()" because "testTypeCell" is null
[INFO] 23-02-2026 10:31:24 [main] Log - End testing AutomationOpenCart
[INFO] 23-02-2026 10:34:54 [main] Log - Khởi tạo trình duyệt: chrome
[ERROR] 23-02-2026 10:35:00 [main] Log - Test case testLoginSuccess is skipped.
[ERROR] 23-02-2026 10:35:00 [main] Log - java.lang.RuntimeException: java.lang.RuntimeException: java.lang.NullPointerException: Cannot invoke "org.apache.poi.ss.usermodel.Cell.getStringCellValue()" because "testTypeCell" is null
[ERROR] 23-02-2026 10:35:02 [main] Log - Test case testLoginNegativeBoundary is skipped.
[ERROR] 23-02-2026 10:35:02 [main] Log - java.lang.RuntimeException: java.lang.RuntimeException: java.lang.NullPointerException: Cannot invoke "org.apache.poi.ss.usermodel.Cell.getStringCellValue()" because "testTypeCell" is null
[INFO] 23-02-2026 10:35:04 [main] Log - Running test case testBlockLogin
[INFO] 23-02-2026 10:35:06 [main] Log - Thông báo lỗi: [Warning: Your account has exceeded allowed number of login attempts. Please try again in 1 hour.]
[INFO] 23-02-2026 10:35:06 [main] Log - Test case testBlockLogin is passed.
[INFO] 23-02-2026 10:35:09 [main] Log - Running test case testLoginWhenLoginBlock
[INFO] 23-02-2026 10:35:10 [main] Log - Đang xác thực giá trị đúng...

[ERROR] 23-02-2026 10:35:10 [main] Log - Test case testLoginWhenLoginBlock is failed.
[ERROR] 23-02-2026 10:35:11 [main] Log - java.lang.RuntimeException: Kiểm tra thất bại: Lỗi: Login bị khóa vẫn đăng nhập được
[ERROR] 23-02-2026 10:35:13 [main] Log - Test case testLoginWithPassSQLInjection is skipped.
[ERROR] 23-02-2026 10:35:13 [main] Log - java.lang.RuntimeException: java.lang.RuntimeException: java.lang.NullPointerException: Cannot invoke "org.apache.poi.ss.usermodel.Cell.getStringCellValue()" because "testTypeCell" is null
[INFO] 23-02-2026 10:35:16 [main] Log - End testing AutomationOpenCart
[INFO] 23-02-2026 10:37:48 [main] Log - Khởi tạo trình duyệt: chrome
[ERROR] 23-02-2026 10:37:53 [main] Log - Test case testLoginSuccess is skipped.
[ERROR] 23-02-2026 10:37:53 [main] Log - java.lang.RuntimeException: java.lang.RuntimeException: java.lang.NullPointerException: Cannot invoke "org.apache.poi.ss.usermodel.Cell.getStringCellValue()" because "testTypeCell" is null
[INFO] 23-02-2026 10:37:56 [main] Log - End testing AutomationOpenCart
[INFO] 23-02-2026 10:45:04 [main] Log - Khởi tạo trình duyệt: chrome
[ERROR] 23-02-2026 10:45:10 [main] Log - Test case testLoginSuccess is skipped.
[ERROR] 23-02-2026 10:45:10 [main] Log - java.lang.RuntimeException: java.lang.RuntimeException: java.lang.NullPointerException: Cannot invoke "org.apache.poi.ss.usermodel.Cell.getStringCellValue()" because "testTypeCell" is null
[INFO] 23-02-2026 10:45:12 [main] Log - End testing AutomationOpenCart
[INFO] 23-02-2026 10:48:11 [main] Log - Khởi tạo trình duyệt: chrome
[INFO] 23-02-2026 10:48:17 [main] Log - Running test case searchValidKeyword
[INFO] 23-02-2026 10:48:18 [main] Log - Đang xác thực giá trị đúng...

[INFO] 23-02-2026 10:48:18 [main] Log - Giá trị đúng
[INFO] 23-02-2026 10:48:18 [main] Log - Test case searchValidKeyword is passed.
[INFO] 23-02-2026 10:48:21 [main] Log - Running test case searchValidKeyword
[INFO] 23-02-2026 10:48:22 [main] Log - Đang xác thực giá trị đúng...

[INFO] 23-02-2026 10:48:22 [main] Log - Giá trị đúng
[INFO] 23-02-2026 10:48:22 [main] Log - Test case searchValidKeyword is passed.
[INFO] 23-02-2026 10:48:24 [main] Log - Running test case filterFromCategory
[INFO] 23-02-2026 10:48:25 [main] Log - Đang xác thực giá trị đúng...

[ERROR] 23-02-2026 10:48:25 [main] Log - Test case filterFromCategory is failed.
[ERROR] 23-02-2026 10:48:25 [main] Log - java.lang.RuntimeException: Kiểm tra thất bại: Lỗi: Lọc theo danh mục không hiện sản phẩm
[INFO] 23-02-2026 10:48:28 [main] Log - Running test case searchInvalidKeyword
[INFO] 23-02-2026 10:48:28 [main] Log - Đang xác thực giá trị đúng...

[INFO] 23-02-2026 10:48:28 [main] Log - Giá trị đúng
[INFO] 23-02-2026 10:48:28 [main] Log - Test case searchInvalidKeyword is passed.
[INFO] 23-02-2026 10:48:30 [main] Log - Running test case searchInvalidKeyword
[INFO] 23-02-2026 10:48:31 [main] Log - Đang xác thực giá trị đúng...

[INFO] 23-02-2026 10:48:31 [main] Log - Giá trị đúng
[INFO] 23-02-2026 10:48:31 [main] Log - Test case searchInvalidKeyword is passed.
[INFO] 23-02-2026 10:48:33 [main] Log - Running test case filterProduct
[INFO] 23-02-2026 10:48:35 [main] Log - Đang xác thực giá trị đúng...

[INFO] 23-02-2026 10:48:35 [main] Log - Giá trị đúng
[INFO] 23-02-2026 10:48:35 [main] Log - Đang xác thực giá trị đúng...

[INFO] 23-02-2026 10:48:35 [main] Log - Giá trị đúng
[INFO] 23-02-2026 10:48:36 [main] Log - Đang xác thực giá trị đúng...

[INFO] 23-02-2026 10:48:36 [main] Log - Giá trị đúng
[INFO] 23-02-2026 10:48:36 [main] Log - Đang xác thực giá trị đúng...

[INFO] 23-02-2026 10:48:36 [main] Log - Giá trị đúng
[INFO] 23-02-2026 10:48:36 [main] Log - Test case filterProduct is passed.
[INFO] 23-02-2026 10:48:39 [main] Log - End testing AutomationOpenCart
[INFO] 23-02-2026 10:51:30 [main] Log - Khởi tạo trình duyệt: chrome
[ERROR] 23-02-2026 10:51:35 [main] Log - Test case testLoginSuccess is skipped.
[ERROR] 23-02-2026 10:51:35 [main] Log - java.lang.RuntimeException: java.lang.RuntimeException: java.lang.NullPointerException: Cannot invoke "org.apache.poi.ss.usermodel.Cell.getStringCellValue()" because "testTypeCell" is null
[INFO] 23-02-2026 10:51:38 [main] Log - End testing AutomationOpenCart
[INFO] 23-02-2026 10:53:01 [main] Log - Khởi tạo trình duyệt: chrome
[ERROR] 23-02-2026 10:53:05 [main] Log - Test case testLoginSuccess is skipped.
[ERROR] 23-02-2026 10:53:05 [main] Log - java.lang.RuntimeException: java.lang.RuntimeException: java.lang.NullPointerException: Cannot invoke "org.apache.poi.ss.usermodel.Cell.getStringCellValue()" because "testTypeCell" is null
[INFO] 23-02-2026 10:53:08 [main] Log - End testing AutomationOpenCart
[INFO] 23-02-2026 10:56:18 [main] Log - Khởi tạo trình duyệt: chrome
[ERROR] 23-02-2026 10:56:22 [main] Log - Test case testLoginSuccess is skipped.
[ERROR] 23-02-2026 10:56:22 [main] Log - java.lang.RuntimeException: java.lang.RuntimeException: java.lang.NullPointerException: Cannot invoke "org.apache.poi.ss.usermodel.Cell.getStringCellValue()" because "testTypeCell" is null
[INFO] 23-02-2026 10:56:24 [main] Log - End testing AutomationOpenCart
[INFO] 23-02-2026 10:59:43 [main] Log - Khởi tạo trình duyệt: chrome
[ERROR] 23-02-2026 10:59:48 [main] Log - Test case testLoginSuccess is skipped.
[ERROR] 23-02-2026 10:59:48 [main] Log - java.lang.RuntimeException: java.lang.RuntimeException: java.lang.NullPointerException: Cannot invoke "org.apache.poi.ss.usermodel.Cell.getStringCellValue()" because "testTypeCell" is null
[INFO] 23-02-2026 10:59:50 [main] Log - End testing AutomationOpenCart
[INFO] 23-02-2026 11:01:33 [main] Log - Khởi tạo trình duyệt: chrome
[ERROR] 23-02-2026 11:01:38 [main] Log - Test case testLoginSuccess is skipped.
[ERROR] 23-02-2026 11:01:38 [main] Log - java.lang.RuntimeException: java.lang.RuntimeException: java.lang.NullPointerException: Cannot invoke "org.apache.poi.ss.usermodel.Cell.getStringCellValue()" because "testTypeCell" is null
[INFO] 23-02-2026 11:01:41 [main] Log - End testing AutomationOpenCart
[INFO] 23-02-2026 11:10:31 [main] Log - Khởi tạo trình duyệt: chrome
[ERROR] 23-02-2026 11:10:37 [main] Log - Test case testLoginSuccess is skipped.
[ERROR] 23-02-2026 11:10:37 [main] Log - java.lang.RuntimeException: java.lang.RuntimeException: java.lang.NullPointerException: Cannot invoke "org.apache.poi.ss.usermodel.Cell.getStringCellValue()" because "testTypeCell" is null
[INFO] 23-02-2026 11:10:40 [main] Log - End testing AutomationOpenCart
[INFO] 23-02-2026 11:12:03 [main] Log - Khởi tạo trình duyệt: chrome
[INFO] 23-02-2026 11:12:08 [main] Log - Running test case testLoginSuccess
[INFO] 23-02-2026 11:12:10 [main] Log - Đang xác thực giá trị đúng...

[ERROR] 23-02-2026 11:12:10 [main] Log - Test case testLoginSuccess is failed.
[ERROR] 23-02-2026 11:12:11 [main] Log - java.lang.RuntimeException: Kiểm tra thất bại: Đăng nhập tài khoản thất bại!
[INFO] 23-02-2026 11:12:15 [main] Log - End testing AutomationOpenCart
[INFO] 23-02-2026 11:14:09 [main] Log - Khởi tạo trình duyệt: chrome
[INFO] 23-02-2026 11:14:14 [main] Log - Running test case testLoginSuccess
[INFO] 23-02-2026 11:14:15 [main] Log - Đang xác thực giá trị đúng...

[ERROR] 23-02-2026 11:14:15 [main] Log - Test case testLoginSuccess is failed.
[ERROR] 23-02-2026 11:14:16 [main] Log - java.lang.RuntimeException: Kiểm tra thất bại: Đăng nhập tài khoản thất bại!
[INFO] 23-02-2026 11:14:19 [main] Log - Running test case testLoginNegativeBoundary
[ERROR] 23-02-2026 11:15:27 [main] Log - Hết thời gian chờ phần tử có thể click: [[ChromeDriver: chrome on windows (8f7401626533ccf85f4f1ee8b89b7eb2)] -> xpath: //a[normalize-space()='Login']]
[ERROR] 23-02-2026 11:15:27 [main] Log - Test case testLoginNegativeBoundary is failed.
[ERROR] 23-02-2026 11:15:27 [main] Log - java.lang.RuntimeException: Không thể tìm thấy phần tử có thể click: [[ChromeDriver: chrome on windows (8f7401626533ccf85f4f1ee8b89b7eb2)] -> xpath: //a[normalize-space()='Login']]
[INFO] 23-02-2026 11:15:30 [main] Log - Running test case testLoginNegativeBoundary
[INFO] 23-02-2026 11:15:31 [main] Log - Thông báo lỗi: [Warning: No match for E-Mail Address and/or Password.]
[INFO] 23-02-2026 11:15:31 [main] Log - Test case testLoginNegativeBoundary is passed.
[INFO] 23-02-2026 11:15:33 [main] Log - Running test case testLoginNegativeBoundary
[INFO] 23-02-2026 11:15:35 [main] Log - Thông báo lỗi: [Warning: No match for E-Mail Address and/or Password.]
[ERROR] 23-02-2026 11:15:35 [main] Log - Test case testLoginNegativeBoundary is failed.
[ERROR] 23-02-2026 11:15:35 [main] Log - java.lang.AssertionError: Lỗi mong muốn không tìm thấy: Password must not be empty
Thông báo thực tế: [Warning: No match for E-Mail Address and/or Password.] expected [true] but found [false]
[INFO] 23-02-2026 11:15:37 [main] Log - Running test case testBlockLogin
[INFO] 23-02-2026 11:15:39 [main] Log - Thông báo lỗi: [Warning: Your account has exceeded allowed number of login attempts. Please try again in 1 hour.]
[INFO] 23-02-2026 11:15:39 [main] Log - Test case testBlockLogin is passed.
[INFO] 23-02-2026 11:15:41 [main] Log - Running test case testLoginWhenLoginBlock
[INFO] 23-02-2026 11:16:05 [main] Log - Thông báo lỗi: []
[ERROR] 23-02-2026 11:16:05 [main] Log - Test case testLoginWhenLoginBlock is failed.
[ERROR] 23-02-2026 11:16:05 [main] Log - Test case testLoginWhenLoginBlock is failed.
[INFO] 23-02-2026 11:16:05 [main] Log - End testing AutomationOpenCart
[INFO] 23-02-2026 11:19:10 [main] Log - Khởi tạo trình duyệt: chrome
[INFO] 23-02-2026 11:19:15 [main] Log - Running test case testLoginSuccess
[INFO] 23-02-2026 11:19:17 [main] Log - Đang xác thực giá trị đúng...

[INFO] 23-02-2026 11:19:17 [main] Log - Giá trị đúng
[INFO] 23-02-2026 11:19:17 [main] Log - Cuộn tới phần tử: [[ChromeDriver: chrome on windows (b9accf68b47aa6a9bb8f866d64435e63)] -> xpath: //a[@class='list-group-item'][normalize-space()='Logout']]
[INFO] 23-02-2026 11:19:17 [main] Log - Test case testLoginSuccess is passed.
[INFO] 23-02-2026 11:19:20 [main] Log - Running test case testLoginNegativeBoundary
[INFO] 23-02-2026 11:19:22 [main] Log - Thông báo lỗi: [Warning: Your account has exceeded allowed number of login attempts. Please try again in 1 hour.]
[ERROR] 23-02-2026 11:19:22 [main] Log - Test case testLoginNegativeBoundary is failed.
[ERROR] 23-02-2026 11:19:22 [main] Log - java.lang.AssertionError: Lỗi mong muốn không tìm thấy: Warning: No match for E-Mail Address and/or Password.
Thông báo thực tế: [Warning: Your account has exceeded allowed number of login attempts. Please try again in 1 hour.] expected [true] but found [false]
[INFO] 23-02-2026 11:19:24 [main] Log - Running test case testLoginNegativeBoundary
[INFO] 23-02-2026 11:19:25 [main] Log - Thông báo lỗi: [Warning: Your account has exceeded allowed number of login attempts. Please try again in 1 hour.]
[ERROR] 23-02-2026 11:19:25 [main] Log - Test case testLoginNegativeBoundary is failed.
[ERROR] 23-02-2026 11:19:26 [main] Log - java.lang.AssertionError: Lỗi mong muốn không tìm thấy: Warning: No match for E-Mail Address and/or Password.
Thông báo thực tế: [Warning: Your account has exceeded allowed number of login attempts. Please try again in 1 hour.] expected [true] but found [false]
[INFO] 23-02-2026 11:19:28 [main] Log - Running test case testLoginNegativeBoundary
[INFO] 23-02-2026 11:19:29 [main] Log - Thông báo lỗi: [Warning: No match for E-Mail Address and/or Password.]
[ERROR] 23-02-2026 11:19:29 [main] Log - Test case testLoginNegativeBoundary is failed.
[ERROR] 23-02-2026 11:19:29 [main] Log - java.lang.AssertionError: Lỗi mong muốn không tìm thấy: Password must not be empty
Thông báo thực tế: [Warning: No match for E-Mail Address and/or Password.] expected [true] but found [false]
[INFO] 23-02-2026 11:19:32 [main] Log - Running test case testBlockLogin
[INFO] 23-02-2026 11:19:33 [main] Log - Thông báo lỗi: [Warning: Your account has exceeded allowed number of login attempts. Please try again in 1 hour.]
[INFO] 23-02-2026 11:19:33 [main] Log - Test case testBlockLogin is passed.
[INFO] 23-02-2026 11:19:36 [main] Log - Running test case testLoginWhenLoginBlock
[INFO] 23-02-2026 11:19:37 [main] Log - Cuộn tới phần tử: [[ChromeDriver: chrome on windows (b9accf68b47aa6a9bb8f866d64435e63)] -> xpath: //a[@class='list-group-item'][normalize-space()='Logout']]
[INFO] 23-02-2026 11:19:38 [main] Log - Đang xác thực giá trị đúng...

[ERROR] 23-02-2026 11:19:38 [main] Log - Test case testLoginWhenLoginBlock is failed.
[ERROR] 23-02-2026 11:19:38 [main] Log - java.lang.RuntimeException: Kiểm tra thất bại: Lỗi: Login bị khóa vẫn đăng nhập được
[INFO] 23-02-2026 11:19:40 [main] Log - Running test case testLoginWithPassSQLInjection
[INFO] 23-02-2026 11:19:42 [main] Log - Thông báo lỗi: [Warning: No match for E-Mail Address and/or Password.]
[INFO] 23-02-2026 11:19:42 [main] Log - Test case testLoginWithPassSQLInjection is passed.
[INFO] 23-02-2026 11:19:44 [main] Log - End testing AutomationOpenCart
[INFO] 23-02-2026 11:22:17 [main] Log - Khởi tạo trình duyệt: chrome
[INFO] 23-02-2026 11:22:20 [main] Log - Running test case guestCheckoutSuccess
[INFO] 23-02-2026 11:22:23 [main] Log - Cuộn tới phần tử: [[ChromeDriver: chrome on windows (ea44cf74e6e740445f82174732f97556)] -> xpath: //nav[@id='top']//li[4]//a[@title='Shopping Cart']]
[INFO] 23-02-2026 11:22:25 [main] Log - Cuộn tới phần tử: [[ChromeDriver: chrome on windows (ea44cf74e6e740445f82174732f97556)] -> id: input-payment-firstname]
[INFO] 23-02-2026 11:22:30 [main] Log - Đang xác thực giá trị đúng...

[INFO] 23-02-2026 11:22:30 [main] Log - Giá trị đúng
[INFO] 23-02-2026 11:22:33 [main] Log - Đang xác thực giá trị đúng...

[INFO] 23-02-2026 11:22:33 [main] Log - Giá trị đúng
[INFO] 23-02-2026 11:22:33 [main] Log - Test case guestCheckoutSuccess is passed.
[INFO] 23-02-2026 11:22:36 [main] Log - Running test case checkoutWithAccountSuccess
[INFO] 23-02-2026 11:22:37 [main] Log - Cuộn tới phần tử: [[ChromeDriver: chrome on windows (ea44cf74e6e740445f82174732f97556)] -> xpath: //nav[@id='top']//li[4]//a[@title='Shopping Cart']]
[ERROR] 23-02-2026 11:22:39 [main] Log - Test case checkoutWithAccountSuccess is failed.
[ERROR] 23-02-2026 11:22:39 [main] Log - org.openqa.selenium.ElementClickInterceptedException: element click intercepted: Element <a href="http://localhost/opencart/index.php?route=checkout/cart" title="Shopping Cart">...</a> is not clickable at point (1189, 7). Other element would receive the click: <div id="top-links" class="nav pull-right">...</div>
  (Session info: chrome=145.0.7632.76)
Build info: version: '4.29.0', revision: '5fc1ec94cb'
System info: os.name: 'Windows 11', os.arch: 'amd64', os.version: '10.0', java.version: '17.0.12'
Driver info: org.openqa.selenium.chrome.ChromeDriver
Command: [ea44cf74e6e740445f82174732f97556, clickElement {id=f.ABB314F82BD920710335C0EE0FD65CFD.d.EC8634711E686D7BBD37C85AA89048A9.e.290}]
Capabilities {acceptInsecureCerts: false, browserName: chrome, browserVersion: 145.0.7632.76, chrome: {chromedriverVersion: 145.0.7632.77 (da516187054a..., userDataDir: C:\Users\velvet\AppData\Loc...}, fedcm:accounts: true, goog:chromeOptions: {debuggerAddress: localhost:62736}, goog:processID: 14940, networkConnectionEnabled: false, pageLoadStrategy: normal, platformName: windows, proxy: Proxy(), se:cdp: ws://localhost:62736/devtoo..., se:cdpVersion: 145.0.7632.76, setWindowRect: true, strictFileInteractability: false, timeouts: {implicit: 0, pageLoad: 300000, script: 30000}, unhandledPromptBehavior: dismiss and notify, webauthn:extension:credBlob: true, webauthn:extension:largeBlob: true, webauthn:extension:minPinLength: true, webauthn:extension:prf: true, webauthn:virtualAuthenticators: true}
Element: [[ChromeDriver: chrome on windows (ea44cf74e6e740445f82174732f97556)] -> xpath: //nav[@id='top']//li[4]//a[@title='Shopping Cart']]
Session ID: ea44cf74e6e740445f82174732f97556
[INFO] 23-02-2026 11:22:42 [main] Log - Running test case checkoutFailWithoutAgree
[ERROR] 23-02-2026 11:22:52 [main] Log - Test case checkoutFailWithoutAgree is failed.
[ERROR] 23-02-2026 11:22:52 [main] Log - org.openqa.selenium.ElementNotInteractableException: element not interactable
  (Session info: chrome=145.0.7632.76)
Build info: version: '4.29.0', revision: '5fc1ec94cb'
System info: os.name: 'Windows 11', os.arch: 'amd64', os.version: '10.0', java.version: '17.0.12'
Driver info: org.openqa.selenium.chrome.ChromeDriver
Command: [ea44cf74e6e740445f82174732f97556, clickElement {id=f.ABB314F82BD920710335C0EE0FD65CFD.d.D855F9726FA9FF71E5A7E2789DCDA515.e.304}]
Capabilities {acceptInsecureCerts: false, browserName: chrome, browserVersion: 145.0.7632.76, chrome: {chromedriverVersion: 145.0.7632.77 (da516187054a..., userDataDir: C:\Users\velvet\AppData\Loc...}, fedcm:accounts: true, goog:chromeOptions: {debuggerAddress: localhost:62736}, goog:processID: 14940, networkConnectionEnabled: false, pageLoadStrategy: normal, platformName: windows, proxy: Proxy(), se:cdp: ws://localhost:62736/devtoo..., se:cdpVersion: 145.0.7632.76, setWindowRect: true, strictFileInteractability: false, timeouts: {implicit: 0, pageLoad: 300000, script: 30000}, unhandledPromptBehavior: dismiss and notify, webauthn:extension:credBlob: true, webauthn:extension:largeBlob: true, webauthn:extension:minPinLength: true, webauthn:extension:prf: true, webauthn:virtualAuthenticators: true}
Element: [[ChromeDriver: chrome on windows (ea44cf74e6e740445f82174732f97556)] -> xpath: //a[normalize-space()='MacBook']]
Session ID: ea44cf74e6e740445f82174732f97556
[INFO] 23-02-2026 11:22:55 [main] Log - Running test case checkoutFailInvailEmailAndPhone
[ERROR] 23-02-2026 11:23:05 [main] Log - Test case checkoutFailInvailEmailAndPhone is failed.
[ERROR] 23-02-2026 11:23:05 [main] Log - org.openqa.selenium.ElementNotInteractableException: element not interactable
  (Session info: chrome=145.0.7632.76)
Build info: version: '4.29.0', revision: '5fc1ec94cb'
System info: os.name: 'Windows 11', os.arch: 'amd64', os.version: '10.0', java.version: '17.0.12'
Driver info: org.openqa.selenium.chrome.ChromeDriver
Command: [ea44cf74e6e740445f82174732f97556, clickElement {id=f.ABB314F82BD920710335C0EE0FD65CFD.d.CBB54E4B224205779079D525EE6F1695.e.319}]
Capabilities {acceptInsecureCerts: false, browserName: chrome, browserVersion: 145.0.7632.76, chrome: {chromedriverVersion: 145.0.7632.77 (da516187054a..., userDataDir: C:\Users\velvet\AppData\Loc...}, fedcm:accounts: true, goog:chromeOptions: {debuggerAddress: localhost:62736}, goog:processID: 14940, networkConnectionEnabled: false, pageLoadStrategy: normal, platformName: windows, proxy: Proxy(), se:cdp: ws://localhost:62736/devtoo..., se:cdpVersion: 145.0.7632.76, setWindowRect: true, strictFileInteractability: false, timeouts: {implicit: 0, pageLoad: 300000, script: 30000}, unhandledPromptBehavior: dismiss and notify, webauthn:extension:credBlob: true, webauthn:extension:largeBlob: true, webauthn:extension:minPinLength: true, webauthn:extension:prf: true, webauthn:virtualAuthenticators: true}
Element: [[ChromeDriver: chrome on windows (ea44cf74e6e740445f82174732f97556)] -> xpath: //a[normalize-space()='MacBook']]
Session ID: ea44cf74e6e740445f82174732f97556
[INFO] 23-02-2026 11:23:08 [main] Log - End testing AutomationOpenCart
[INFO] 23-02-2026 11:26:33 [main] Log - Khởi tạo trình duyệt: chrome
[INFO] 23-02-2026 11:26:36 [main] Log - Running test case guestCheckoutSuccess
[INFO] 23-02-2026 11:26:37 [main] Log - Cuộn tới phần tử: [[ChromeDriver: chrome on windows (e2e731fdf2b14f7a2a4249cdcc7e2be6)] -> xpath: //a[normalize-space()='MacBook']]
[INFO] 23-02-2026 11:26:38 [main] Log - Cuộn tới phần tử: [[ChromeDriver: chrome on windows (e2e731fdf2b14f7a2a4249cdcc7e2be6)] -> xpath: //nav[@id='top']//li[4]//a[@title='Shopping Cart']]
[INFO] 23-02-2026 11:26:40 [main] Log - Cuộn tới phần tử: [[ChromeDriver: chrome on windows (e2e731fdf2b14f7a2a4249cdcc7e2be6)] -> id: input-payment-firstname]
[INFO] 23-02-2026 11:26:45 [main] Log - Đang xác thực giá trị đúng...

[INFO] 23-02-2026 11:26:45 [main] Log - Giá trị đúng
[INFO] 23-02-2026 11:26:46 [main] Log - Đang xác thực giá trị đúng...

[INFO] 23-02-2026 11:26:46 [main] Log - Giá trị đúng
[INFO] 23-02-2026 11:26:46 [main] Log - Test case guestCheckoutSuccess is passed.
[INFO] 23-02-2026 11:26:49 [main] Log - Running test case checkoutWithAccountSuccess
[INFO] 23-02-2026 11:26:50 [main] Log - Cuộn tới phần tử: [[ChromeDriver: chrome on windows (e2e731fdf2b14f7a2a4249cdcc7e2be6)] -> xpath: //a[normalize-space()='MacBook']]
[INFO] 23-02-2026 11:26:51 [main] Log - Cuộn tới phần tử: [[ChromeDriver: chrome on windows (e2e731fdf2b14f7a2a4249cdcc7e2be6)] -> xpath: //nav[@id='top']//li[4]//a[@title='Shopping Cart']]
[ERROR] 23-02-2026 11:27:04 [main] Log - Test case checkoutWithAccountSuccess is failed.
[ERROR] 23-02-2026 11:27:04 [main] Log - Test case checkoutWithAccountSuccess is failed.
[INFO] 23-02-2026 11:27:04 [main] Log - End testing AutomationOpenCart
[INFO] 23-02-2026 11:28:09 [main] Log - Khởi tạo trình duyệt: chrome
[INFO] 23-02-2026 11:28:12 [main] Log - Running test case guestCheckoutSuccess
[INFO] 23-02-2026 11:28:13 [main] Log - Cuộn tới phần tử: [[ChromeDriver: chrome on windows (ecc3728a0419d9f56f8453324258a8c2)] -> xpath: //a[normalize-space()='MacBook']]
[INFO] 23-02-2026 11:28:14 [main] Log - Cuộn tới phần tử: [[ChromeDriver: chrome on windows (ecc3728a0419d9f56f8453324258a8c2)] -> xpath: //nav[@id='top']//li[4]//a[@title='Shopping Cart']]
[INFO] 23-02-2026 11:28:16 [main] Log - Cuộn tới phần tử: [[ChromeDriver: chrome on windows (ecc3728a0419d9f56f8453324258a8c2)] -> id: input-payment-firstname]
[INFO] 23-02-2026 11:28:21 [main] Log - Đang xác thực giá trị đúng...

[INFO] 23-02-2026 11:28:21 [main] Log - Giá trị đúng
[INFO] 23-02-2026 11:28:22 [main] Log - Đang xác thực giá trị đúng...

[INFO] 23-02-2026 11:28:22 [main] Log - Giá trị đúng
[INFO] 23-02-2026 11:28:22 [main] Log - Test case guestCheckoutSuccess is passed.
[INFO] 23-02-2026 11:28:25 [main] Log - Running test case checkoutWithAccountSuccess
[INFO] 23-02-2026 11:28:26 [main] Log - Cuộn tới phần tử: [[ChromeDriver: chrome on windows (ecc3728a0419d9f56f8453324258a8c2)] -> xpath: //a[normalize-space()='MacBook']]
[INFO] 23-02-2026 11:28:27 [main] Log - Cuộn tới phần tử: [[ChromeDriver: chrome on windows (ecc3728a0419d9f56f8453324258a8c2)] -> xpath: //nav[@id='top']//li[4]//a[@title='Shopping Cart']]
[ERROR] 23-02-2026 11:28:34 [main] Log - Test case checkoutWithAccountSuccess is failed.
[ERROR] 23-02-2026 11:28:34 [main] Log - java.lang.NumberFormatException: For input string: "1,750.00"
[INFO] 23-02-2026 11:28:37 [main] Log - Running test case checkoutFailWithoutAgree
[INFO] 23-02-2026 11:28:37 [main] Log - Cuộn tới phần tử: [[ChromeDriver: chrome on windows (ecc3728a0419d9f56f8453324258a8c2)] -> xpath: //a[normalize-space()='MacBook']]
[ERROR] 23-02-2026 11:28:48 [main] Log - Hết thời gian chờ phần tử hiển thị: [[ChromeDriver: chrome on windows (ecc3728a0419d9f56f8453324258a8c2)] -> xpath: //a[normalize-space()='MacBook']]
[ERROR] 23-02-2026 11:28:48 [main] Log - Test case checkoutFailWithoutAgree is failed.
[ERROR] 23-02-2026 11:28:48 [main] Log - java.lang.RuntimeException: Không thể tìm thấy phần tử hiển thị: [[ChromeDriver: chrome on windows (ecc3728a0419d9f56f8453324258a8c2)] -> xpath: //a[normalize-space()='MacBook']]
[INFO] 23-02-2026 11:28:50 [main] Log - Running test case checkoutFailInvailEmailAndPhone
[INFO] 23-02-2026 11:28:51 [main] Log - Cuộn tới phần tử: [[ChromeDriver: chrome on windows (ecc3728a0419d9f56f8453324258a8c2)] -> xpath: //a[normalize-space()='MacBook']]
[ERROR] 23-02-2026 11:29:01 [main] Log - Hết thời gian chờ phần tử hiển thị: [[ChromeDriver: chrome on windows (ecc3728a0419d9f56f8453324258a8c2)] -> xpath: //a[normalize-space()='MacBook']]
[ERROR] 23-02-2026 11:29:01 [main] Log - Test case checkoutFailInvailEmailAndPhone is failed.
[ERROR] 23-02-2026 11:29:02 [main] Log - java.lang.RuntimeException: Không thể tìm thấy phần tử hiển thị: [[ChromeDriver: chrome on windows (ecc3728a0419d9f56f8453324258a8c2)] -> xpath: //a[normalize-space()='MacBook']]
[INFO] 23-02-2026 11:29:04 [main] Log - End testing AutomationOpenCart
[INFO] 23-02-2026 11:31:01 [main] Log - Khởi tạo trình duyệt: chrome
[INFO] 23-02-2026 11:31:04 [main] Log - Running test case guestCheckoutSuccess
[INFO] 23-02-2026 11:31:05 [main] Log - Cuộn tới phần tử: [[ChromeDriver: chrome on windows (da74f53349f2aead8a4539e7c7d51d8e)] -> xpath: //a[normalize-space()='MacBook']]
[INFO] 23-02-2026 11:31:05 [main] Log - Cuộn tới phần tử: [[ChromeDriver: chrome on windows (da74f53349f2aead8a4539e7c7d51d8e)] -> xpath: //nav[@id='top']//li[4]//a[@title='Shopping Cart']]
[ERROR] 23-02-2026 11:31:07 [main] Log - Test case guestCheckoutSuccess is failed.
[ERROR] 23-02-2026 11:31:07 [main] Log - org.openqa.selenium.ElementClickInterceptedException: element click intercepted: Element <a href="http://localhost/opencart/index.php?route=checkout/cart" title="Shopping Cart">...</a> is not clickable at point (1189, 7). Other element would receive the click: <div id="top-links" class="nav pull-right">...</div>
  (Session info: chrome=145.0.7632.76)
Build info: version: '4.29.0', revision: '5fc1ec94cb'
System info: os.name: 'Windows 11', os.arch: 'amd64', os.version: '10.0', java.version: '17.0.12'
Driver info: org.openqa.selenium.chrome.ChromeDriver
Command: [da74f53349f2aead8a4539e7c7d51d8e, clickElement {id=f.A49E99FA364769B4F3C807115AF3E779.d.884E8E2DAC5069DC8EDE67927752F44C.e.114}]
Capabilities {acceptInsecureCerts: false, browserName: chrome, browserVersion: 145.0.7632.76, chrome: {chromedriverVersion: 145.0.7632.77 (da516187054a..., userDataDir: C:\Users\velvet\AppData\Loc...}, fedcm:accounts: true, goog:chromeOptions: {debuggerAddress: localhost:61024}, goog:processID: 17368, networkConnectionEnabled: false, pageLoadStrategy: normal, platformName: windows, proxy: Proxy(), se:cdp: ws://localhost:61024/devtoo..., se:cdpVersion: 145.0.7632.76, setWindowRect: true, strictFileInteractability: false, timeouts: {implicit: 0, pageLoad: 300000, script: 30000}, unhandledPromptBehavior: dismiss and notify, webauthn:extension:credBlob: true, webauthn:extension:largeBlob: true, webauthn:extension:minPinLength: true, webauthn:extension:prf: true, webauthn:virtualAuthenticators: true}
Element: [[ChromeDriver: chrome on windows (da74f53349f2aead8a4539e7c7d51d8e)] -> xpath: //nav[@id='top']//li[4]//a[@title='Shopping Cart']]
Session ID: da74f53349f2aead8a4539e7c7d51d8e
[INFO] 23-02-2026 11:31:10 [main] Log - Running test case checkoutWithAccountSuccess
[INFO] 23-02-2026 11:31:10 [main] Log - Cuộn tới phần tử: [[ChromeDriver: chrome on windows (da74f53349f2aead8a4539e7c7d51d8e)] -> xpath: //a[normalize-space()='MacBook']]
[ERROR] 23-02-2026 11:31:18 [main] Log - Hết thời gian chờ phần tử hiển thị: [[ChromeDriver: chrome on windows (da74f53349f2aead8a4539e7c7d51d8e)] -> xpath: //a[normalize-space()='MacBook']]
[ERROR] 23-02-2026 11:31:18 [main] Log - Test case checkoutWithAccountSuccess is failed.
[ERROR] 23-02-2026 11:31:18 [main] Log - Test case checkoutWithAccountSuccess is failed.
[INFO] 23-02-2026 11:31:18 [main] Log - End testing AutomationOpenCart
[INFO] 23-02-2026 11:34:56 [main] Log - Khởi tạo trình duyệt: chrome
[INFO] 23-02-2026 11:34:59 [main] Log - Running test case guestCheckoutSuccess
[INFO] 23-02-2026 11:35:00 [main] Log - Cuộn tới phần tử: [[ChromeDriver: chrome on windows (151ecb8c61e1ed4d8b95c558c4a8b956)] -> xpath: //a[normalize-space()='MacBook']]
[INFO] 23-02-2026 11:35:01 [main] Log - Cuộn tới phần tử: [[ChromeDriver: chrome on windows (151ecb8c61e1ed4d8b95c558c4a8b956)] -> xpath: //nav[@id='top']//li[4]//a[@title='Shopping Cart']]
[INFO] 23-02-2026 11:35:04 [main] Log - Cuộn tới phần tử: [[ChromeDriver: chrome on windows (151ecb8c61e1ed4d8b95c558c4a8b956)] -> id: input-payment-firstname]
[INFO] 23-02-2026 11:35:08 [main] Log - Đang xác thực giá trị đúng...

[INFO] 23-02-2026 11:35:08 [main] Log - Giá trị đúng
[INFO] 23-02-2026 11:35:09 [main] Log - Đang xác thực giá trị đúng...

[INFO] 23-02-2026 11:35:09 [main] Log - Giá trị đúng
[INFO] 23-02-2026 11:35:09 [main] Log - Test case guestCheckoutSuccess is passed.
[INFO] 23-02-2026 11:35:13 [main] Log - Running test case checkoutWithAccountSuccess
[INFO] 23-02-2026 11:35:13 [main] Log - Cuộn tới phần tử: [[ChromeDriver: chrome on windows (151ecb8c61e1ed4d8b95c558c4a8b956)] -> xpath: //a[normalize-space()='MacBook']]
[INFO] 23-02-2026 11:35:14 [main] Log - Cuộn tới phần tử: [[ChromeDriver: chrome on windows (151ecb8c61e1ed4d8b95c558c4a8b956)] -> xpath: //nav[@id='top']//li[4]//a[@title='Shopping Cart']]
[INFO] 23-02-2026 11:35:21 [main] Log - Đang xác thực giá trị đúng...

[INFO] 23-02-2026 11:35:21 [main] Log - Giá trị đúng
[INFO] 23-02-2026 11:35:22 [main] Log - Đang xác thực giá trị đúng...

[INFO] 23-02-2026 11:35:22 [main] Log - Giá trị đúng
[INFO] 23-02-2026 11:35:22 [main] Log - Test case checkoutWithAccountSuccess is passed.
[INFO] 23-02-2026 11:35:24 [main] Log - Running test case checkoutFailWithoutAgree
[INFO] 23-02-2026 11:35:25 [main] Log - Cuộn tới phần tử: [[ChromeDriver: chrome on windows (151ecb8c61e1ed4d8b95c558c4a8b956)] -> xpath: //a[normalize-space()='MacBook']]
[INFO] 23-02-2026 11:35:26 [main] Log - Cuộn tới phần tử: [[ChromeDriver: chrome on windows (151ecb8c61e1ed4d8b95c558c4a8b956)] -> xpath: //nav[@id='top']//li[4]//a[@title='Shopping Cart']]
[ERROR] 23-02-2026 11:35:39 [main] Log - Test case checkoutFailWithoutAgree is failed.
[ERROR] 23-02-2026 11:35:39 [main] Log - Test case checkoutFailWithoutAgree is failed.
[INFO] 23-02-2026 11:35:39 [main] Log - End testing AutomationOpenCart
[INFO] 23-02-2026 11:37:09 [main] Log - Khởi tạo trình duyệt: chrome
[INFO] 23-02-2026 11:37:12 [main] Log - Running test case guestCheckoutSuccess
[INFO] 23-02-2026 11:37:13 [main] Log - Cuộn tới phần tử: [[ChromeDriver: chrome on windows (4df21dbdbeb7315ad412363fa071e043)] -> xpath: //a[normalize-space()='MacBook']]
[INFO] 23-02-2026 11:37:14 [main] Log - Cuộn tới phần tử: [[ChromeDriver: chrome on windows (4df21dbdbeb7315ad412363fa071e043)] -> xpath: //nav[@id='top']//li[4]//a[@title='Shopping Cart']]
[ERROR] 23-02-2026 11:37:26 [main] Log - Test case guestCheckoutSuccess is failed.
[ERROR] 23-02-2026 11:37:26 [main] Log - Test case guestCheckoutSuccess is failed.
[INFO] 23-02-2026 11:37:26 [main] Log - End testing AutomationOpenCart
[INFO] 23-02-2026 11:38:46 [main] Log - Khởi tạo trình duyệt: chrome
[INFO] 23-02-2026 11:38:49 [main] Log - Running test case guestCheckoutSuccess
[INFO] 23-02-2026 11:38:50 [main] Log - Cuộn tới phần tử: [[ChromeDriver: chrome on windows (e2c17fb5ef6a29b0e285de5d4508af84)] -> xpath: //a[normalize-space()='MacBook']]
[INFO] 23-02-2026 11:38:52 [main] Log - Cuộn tới phần tử: [[ChromeDriver: chrome on windows (e2c17fb5ef6a29b0e285de5d4508af84)] -> xpath: //nav[@id='top']//li[4]//a[@title='Shopping Cart']]
[ERROR] 23-02-2026 11:38:53 [main] Log - Test case guestCheckoutSuccess is failed.
[ERROR] 23-02-2026 11:38:54 [main] Log - org.openqa.selenium.ElementClickInterceptedException: element click intercepted: Element <a href="http://localhost/opencart/index.php?route=checkout/cart" title="Shopping Cart">...</a> is not clickable at point (1189, 8). Other element would receive the click: <div id="top-links" class="nav pull-right">...</div>
  (Session info: chrome=145.0.7632.76)
Build info: version: '4.29.0', revision: '5fc1ec94cb'
System info: os.name: 'Windows 11', os.arch: 'amd64', os.version: '10.0', java.version: '17.0.12'
Driver info: org.openqa.selenium.chrome.ChromeDriver
Command: [e2c17fb5ef6a29b0e285de5d4508af84, clickElement {id=f.07A7B0B3609BB2054C706273225C4ACE.d.81453D967CE68D5568AE88ECB1EAE10C.e.115}]
Capabilities {acceptInsecureCerts: false, browserName: chrome, browserVersion: 145.0.7632.76, chrome: {chromedriverVersion: 145.0.7632.77 (da516187054a..., userDataDir: C:\Users\velvet\AppData\Loc...}, fedcm:accounts: true, goog:chromeOptions: {debuggerAddress: localhost:51485}, goog:processID: 12272, networkConnectionEnabled: false, pageLoadStrategy: normal, platformName: windows, proxy: Proxy(), se:cdp: ws://localhost:51485/devtoo..., se:cdpVersion: 145.0.7632.76, setWindowRect: true, strictFileInteractability: false, timeouts: {implicit: 0, pageLoad: 300000, script: 30000}, unhandledPromptBehavior: dismiss and notify, webauthn:extension:credBlob: true, webauthn:extension:largeBlob: true, webauthn:extension:minPinLength: true, webauthn:extension:prf: true, webauthn:virtualAuthenticators: true}
Element: [[ChromeDriver: chrome on windows (e2c17fb5ef6a29b0e285de5d4508af84)] -> xpath: //nav[@id='top']//li[4]//a[@title='Shopping Cart']]
Session ID: e2c17fb5ef6a29b0e285de5d4508af84
[INFO] 23-02-2026 11:38:56 [main] Log - Running test case checkoutFailWithoutAgree
[INFO] 23-02-2026 11:38:57 [main] Log - Cuộn tới phần tử: [[ChromeDriver: chrome on windows (e2c17fb5ef6a29b0e285de5d4508af84)] -> xpath: //a[normalize-space()='MacBook']]
[ERROR] 23-02-2026 11:39:12 [main] Log - Hết thời gian chờ phần tử hiển thị: [[ChromeDriver: chrome on windows (e2c17fb5ef6a29b0e285de5d4508af84)] -> xpath: //a[normalize-space()='MacBook']]
[ERROR] 23-02-2026 11:39:12 [main] Log - Test case checkoutFailWithoutAgree is failed.
[ERROR] 23-02-2026 11:39:12 [main] Log - java.lang.RuntimeException: Không thể tìm thấy phần tử hiển thị: [[ChromeDriver: chrome on windows (e2c17fb5ef6a29b0e285de5d4508af84)] -> xpath: //a[normalize-space()='MacBook']]
[INFO] 23-02-2026 11:39:14 [main] Log - Running test case checkoutFailInvailEmailAndPhone
[INFO] 23-02-2026 11:39:15 [main] Log - Cuộn tới phần tử: [[ChromeDriver: chrome on windows (e2c17fb5ef6a29b0e285de5d4508af84)] -> xpath: //a[normalize-space()='MacBook']]
[ERROR] 23-02-2026 11:39:30 [main] Log - Hết thời gian chờ phần tử hiển thị: [[ChromeDriver: chrome on windows (e2c17fb5ef6a29b0e285de5d4508af84)] -> xpath: //a[normalize-space()='MacBook']]
[ERROR] 23-02-2026 11:39:30 [main] Log - Test case checkoutFailInvailEmailAndPhone is failed.
[ERROR] 23-02-2026 11:39:31 [main] Log - java.lang.RuntimeException: Không thể tìm thấy phần tử hiển thị: [[ChromeDriver: chrome on windows (e2c17fb5ef6a29b0e285de5d4508af84)] -> xpath: //a[normalize-space()='MacBook']]
[INFO] 23-02-2026 11:39:34 [main] Log - Running test case checkoutWithAccountSuccess
[INFO] 23-02-2026 11:39:34 [main] Log - Cuộn tới phần tử: [[ChromeDriver: chrome on windows (e2c17fb5ef6a29b0e285de5d4508af84)] -> xpath: //a[normalize-space()='MacBook']]
[INFO] 23-02-2026 11:40:49 [main] Log - Khởi tạo trình duyệt: chrome
[INFO] 23-02-2026 11:40:53 [main] Log - Running test case guestCheckoutSuccess
[INFO] 23-02-2026 11:40:54 [main] Log - Cuộn tới phần tử: [[ChromeDriver: chrome on windows (768a017e372374e29fa4925fcd72d701)] -> xpath: //a[normalize-space()='MacBook']]
[INFO] 23-02-2026 11:40:55 [main] Log - Cuộn tới phần tử: [[ChromeDriver: chrome on windows (768a017e372374e29fa4925fcd72d701)] -> xpath: //nav[@id='top']//li[4]//a[@title='Shopping Cart']]
[ERROR] 23-02-2026 11:40:56 [main] Log - Test case guestCheckoutSuccess is failed.
[ERROR] 23-02-2026 11:40:57 [main] Log - org.openqa.selenium.ElementClickInterceptedException: element click intercepted: Element <a href="http://localhost/opencart/index.php?route=checkout/cart" title="Shopping Cart">...</a> is not clickable at point (1189, 7). Other element would receive the click: <div id="top-links" class="nav pull-right">...</div>
  (Session info: chrome=145.0.7632.76)
Build info: version: '4.29.0', revision: '5fc1ec94cb'
System info: os.name: 'Windows 11', os.arch: 'amd64', os.version: '10.0', java.version: '17.0.12'
Driver info: org.openqa.selenium.chrome.ChromeDriver
Command: [768a017e372374e29fa4925fcd72d701, clickElement {id=f.658760D5BE06630814967BEBEE1FD336.d.5B73DFCAD5A718D7A1AD72EEB4F750BC.e.119}]
Capabilities {acceptInsecureCerts: false, browserName: chrome, browserVersion: 145.0.7632.76, chrome: {chromedriverVersion: 145.0.7632.77 (da516187054a..., userDataDir: C:\Users\velvet\AppData\Loc...}, fedcm:accounts: true, goog:chromeOptions: {debuggerAddress: localhost:55360}, goog:processID: 9388, networkConnectionEnabled: false, pageLoadStrategy: normal, platformName: windows, proxy: Proxy(), se:cdp: ws://localhost:55360/devtoo..., se:cdpVersion: 145.0.7632.76, setWindowRect: true, strictFileInteractability: false, timeouts: {implicit: 0, pageLoad: 300000, script: 30000}, unhandledPromptBehavior: dismiss and notify, webauthn:extension:credBlob: true, webauthn:extension:largeBlob: true, webauthn:extension:minPinLength: true, webauthn:extension:prf: true, webauthn:virtualAuthenticators: true}
Element: [[ChromeDriver: chrome on windows (768a017e372374e29fa4925fcd72d701)] -> xpath: //nav[@id='top']//li[4]//a[@title='Shopping Cart']]
Session ID: 768a017e372374e29fa4925fcd72d701
[INFO] 23-02-2026 11:40:59 [main] Log - Running test case checkoutFailWithoutAgree
[INFO] 23-02-2026 11:41:00 [main] Log - Cuộn tới phần tử: [[ChromeDriver: chrome on windows (768a017e372374e29fa4925fcd72d701)] -> xpath: //a[normalize-space()='MacBook']]
[ERROR] 23-02-2026 11:41:02 [main] Log - Hết thời gian chờ phần tử hiển thị: [[ChromeDriver: chrome on windows (768a017e372374e29fa4925fcd72d701)] -> xpath: //a[normalize-space()='MacBook']]
[ERROR] 23-02-2026 11:41:02 [main] Log - Test case checkoutFailWithoutAgree is failed.
[ERROR] 23-02-2026 11:41:02 [main] Log - Test case checkoutFailWithoutAgree is failed.
[INFO] 23-02-2026 11:41:02 [main] Log - End testing AutomationOpenCart
[INFO] 23-02-2026 11:43:41 [main] Log - Khởi tạo trình duyệt: chrome
[INFO] 23-02-2026 11:43:44 [main] Log - Running test case guestCheckoutSuccess
[INFO] 23-02-2026 11:43:45 [main] Log - Cuộn tới phần tử: [[ChromeDriver: chrome on windows (af7295c4ca51755d02526ec3780ce2fd)] -> xpath: //a[normalize-space()='MacBook']]
[INFO] 23-02-2026 11:43:46 [main] Log - Cuộn tới phần tử: [[ChromeDriver: chrome on windows (af7295c4ca51755d02526ec3780ce2fd)] -> xpath: //nav[@id='top']//ul[@class='list-inline']//li[4]//a[@title='Shopping Cart']]
[INFO] 23-02-2026 11:43:48 [main] Log - Cuộn tới phần tử: [[ChromeDriver: chrome on windows (af7295c4ca51755d02526ec3780ce2fd)] -> id: input-payment-firstname]
[INFO] 23-02-2026 11:43:53 [main] Log - Đang xác thực giá trị đúng...

[INFO] 23-02-2026 11:43:53 [main] Log - Giá trị đúng
[INFO] 23-02-2026 11:43:54 [main] Log - Đang xác thực giá trị đúng...

[INFO] 23-02-2026 11:43:54 [main] Log - Giá trị đúng
[INFO] 23-02-2026 11:43:54 [main] Log - Test case guestCheckoutSuccess is passed.
[INFO] 23-02-2026 11:43:56 [main] Log - Running test case checkoutFailWithoutAgree
[INFO] 23-02-2026 11:43:57 [main] Log - Cuộn tới phần tử: [[ChromeDriver: chrome on windows (af7295c4ca51755d02526ec3780ce2fd)] -> xpath: //a[normalize-space()='MacBook']]
[INFO] 23-02-2026 11:43:58 [main] Log - Cuộn tới phần tử: [[ChromeDriver: chrome on windows (af7295c4ca51755d02526ec3780ce2fd)] -> xpath: //nav[@id='top']//ul[@class='list-inline']//li[4]//a[@title='Shopping Cart']]
[INFO] 23-02-2026 11:44:00 [main] Log - Cuộn tới phần tử: [[ChromeDriver: chrome on windows (af7295c4ca51755d02526ec3780ce2fd)] -> id: input-payment-firstname]
[INFO] 23-02-2026 11:44:04 [main] Log - Đang xác thực giá trị đúng...

[INFO] 23-02-2026 11:44:04 [main] Log - Giá trị đúng
[INFO] 23-02-2026 11:44:04 [main] Log - Test case checkoutFailWithoutAgree is passed.
[INFO] 23-02-2026 11:44:06 [main] Log - Running test case checkoutFailInvailEmailAndPhone
[INFO] 23-02-2026 11:44:06 [main] Log - Cuộn tới phần tử: [[ChromeDriver: chrome on windows (af7295c4ca51755d02526ec3780ce2fd)] -> xpath: //a[normalize-space()='MacBook']]
[ERROR] 23-02-2026 11:44:22 [main] Log - Hết thời gian chờ phần tử hiển thị: [[ChromeDriver: chrome on windows (af7295c4ca51755d02526ec3780ce2fd)] -> xpath: //a[normalize-space()='MacBook']]
[ERROR] 23-02-2026 11:44:22 [main] Log - Test case checkoutFailInvailEmailAndPhone is failed.
[ERROR] 23-02-2026 11:44:22 [main] Log - java.lang.RuntimeException: Không thể tìm thấy phần tử hiển thị: [[ChromeDriver: chrome on windows (af7295c4ca51755d02526ec3780ce2fd)] -> xpath: //a[normalize-space()='MacBook']]
[INFO] 23-02-2026 11:44:25 [main] Log - Running test case checkoutWithAccountSuccess
[INFO] 23-02-2026 11:44:25 [main] Log - Cuộn tới phần tử: [[ChromeDriver: chrome on windows (af7295c4ca51755d02526ec3780ce2fd)] -> xpath: //a[normalize-space()='MacBook']]
[ERROR] 23-02-2026 11:44:40 [main] Log - Hết thời gian chờ phần tử hiển thị: [[ChromeDriver: chrome on windows (af7295c4ca51755d02526ec3780ce2fd)] -> xpath: //a[normalize-space()='MacBook']]
[ERROR] 23-02-2026 11:44:40 [main] Log - Test case checkoutWithAccountSuccess is failed.
[ERROR] 23-02-2026 11:44:41 [main] Log - java.lang.RuntimeException: Không thể tìm thấy phần tử hiển thị: [[ChromeDriver: chrome on windows (af7295c4ca51755d02526ec3780ce2fd)] -> xpath: //a[normalize-space()='MacBook']]
[INFO] 23-02-2026 11:44:43 [main] Log - End testing AutomationOpenCart
[INFO] 23-02-2026 11:47:37 [main] Log - Khởi tạo trình duyệt: chrome
[INFO] 23-02-2026 11:47:42 [main] Log - Running test case guestCheckoutSuccess
[INFO] 23-02-2026 11:47:43 [main] Log - Cuộn tới phần tử: [[ChromeDriver: chrome on windows (2797db64ad492295c4a1a94673f44b70)] -> xpath: //h2[normalize-space()='Products meeting the search criteria']]
[INFO] 23-02-2026 11:47:44 [main] Log - Cuộn tới phần tử: [[ChromeDriver: chrome on windows (2797db64ad492295c4a1a94673f44b70)] -> xpath: //nav[@id='top']//ul[@class='list-inline']//li[4]//a[@title='Shopping Cart']]
[INFO] 23-02-2026 11:47:46 [main] Log - Cuộn tới phần tử: [[ChromeDriver: chrome on windows (2797db64ad492295c4a1a94673f44b70)] -> id: input-payment-firstname]
[INFO] 23-02-2026 11:47:52 [main] Log - Đang xác thực giá trị đúng...

[INFO] 23-02-2026 11:47:52 [main] Log - Giá trị đúng
[INFO] 23-02-2026 11:47:52 [main] Log - Đang xác thực giá trị đúng...

[INFO] 23-02-2026 11:47:52 [main] Log - Giá trị đúng
[INFO] 23-02-2026 11:47:52 [main] Log - Test case guestCheckoutSuccess is passed.
[INFO] 23-02-2026 11:47:55 [main] Log - Running test case checkoutFailWithoutAgree
[INFO] 23-02-2026 11:47:55 [main] Log - Cuộn tới phần tử: [[ChromeDriver: chrome on windows (2797db64ad492295c4a1a94673f44b70)] -> xpath: //h2[normalize-space()='Products meeting the search criteria']]
[INFO] 23-02-2026 11:47:57 [main] Log - Cuộn tới phần tử: [[ChromeDriver: chrome on windows (2797db64ad492295c4a1a94673f44b70)] -> xpath: //nav[@id='top']//ul[@class='list-inline']//li[4]//a[@title='Shopping Cart']]
[INFO] 23-02-2026 11:47:59 [main] Log - Cuộn tới phần tử: [[ChromeDriver: chrome on windows (2797db64ad492295c4a1a94673f44b70)] -> id: input-payment-firstname]
[INFO] 23-02-2026 11:48:02 [main] Log - Đang xác thực giá trị đúng...

[INFO] 23-02-2026 11:48:02 [main] Log - Giá trị đúng
[INFO] 23-02-2026 11:48:02 [main] Log - Test case checkoutFailWithoutAgree is passed.
[INFO] 23-02-2026 11:48:05 [main] Log - Running test case checkoutFailInvailEmailAndPhone
[INFO] 23-02-2026 11:48:05 [main] Log - Cuộn tới phần tử: [[ChromeDriver: chrome on windows (2797db64ad492295c4a1a94673f44b70)] -> xpath: //h2[normalize-space()='Products meeting the search criteria']]
[ERROR] 23-02-2026 11:48:21 [main] Log - Hết thời gian chờ phần tử có thể click: [[ChromeDriver: chrome on windows (2797db64ad492295c4a1a94673f44b70)] -> xpath: //a[normalize-space()='MacBook']]
[ERROR] 23-02-2026 11:48:21 [main] Log - Test case checkoutFailInvailEmailAndPhone is failed.
[ERROR] 23-02-2026 11:48:21 [main] Log - java.lang.RuntimeException: Không thể tìm thấy phần tử có thể click: [[ChromeDriver: chrome on windows (2797db64ad492295c4a1a94673f44b70)] -> xpath: //a[normalize-space()='MacBook']]
[INFO] 23-02-2026 11:48:24 [main] Log - Running test case checkoutWithAccountSuccess
[INFO] 23-02-2026 11:48:24 [main] Log - Cuộn tới phần tử: [[ChromeDriver: chrome on windows (2797db64ad492295c4a1a94673f44b70)] -> xpath: //h2[normalize-space()='Products meeting the search criteria']]
[ERROR] 23-02-2026 11:48:37 [main] Log - Hết thời gian chờ phần tử có thể click: [[ChromeDriver: chrome on windows (2797db64ad492295c4a1a94673f44b70)] -> xpath: //a[normalize-space()='MacBook']]
[ERROR] 23-02-2026 11:48:37 [main] Log - Test case checkoutWithAccountSuccess is failed.
[ERROR] 23-02-2026 11:48:37 [main] Log - java.lang.RuntimeException: Không thể tìm thấy phần tử có thể click: [[ChromeDriver: chrome on windows (2797db64ad492295c4a1a94673f44b70)] -> xpath: //a[normalize-space()='MacBook']]
[INFO] 23-02-2026 11:48:39 [main] Log - End testing AutomationOpenCart
[INFO] 23-02-2026 11:50:58 [main] Log - Khởi tạo trình duyệt: chrome
[INFO] 23-02-2026 11:51:02 [main] Log - Running test case guestCheckoutSuccess
[INFO] 23-02-2026 11:51:03 [main] Log - Cuộn tới phần tử: [[ChromeDriver: chrome on windows (1d36e4da321f627e9ca331f2fb4e2636)] -> xpath: //h2[normalize-space()='Products meeting the search criteria']]
[ERROR] 23-02-2026 11:51:03 [main] Log - Hết thời gian chờ phần tử có thể click: [[ChromeDriver: chrome on windows (1d36e4da321f627e9ca331f2fb4e2636)] -> xpath: (//a[normalize-space()='MacBook'])[1]]
[ERROR] 23-02-2026 11:51:03 [main] Log - Test case guestCheckoutSuccess is failed.
[ERROR] 23-02-2026 11:51:04 [main] Log - java.lang.RuntimeException: Không thể tìm thấy phần tử có thể click: [[ChromeDriver: chrome on windows (1d36e4da321f627e9ca331f2fb4e2636)] -> xpath: (//a[normalize-space()='MacBook'])[1]]
[INFO] 23-02-2026 11:51:06 [main] Log - Running test case checkoutFailWithoutAgree
[INFO] 23-02-2026 11:51:07 [main] Log - Cuộn tới phần tử: [[ChromeDriver: chrome on windows (1d36e4da321f627e9ca331f2fb4e2636)] -> xpath: //h2[normalize-space()='Products meeting the search criteria']]
[ERROR] 23-02-2026 11:51:07 [main] Log - Hết thời gian chờ phần tử có thể click: [[ChromeDriver: chrome on windows (1d36e4da321f627e9ca331f2fb4e2636)] -> xpath: (//a[normalize-space()='MacBook'])[1]]
[ERROR] 23-02-2026 11:51:07 [main] Log - Test case checkoutFailWithoutAgree is failed.
[ERROR] 23-02-2026 11:51:08 [main] Log - java.lang.RuntimeException: Không thể tìm thấy phần tử có thể click: [[ChromeDriver: chrome on windows (1d36e4da321f627e9ca331f2fb4e2636)] -> xpath: (//a[normalize-space()='MacBook'])[1]]
[INFO] 23-02-2026 11:51:10 [main] Log - Running test case checkoutFailInvailEmailAndPhone
[INFO] 23-02-2026 11:51:10 [main] Log - Cuộn tới phần tử: [[ChromeDriver: chrome on windows (1d36e4da321f627e9ca331f2fb4e2636)] -> xpath: //h2[normalize-space()='Products meeting the search criteria']]
[INFO] 23-02-2026 11:51:12 [main] Log - Cuộn tới phần tử: [[ChromeDriver: chrome on windows (1d36e4da321f627e9ca331f2fb4e2636)] -> xpath: //nav[@id='top']//ul[@class='list-inline']//li[4]//a[@title='Shopping Cart']]
[INFO] 23-02-2026 11:51:14 [main] Log - Cuộn tới phần tử: [[ChromeDriver: chrome on windows (1d36e4da321f627e9ca331f2fb4e2636)] -> id: input-payment-firstname]
[ERROR] 23-02-2026 11:51:35 [main] Log - Test case checkoutFailInvailEmailAndPhone is failed.
[ERROR] 23-02-2026 11:51:35 [main] Log - Test case checkoutFailInvailEmailAndPhone is failed.
[INFO] 23-02-2026 11:51:35 [main] Log - End testing AutomationOpenCart
[INFO] 23-02-2026 11:52:23 [main] Log - Khởi tạo trình duyệt: chrome
[INFO] 23-02-2026 11:52:26 [main] Log - Running test case guestCheckoutSuccess
[INFO] 23-02-2026 11:52:27 [main] Log - Cuộn tới phần tử: [[ChromeDriver: chrome on windows (c71055ef1ab51e1ab2cfba6ba5ce98d9)] -> xpath: (//a[normalize-space()='MacBook'])[1]]
[INFO] 23-02-2026 11:52:28 [main] Log - Cuộn tới phần tử: [[ChromeDriver: chrome on windows (c71055ef1ab51e1ab2cfba6ba5ce98d9)] -> xpath: //nav[@id='top']//ul[@class='list-inline']//li[4]//a[@title='Shopping Cart']]
[ERROR] 23-02-2026 11:52:44 [main] Log - Test case guestCheckoutSuccess is failed.
[ERROR] 23-02-2026 11:52:44 [main] Log - Test case guestCheckoutSuccess is failed.
[INFO] 23-02-2026 11:52:44 [main] Log - End testing AutomationOpenCart
[INFO] 23-02-2026 11:55:43 [main] Log - Khởi tạo trình duyệt: chrome
[INFO] 23-02-2026 11:55:46 [main] Log - Running test case guestCheckoutSuccess
[INFO] 23-02-2026 11:55:47 [main] Log - Cuộn tới phần tử: [[ChromeDriver: chrome on windows (51270ecdcb5de58233c6ac3f06efbfd3)] -> xpath: (//a[normalize-space()='MacBook'])[1]]
[INFO] 23-02-2026 11:55:48 [main] Log - Cuộn tới phần tử: [[ChromeDriver: chrome on windows (51270ecdcb5de58233c6ac3f06efbfd3)] -> xpath: //ul[@class='list-inline']//li[4]//a[@title='Shopping Cart']]
[INFO] 23-02-2026 11:55:50 [main] Log - Cuộn tới phần tử: [[ChromeDriver: chrome on windows (51270ecdcb5de58233c6ac3f06efbfd3)] -> id: input-payment-firstname]
[INFO] 23-02-2026 11:55:55 [main] Log - Đang xác thực giá trị đúng...

[INFO] 23-02-2026 11:55:55 [main] Log - Giá trị đúng
[INFO] 23-02-2026 11:55:56 [main] Log - Đang xác thực giá trị đúng...

[INFO] 23-02-2026 11:55:56 [main] Log - Giá trị đúng
[INFO] 23-02-2026 11:55:56 [main] Log - Test case guestCheckoutSuccess is passed.
[INFO] 23-02-2026 11:55:59 [main] Log - Running test case checkoutFailWithoutAgree
[INFO] 23-02-2026 11:56:00 [main] Log - Cuộn tới phần tử: [[ChromeDriver: chrome on windows (51270ecdcb5de58233c6ac3f06efbfd3)] -> xpath: (//a[normalize-space()='MacBook'])[1]]
[INFO] 23-02-2026 11:56:01 [main] Log - Cuộn tới phần tử: [[ChromeDriver: chrome on windows (51270ecdcb5de58233c6ac3f06efbfd3)] -> xpath: //ul[@class='list-inline']//li[4]//a[@title='Shopping Cart']]
[INFO] 23-02-2026 11:56:45 [main] Log - Cuộn tới phần tử: [[ChromeDriver: chrome on windows (51270ecdcb5de58233c6ac3f06efbfd3)] -> id: input-payment-firstname]
[INFO] 23-02-2026 11:56:49 [main] Log - Đang xác thực giá trị đúng...

[INFO] 23-02-2026 11:56:49 [main] Log - Giá trị đúng
[INFO] 23-02-2026 11:56:49 [main] Log - Test case checkoutFailWithoutAgree is passed.
[INFO] 23-02-2026 11:56:52 [main] Log - Running test case checkoutFailInvailEmailAndPhone
[INFO] 23-02-2026 11:56:53 [main] Log - Cuộn tới phần tử: [[ChromeDriver: chrome on windows (51270ecdcb5de58233c6ac3f06efbfd3)] -> xpath: (//a[normalize-space()='MacBook'])[1]]
[ERROR] 23-02-2026 11:57:08 [main] Log - Hết thời gian chờ phần tử hiển thị: [[ChromeDriver: chrome on windows (51270ecdcb5de58233c6ac3f06efbfd3)] -> xpath: (//a[normalize-space()='MacBook'])[1]]
[ERROR] 23-02-2026 11:57:08 [main] Log - Test case checkoutFailInvailEmailAndPhone is failed.
[ERROR] 23-02-2026 11:57:11 [main] Log - Test case checkoutFailInvailEmailAndPhone is failed.
[INFO] 23-02-2026 11:57:11 [main] Log - End testing AutomationOpenCart
[INFO] 23-02-2026 11:58:26 [main] Log - Khởi tạo trình duyệt: chrome
[INFO] 23-02-2026 11:58:31 [main] Log - Cuộn tới phần tử: [[ChromeDriver: chrome on windows (7fff27aa84cafe7fa1a0ae0285e03ad8)] -> xpath: (//a[normalize-space()='MacBook'])[1]]
[INFO] 23-02-2026 11:58:32 [main] Log - Cuộn tới phần tử: [[ChromeDriver: chrome on windows (7fff27aa84cafe7fa1a0ae0285e03ad8)] -> xpath: //ul[@class='list-inline']//li[4]//a[@title='Shopping Cart']]
[INFO] 23-02-2026 11:58:33 [main] Log - Running test case verifyProductsAddedToCart
[INFO] 23-02-2026 11:58:33 [main] Log - Đang xác thực giá trị đúng...

[INFO] 23-02-2026 11:58:33 [main] Log - Giá trị đúng
[INFO] 23-02-2026 11:58:33 [main] Log - Đang xác thực giá trị đúng...

[INFO] 23-02-2026 11:58:33 [main] Log - Giá trị đúng
[INFO] 23-02-2026 11:58:33 [main] Log - Test case verifyProductsAddedToCart is passed.
[INFO] 23-02-2026 11:58:36 [main] Log - Running test case verifyUpdateQuantityUpdatesTotalPrice
[INFO] 23-02-2026 11:58:36 [main] Log - Đang xác thực giá trị bằng nhau...
 - Thực tế: 1324.0
 - Kỳ vọng: 1324.0
[INFO] 23-02-2026 11:58:36 [main] Log - Test case verifyUpdateQuantityUpdatesTotalPrice is passed.
[INFO] 23-02-2026 11:58:39 [main] Log - Running test case verifyRemoveProduct
[INFO] 23-02-2026 11:58:55 [main] Log - Test case verifyRemoveProduct is passed.
[INFO] 23-02-2026 11:58:57 [main] Log - Running test case verifyReloadKeepsCartState
[INFO] 23-02-2026 11:58:58 [main] Log - Đang xác thực giá trị bằng nhau...
 - Thực tế: 3
 - Kỳ vọng: 3
[INFO] 23-02-2026 11:58:58 [main] Log - Test case verifyReloadKeepsCartState is passed.
[INFO] 23-02-2026 11:59:00 [main] Log - Running test case verifyQuantityZero
[INFO] 23-02-2026 11:59:16 [main] Log - Đang xác thực giá trị đúng...

[INFO] 23-02-2026 11:59:16 [main] Log - Giá trị đúng
[INFO] 23-02-2026 11:59:16 [main] Log - Test case verifyQuantityZero is passed.
[INFO] 23-02-2026 11:59:18 [main] Log - Running test case verifyNegativeQuantity
[INFO] 23-02-2026 11:59:33 [main] Log - Cuộn tới phần tử: [[ChromeDriver: chrome on windows (7fff27aa84cafe7fa1a0ae0285e03ad8)] -> xpath: (//a[normalize-space()='MacBook'])[1]]
[INFO] 23-02-2026 11:59:35 [main] Log - Cuộn tới phần tử: [[ChromeDriver: chrome on windows (7fff27aa84cafe7fa1a0ae0285e03ad8)] -> xpath: //ul[@class='list-inline']//li[4]//a[@title='Shopping Cart']]
[ERROR] 23-02-2026 11:59:50 [main] Log - Test case verifyNegativeQuantity is failed.
[ERROR] 23-02-2026 11:59:50 [main] Log - org.openqa.selenium.NoSuchElementException: no such element: Unable to locate element: {"method":"xpath","selector":"//div[@class='table-responsive']//tbody/tr[.//a[normalize-space()='MacBook']]"}
  (Session info: chrome=145.0.7632.76)
For documentation on this error, please visit: https://www.selenium.dev/documentation/webdriver/troubleshooting/errors#no-such-element-exception
Build info: version: '4.29.0', revision: '5fc1ec94cb'
System info: os.name: 'Windows 11', os.arch: 'amd64', os.version: '10.0', java.version: '17.0.12'
Driver info: org.openqa.selenium.chrome.ChromeDriver
Command: [7fff27aa84cafe7fa1a0ae0285e03ad8, findElement {using=xpath, value=//div[@class='table-responsive']//tbody/tr[.//a[normalize-space()='MacBook']]}]
Capabilities {acceptInsecureCerts: false, browserName: chrome, browserVersion: 145.0.7632.76, chrome: {chromedriverVersion: 145.0.7632.77 (da516187054a..., userDataDir: C:\Users\velvet\AppData\Loc...}, fedcm:accounts: true, goog:chromeOptions: {debuggerAddress: localhost:49248}, goog:processID: 18844, networkConnectionEnabled: false, pageLoadStrategy: normal, platformName: windows, proxy: Proxy(), se:cdp: ws://localhost:49248/devtoo..., se:cdpVersion: 145.0.7632.76, setWindowRect: true, strictFileInteractability: false, timeouts: {implicit: 0, pageLoad: 300000, script: 30000}, unhandledPromptBehavior: dismiss and notify, webauthn:extension:credBlob: true, webauthn:extension:largeBlob: true, webauthn:extension:minPinLength: true, webauthn:extension:prf: true, webauthn:virtualAuthenticators: true}
Session ID: 7fff27aa84cafe7fa1a0ae0285e03ad8
[INFO] 23-02-2026 11:59:53 [main] Log - Running test case verifyInvalidQuantityText
[ERROR] 23-02-2026 12:00:08 [main] Log - Test case verifyInvalidQuantityText is failed.
[ERROR] 23-02-2026 12:00:08 [main] Log - org.openqa.selenium.NoSuchElementException: no such element: Unable to locate element: {"method":"xpath","selector":"//div[@class='table-responsive']//tbody/tr[.//a[normalize-space()='MacBook']]"}
  (Session info: chrome=145.0.7632.76)
For documentation on this error, please visit: https://www.selenium.dev/documentation/webdriver/troubleshooting/errors#no-such-element-exception
Build info: version: '4.29.0', revision: '5fc1ec94cb'
System info: os.name: 'Windows 11', os.arch: 'amd64', os.version: '10.0', java.version: '17.0.12'
Driver info: org.openqa.selenium.chrome.ChromeDriver
Command: [7fff27aa84cafe7fa1a0ae0285e03ad8, findElement {using=xpath, value=//div[@class='table-responsive']//tbody/tr[.//a[normalize-space()='MacBook']]}]
Capabilities {acceptInsecureCerts: false, browserName: chrome, browserVersion: 145.0.7632.76, chrome: {chromedriverVersion: 145.0.7632.77 (da516187054a..., userDataDir: C:\Users\velvet\AppData\Loc...}, fedcm:accounts: true, goog:chromeOptions: {debuggerAddress: localhost:49248}, goog:processID: 18844, networkConnectionEnabled: false, pageLoadStrategy: normal, platformName: windows, proxy: Proxy(), se:cdp: ws://localhost:49248/devtoo..., se:cdpVersion: 145.0.7632.76, setWindowRect: true, strictFileInteractability: false, timeouts: {implicit: 0, pageLoad: 300000, script: 30000}, unhandledPromptBehavior: dismiss and notify, webauthn:extension:credBlob: true, webauthn:extension:largeBlob: true, webauthn:extension:minPinLength: true, webauthn:extension:prf: true, webauthn:virtualAuthenticators: true}
Session ID: 7fff27aa84cafe7fa1a0ae0285e03ad8
[INFO] 23-02-2026 12:00:10 [main] Log - Running test case verifyCartTotalPrice
[ERROR] 23-02-2026 12:00:25 [main] Log - Test case verifyCartTotalPrice is failed.
[ERROR] 23-02-2026 12:00:26 [main] Log - org.openqa.selenium.NoSuchElementException: no such element: Unable to locate element: {"method":"xpath","selector":"//strong[text()='Sub-Total:']/parent::td/following-sibling::td"}
  (Session info: chrome=145.0.7632.76)
For documentation on this error, please visit: https://www.selenium.dev/documentation/webdriver/troubleshooting/errors#no-such-element-exception
Build info: version: '4.29.0', revision: '5fc1ec94cb'
System info: os.name: 'Windows 11', os.arch: 'amd64', os.version: '10.0', java.version: '17.0.12'
Driver info: org.openqa.selenium.chrome.ChromeDriver
Command: [7fff27aa84cafe7fa1a0ae0285e03ad8, findElement {using=xpath, value=//strong[text()='Sub-Total:']/parent::td/following-sibling::td}]
Capabilities {acceptInsecureCerts: false, browserName: chrome, browserVersion: 145.0.7632.76, chrome: {chromedriverVersion: 145.0.7632.77 (da516187054a..., userDataDir: C:\Users\velvet\AppData\Loc...}, fedcm:accounts: true, goog:chromeOptions: {debuggerAddress: localhost:49248}, goog:processID: 18844, networkConnectionEnabled: false, pageLoadStrategy: normal, platformName: windows, proxy: Proxy(), se:cdp: ws://localhost:49248/devtoo..., se:cdpVersion: 145.0.7632.76, setWindowRect: true, strictFileInteractability: false, timeouts: {implicit: 0, pageLoad: 300000, script: 30000}, unhandledPromptBehavior: dismiss and notify, webauthn:extension:credBlob: true, webauthn:extension:largeBlob: true, webauthn:extension:minPinLength: true, webauthn:extension:prf: true, webauthn:virtualAuthenticators: true}
Session ID: 7fff27aa84cafe7fa1a0ae0285e03ad8
[INFO] 23-02-2026 12:00:28 [main] Log - End testing AutomationOpenCart
[INFO] 23-02-2026 12:02:05 [main] Log - Khởi tạo trình duyệt: chrome
[INFO] 23-02-2026 12:02:10 [main] Log - Cuộn tới phần tử: [[ChromeDriver: chrome on windows (45362287c704cb4ca0958666aab538df)] -> xpath: (//a[normalize-space()='MacBook'])[1]]
[INFO] 23-02-2026 12:02:12 [main] Log - Cuộn tới phần tử: [[ChromeDriver: chrome on windows (45362287c704cb4ca0958666aab538df)] -> xpath: //nav[@id='top']//li[4]]
[INFO] 23-02-2026 12:02:13 [main] Log - Running test case verifyProductsAddedToCart
[INFO] 23-02-2026 12:02:13 [main] Log - Đang xác thực giá trị đúng...

[INFO] 23-02-2026 12:02:13 [main] Log - Giá trị đúng
[INFO] 23-02-2026 12:02:13 [main] Log - Đang xác thực giá trị đúng...

[INFO] 23-02-2026 12:02:13 [main] Log - Giá trị đúng
[INFO] 23-02-2026 12:02:13 [main] Log - Test case verifyProductsAddedToCart is passed.
[INFO] 23-02-2026 12:02:15 [main] Log - Running test case verifyUpdateQuantityUpdatesTotalPrice
[INFO] 23-02-2026 12:02:16 [main] Log - Đang xác thực giá trị bằng nhau...
 - Thực tế: 1324.0
 - Kỳ vọng: 1324.0
[INFO] 23-02-2026 12:02:16 [main] Log - Test case verifyUpdateQuantityUpdatesTotalPrice is passed.
[INFO] 23-02-2026 12:02:18 [main] Log - Running test case verifyRemoveProduct
[INFO] 23-02-2026 12:02:34 [main] Log - Test case verifyRemoveProduct is passed.
[INFO] 23-02-2026 12:02:37 [main] Log - Running test case verifyReloadKeepsCartState
[INFO] 23-02-2026 12:02:37 [main] Log - Đang xác thực giá trị bằng nhau...
 - Thực tế: 3
 - Kỳ vọng: 3
[INFO] 23-02-2026 12:02:37 [main] Log - Test case verifyReloadKeepsCartState is passed.
[INFO] 23-02-2026 12:02:39 [main] Log - Running test case verifyQuantityZero
[INFO] 23-02-2026 12:02:55 [main] Log - Đang xác thực giá trị đúng...

[INFO] 23-02-2026 12:02:55 [main] Log - Giá trị đúng
[INFO] 23-02-2026 12:02:55 [main] Log - Test case verifyQuantityZero is passed.
[INFO] 23-02-2026 12:02:57 [main] Log - Running test case verifyNegativeQuantity
[INFO] 23-02-2026 12:03:13 [main] Log - Cuộn tới phần tử: [[ChromeDriver: chrome on windows (45362287c704cb4ca0958666aab538df)] -> xpath: (//a[normalize-space()='MacBook'])[1]]
[INFO] 23-02-2026 12:03:14 [main] Log - Cuộn tới phần tử: [[ChromeDriver: chrome on windows (45362287c704cb4ca0958666aab538df)] -> xpath: //nav[@id='top']//li[4]]
[ERROR] 23-02-2026 12:03:29 [main] Log - Test case verifyNegativeQuantity is failed.
[ERROR] 23-02-2026 12:03:29 [main] Log - org.openqa.selenium.NoSuchElementException: no such element: Unable to locate element: {"method":"xpath","selector":"//div[@class='table-responsive']//tbody/tr[.//a[normalize-space()='MacBook']]"}
  (Session info: chrome=145.0.7632.76)
For documentation on this error, please visit: https://www.selenium.dev/documentation/webdriver/troubleshooting/errors#no-such-element-exception
Build info: version: '4.29.0', revision: '5fc1ec94cb'
System info: os.name: 'Windows 11', os.arch: 'amd64', os.version: '10.0', java.version: '17.0.12'
Driver info: org.openqa.selenium.chrome.ChromeDriver
Command: [45362287c704cb4ca0958666aab538df, findElement {using=xpath, value=//div[@class='table-responsive']//tbody/tr[.//a[normalize-space()='MacBook']]}]
Capabilities {acceptInsecureCerts: false, browserName: chrome, browserVersion: 145.0.7632.76, chrome: {chromedriverVersion: 145.0.7632.77 (da516187054a..., userDataDir: C:\Users\velvet\AppData\Loc...}, fedcm:accounts: true, goog:chromeOptions: {debuggerAddress: localhost:61062}, goog:processID: 9060, networkConnectionEnabled: false, pageLoadStrategy: normal, platformName: windows, proxy: Proxy(), se:cdp: ws://localhost:61062/devtoo..., se:cdpVersion: 145.0.7632.76, setWindowRect: true, strictFileInteractability: false, timeouts: {implicit: 0, pageLoad: 300000, script: 30000}, unhandledPromptBehavior: dismiss and notify, webauthn:extension:credBlob: true, webauthn:extension:largeBlob: true, webauthn:extension:minPinLength: true, webauthn:extension:prf: true, webauthn:virtualAuthenticators: true}
Session ID: 45362287c704cb4ca0958666aab538df
[INFO] 23-02-2026 12:03:32 [main] Log - Running test case verifyInvalidQuantityText
[ERROR] 23-02-2026 12:03:47 [main] Log - Test case verifyInvalidQuantityText is failed.
[ERROR] 23-02-2026 12:03:47 [main] Log - org.openqa.selenium.NoSuchElementException: no such element: Unable to locate element: {"method":"xpath","selector":"//div[@class='table-responsive']//tbody/tr[.//a[normalize-space()='MacBook']]"}
  (Session info: chrome=145.0.7632.76)
For documentation on this error, please visit: https://www.selenium.dev/documentation/webdriver/troubleshooting/errors#no-such-element-exception
Build info: version: '4.29.0', revision: '5fc1ec94cb'
System info: os.name: 'Windows 11', os.arch: 'amd64', os.version: '10.0', java.version: '17.0.12'
Driver info: org.openqa.selenium.chrome.ChromeDriver
Command: [45362287c704cb4ca0958666aab538df, findElement {using=xpath, value=//div[@class='table-responsive']//tbody/tr[.//a[normalize-space()='MacBook']]}]
Capabilities {acceptInsecureCerts: false, browserName: chrome, browserVersion: 145.0.7632.76, chrome: {chromedriverVersion: 145.0.7632.77 (da516187054a..., userDataDir: C:\Users\velvet\AppData\Loc...}, fedcm:accounts: true, goog:chromeOptions: {debuggerAddress: localhost:61062}, goog:processID: 9060, networkConnectionEnabled: false, pageLoadStrategy: normal, platformName: windows, proxy: Proxy(), se:cdp: ws://localhost:61062/devtoo..., se:cdpVersion: 145.0.7632.76, setWindowRect: true, strictFileInteractability: false, timeouts: {implicit: 0, pageLoad: 300000, script: 30000}, unhandledPromptBehavior: dismiss and notify, webauthn:extension:credBlob: true, webauthn:extension:largeBlob: true, webauthn:extension:minPinLength: true, webauthn:extension:prf: true, webauthn:virtualAuthenticators: true}
Session ID: 45362287c704cb4ca0958666aab538df
[INFO] 23-02-2026 12:03:49 [main] Log - Running test case verifyCartTotalPrice
[ERROR] 23-02-2026 12:04:04 [main] Log - Test case verifyCartTotalPrice is failed.
[ERROR] 23-02-2026 12:04:05 [main] Log - org.openqa.selenium.NoSuchElementException: no such element: Unable to locate element: {"method":"xpath","selector":"//strong[text()='Sub-Total:']/parent::td/following-sibling::td"}
  (Session info: chrome=145.0.7632.76)
For documentation on this error, please visit: https://www.selenium.dev/documentation/webdriver/troubleshooting/errors#no-such-element-exception
Build info: version: '4.29.0', revision: '5fc1ec94cb'
System info: os.name: 'Windows 11', os.arch: 'amd64', os.version: '10.0', java.version: '17.0.12'
Driver info: org.openqa.selenium.chrome.ChromeDriver
Command: [45362287c704cb4ca0958666aab538df, findElement {using=xpath, value=//strong[text()='Sub-Total:']/parent::td/following-sibling::td}]
Capabilities {acceptInsecureCerts: false, browserName: chrome, browserVersion: 145.0.7632.76, chrome: {chromedriverVersion: 145.0.7632.77 (da516187054a..., userDataDir: C:\Users\velvet\AppData\Loc...}, fedcm:accounts: true, goog:chromeOptions: {debuggerAddress: localhost:61062}, goog:processID: 9060, networkConnectionEnabled: false, pageLoadStrategy: normal, platformName: windows, proxy: Proxy(), se:cdp: ws://localhost:61062/devtoo..., se:cdpVersion: 145.0.7632.76, setWindowRect: true, strictFileInteractability: false, timeouts: {implicit: 0, pageLoad: 300000, script: 30000}, unhandledPromptBehavior: dismiss and notify, webauthn:extension:credBlob: true, webauthn:extension:largeBlob: true, webauthn:extension:minPinLength: true, webauthn:extension:prf: true, webauthn:virtualAuthenticators: true}
Session ID: 45362287c704cb4ca0958666aab538df
[INFO] 23-02-2026 12:04:07 [main] Log - End testing AutomationOpenCart
[INFO] 23-02-2026 12:05:13 [main] Log - Khởi tạo trình duyệt: chrome
[INFO] 23-02-2026 12:05:18 [main] Log - Cuộn tới phần tử: [[ChromeDriver: chrome on windows (639d70cfef02fde1daf478a1c366916b)] -> xpath: (//a[normalize-space()='MacBook'])[1]]
[INFO] 23-02-2026 12:05:21 [main] Log - Cuộn tới phần tử: [[ChromeDriver: chrome on windows (639d70cfef02fde1daf478a1c366916b)] -> xpath: //nav[@id='top']//li[4]]
[INFO] 23-02-2026 12:05:21 [main] Log - Running test case verifyProductsAddedToCart
[INFO] 23-02-2026 12:05:22 [main] Log - Đang xác thực giá trị đúng...

[INFO] 23-02-2026 12:05:22 [main] Log - Giá trị đúng
[INFO] 23-02-2026 12:05:22 [main] Log - Đang xác thực giá trị đúng...

[INFO] 23-02-2026 12:05:22 [main] Log - Giá trị đúng
[INFO] 23-02-2026 12:05:22 [main] Log - Test case verifyProductsAddedToCart is passed.
[INFO] 23-02-2026 12:05:24 [main] Log - Running test case verifyUpdateQuantityUpdatesTotalPrice
[INFO] 23-02-2026 12:05:25 [main] Log - Đang xác thực giá trị bằng nhau...
 - Thực tế: 1324.0
 - Kỳ vọng: 1324.0
[INFO] 23-02-2026 12:05:25 [main] Log - Test case verifyUpdateQuantityUpdatesTotalPrice is passed.
[INFO] 23-02-2026 12:05:27 [main] Log - Running test case verifyRemoveProduct
[INFO] 23-02-2026 12:05:43 [main] Log - Test case verifyRemoveProduct is passed.
[INFO] 23-02-2026 12:05:45 [main] Log - Running test case verifyReloadKeepsCartState
[INFO] 23-02-2026 12:05:46 [main] Log - Đang xác thực giá trị bằng nhau...
 - Thực tế: 3
 - Kỳ vọng: 3
[INFO] 23-02-2026 12:05:46 [main] Log - Test case verifyReloadKeepsCartState is passed.
[INFO] 23-02-2026 12:05:49 [main] Log - Running test case verifyQuantityZero
[INFO] 23-02-2026 12:06:04 [main] Log - Đang xác thực giá trị đúng...

[INFO] 23-02-2026 12:06:04 [main] Log - Giá trị đúng
[INFO] 23-02-2026 12:06:04 [main] Log - Test case verifyQuantityZero is passed.
[INFO] 23-02-2026 12:06:06 [main] Log - Running test case verifyNegativeQuantity
[INFO] 23-02-2026 12:06:22 [main] Log - Cuộn tới phần tử: [[ChromeDriver: chrome on windows (639d70cfef02fde1daf478a1c366916b)] -> xpath: (//a[normalize-space()='MacBook'])[1]]
[INFO] 23-02-2026 12:06:23 [main] Log - Cuộn tới phần tử: [[ChromeDriver: chrome on windows (639d70cfef02fde1daf478a1c366916b)] -> xpath: //nav[@id='top']//li[4]]
[ERROR] 23-02-2026 12:06:38 [main] Log - Test case verifyNegativeQuantity is failed.
[ERROR] 23-02-2026 12:06:39 [main] Log - org.openqa.selenium.NoSuchElementException: no such element: Unable to locate element: {"method":"xpath","selector":"//div[@class='table-responsive']//tbody/tr[.//a[normalize-space()='MacBook']]"}
  (Session info: chrome=145.0.7632.76)
For documentation on this error, please visit: https://www.selenium.dev/documentation/webdriver/troubleshooting/errors#no-such-element-exception
Build info: version: '4.29.0', revision: '5fc1ec94cb'
System info: os.name: 'Windows 11', os.arch: 'amd64', os.version: '10.0', java.version: '17.0.12'
Driver info: org.openqa.selenium.chrome.ChromeDriver
Command: [639d70cfef02fde1daf478a1c366916b, findElement {value=//div[@class='table-responsive']//tbody/tr[.//a[normalize-space()='MacBook']], using=xpath}]
Capabilities {acceptInsecureCerts: false, browserName: chrome, browserVersion: 145.0.7632.76, chrome: {chromedriverVersion: 145.0.7632.77 (da516187054a..., userDataDir: C:\Users\velvet\AppData\Loc...}, fedcm:accounts: true, goog:chromeOptions: {debuggerAddress: localhost:49699}, goog:processID: 412, networkConnectionEnabled: false, pageLoadStrategy: normal, platformName: windows, proxy: Proxy(), se:cdp: ws://localhost:49699/devtoo..., se:cdpVersion: 145.0.7632.76, setWindowRect: true, strictFileInteractability: false, timeouts: {implicit: 0, pageLoad: 300000, script: 30000}, unhandledPromptBehavior: dismiss and notify, webauthn:extension:credBlob: true, webauthn:extension:largeBlob: true, webauthn:extension:minPinLength: true, webauthn:extension:prf: true, webauthn:virtualAuthenticators: true}
Session ID: 639d70cfef02fde1daf478a1c366916b
[INFO] 23-02-2026 12:06:41 [main] Log - Running test case verifyInvalidQuantityText
[ERROR] 23-02-2026 12:06:56 [main] Log - Test case verifyInvalidQuantityText is failed.
[ERROR] 23-02-2026 12:06:57 [main] Log - org.openqa.selenium.NoSuchElementException: no such element: Unable to locate element: {"method":"xpath","selector":"//div[@class='table-responsive']//tbody/tr[.//a[normalize-space()='MacBook']]"}
  (Session info: chrome=145.0.7632.76)
For documentation on this error, please visit: https://www.selenium.dev/documentation/webdriver/troubleshooting/errors#no-such-element-exception
Build info: version: '4.29.0', revision: '5fc1ec94cb'
System info: os.name: 'Windows 11', os.arch: 'amd64', os.version: '10.0', java.version: '17.0.12'
Driver info: org.openqa.selenium.chrome.ChromeDriver
Command: [639d70cfef02fde1daf478a1c366916b, findElement {value=//div[@class='table-responsive']//tbody/tr[.//a[normalize-space()='MacBook']], using=xpath}]
Capabilities {acceptInsecureCerts: false, browserName: chrome, browserVersion: 145.0.7632.76, chrome: {chromedriverVersion: 145.0.7632.77 (da516187054a..., userDataDir: C:\Users\velvet\AppData\Loc...}, fedcm:accounts: true, goog:chromeOptions: {debuggerAddress: localhost:49699}, goog:processID: 412, networkConnectionEnabled: false, pageLoadStrategy: normal, platformName: windows, proxy: Proxy(), se:cdp: ws://localhost:49699/devtoo..., se:cdpVersion: 145.0.7632.76, setWindowRect: true, strictFileInteractability: false, timeouts: {implicit: 0, pageLoad: 300000, script: 30000}, unhandledPromptBehavior: dismiss and notify, webauthn:extension:credBlob: true, webauthn:extension:largeBlob: true, webauthn:extension:minPinLength: true, webauthn:extension:prf: true, webauthn:virtualAuthenticators: true}
Session ID: 639d70cfef02fde1daf478a1c366916b
[INFO] 23-02-2026 12:06:59 [main] Log - Running test case verifyCartTotalPrice
[ERROR] 23-02-2026 12:07:14 [main] Log - Test case verifyCartTotalPrice is failed.
[ERROR] 23-02-2026 12:07:14 [main] Log - org.openqa.selenium.NoSuchElementException: no such element: Unable to locate element: {"method":"xpath","selector":"//strong[text()='Sub-Total:']/parent::td/following-sibling::td"}
  (Session info: chrome=145.0.7632.76)
For documentation on this error, please visit: https://www.selenium.dev/documentation/webdriver/troubleshooting/errors#no-such-element-exception
Build info: version: '4.29.0', revision: '5fc1ec94cb'
System info: os.name: 'Windows 11', os.arch: 'amd64', os.version: '10.0', java.version: '17.0.12'
Driver info: org.openqa.selenium.chrome.ChromeDriver
Command: [639d70cfef02fde1daf478a1c366916b, findElement {value=//strong[text()='Sub-Total:']/parent::td/following-sibling::td, using=xpath}]
Capabilities {acceptInsecureCerts: false, browserName: chrome, browserVersion: 145.0.7632.76, chrome: {chromedriverVersion: 145.0.7632.77 (da516187054a..., userDataDir: C:\Users\velvet\AppData\Loc...}, fedcm:accounts: true, goog:chromeOptions: {debuggerAddress: localhost:49699}, goog:processID: 412, networkConnectionEnabled: false, pageLoadStrategy: normal, platformName: windows, proxy: Proxy(), se:cdp: ws://localhost:49699/devtoo..., se:cdpVersion: 145.0.7632.76, setWindowRect: true, strictFileInteractability: false, timeouts: {implicit: 0, pageLoad: 300000, script: 30000}, unhandledPromptBehavior: dismiss and notify, webauthn:extension:credBlob: true, webauthn:extension:largeBlob: true, webauthn:extension:minPinLength: true, webauthn:extension:prf: true, webauthn:virtualAuthenticators: true}
Session ID: 639d70cfef02fde1daf478a1c366916b
[INFO] 23-02-2026 12:07:17 [main] Log - End testing AutomationOpenCart
[INFO] 23-02-2026 12:08:08 [main] Log - Khởi tạo trình duyệt: chrome
[INFO] 23-02-2026 12:08:13 [main] Log - Cuộn tới phần tử: [[ChromeDriver: chrome on windows (c4a50f45a9ce5dd9ad2bee9fbdf7f670)] -> xpath: (//a[normalize-space()='MacBook'])[1]]
[INFO] 23-02-2026 12:08:14 [main] Log - Cuộn tới phần tử: [[ChromeDriver: chrome on windows (c4a50f45a9ce5dd9ad2bee9fbdf7f670)] -> xpath: //nav[@id='top']//li[4]]
[INFO] 23-02-2026 12:08:14 [main] Log - Running test case verifyProductsAddedToCart
[INFO] 23-02-2026 12:08:15 [main] Log - Đang xác thực giá trị đúng...

[INFO] 23-02-2026 12:08:15 [main] Log - Giá trị đúng
[INFO] 23-02-2026 12:08:15 [main] Log - Đang xác thực giá trị đúng...

[INFO] 23-02-2026 12:08:15 [main] Log - Giá trị đúng
[INFO] 23-02-2026 12:08:15 [main] Log - Test case verifyProductsAddedToCart is passed.
[INFO] 23-02-2026 12:08:17 [main] Log - Running test case verifyUpdateQuantityUpdatesTotalPrice
[INFO] 23-02-2026 12:08:18 [main] Log - Đang xác thực giá trị bằng nhau...
 - Thực tế: 1324.0
 - Kỳ vọng: 1324.0
[INFO] 23-02-2026 12:08:18 [main] Log - Test case verifyUpdateQuantityUpdatesTotalPrice is passed.
[INFO] 23-02-2026 12:08:20 [main] Log - Running test case verifyRemoveProduct
[INFO] 23-02-2026 12:08:36 [main] Log - Test case verifyRemoveProduct is passed.
[INFO] 23-02-2026 12:08:38 [main] Log - Running test case verifyReloadKeepsCartState
[INFO] 23-02-2026 12:08:39 [main] Log - Đang xác thực giá trị bằng nhau...
 - Thực tế: 3
 - Kỳ vọng: 3
[INFO] 23-02-2026 12:08:39 [main] Log - Test case verifyReloadKeepsCartState is passed.
[INFO] 23-02-2026 12:08:42 [main] Log - Running test case verifyQuantityZero
[INFO] 23-02-2026 12:08:57 [main] Log - Đang xác thực giá trị đúng...

[INFO] 23-02-2026 12:08:57 [main] Log - Giá trị đúng
[INFO] 23-02-2026 12:08:57 [main] Log - Test case verifyQuantityZero is passed.
[INFO] 23-02-2026 12:09:00 [main] Log - Running test case verifyNegativeQuantity
[INFO] 23-02-2026 12:09:15 [main] Log - Cuộn tới phần tử: [[ChromeDriver: chrome on windows (c4a50f45a9ce5dd9ad2bee9fbdf7f670)] -> xpath: (//a[normalize-space()='MacBook'])[1]]
[INFO] 23-02-2026 12:09:16 [main] Log - Cuộn tới phần tử: [[ChromeDriver: chrome on windows (c4a50f45a9ce5dd9ad2bee9fbdf7f670)] -> xpath: //nav[@id='top']//li[4]]
[INFO] 23-02-2026 12:09:32 [main] Log - Đang xác thực giá trị đúng...

[INFO] 23-02-2026 12:09:32 [main] Log - Giá trị đúng
[INFO] 23-02-2026 12:09:32 [main] Log - Test case verifyNegativeQuantity is passed.
[INFO] 23-02-2026 12:09:35 [main] Log - Running test case verifyInvalidQuantityText
[INFO] 23-02-2026 12:09:51 [main] Log - Cuộn tới phần tử: [[ChromeDriver: chrome on windows (c4a50f45a9ce5dd9ad2bee9fbdf7f670)] -> xpath: (//a[normalize-space()='MacBook'])[1]]
[INFO] 23-02-2026 12:09:51 [main] Log - Cuộn tới phần tử: [[ChromeDriver: chrome on windows (c4a50f45a9ce5dd9ad2bee9fbdf7f670)] -> xpath: //nav[@id='top']//li[4]]
[ERROR] 23-02-2026 12:10:08 [main] Log - Test case verifyInvalidQuantityText is failed.
[ERROR] 23-02-2026 12:10:08 [main] Log - org.openqa.selenium.NoSuchElementException: no such element: Unable to locate element: {"method":"xpath","selector":"//div[@class='table-responsive']//tbody/tr[.//a[normalize-space()='MacBook']]"}
  (Session info: chrome=145.0.7632.76)
For documentation on this error, please visit: https://www.selenium.dev/documentation/webdriver/troubleshooting/errors#no-such-element-exception
Build info: version: '4.29.0', revision: '5fc1ec94cb'
System info: os.name: 'Windows 11', os.arch: 'amd64', os.version: '10.0', java.version: '17.0.12'
Driver info: org.openqa.selenium.chrome.ChromeDriver
Command: [c4a50f45a9ce5dd9ad2bee9fbdf7f670, findElement {using=xpath, value=//div[@class='table-responsive']//tbody/tr[.//a[normalize-space()='MacBook']]}]
Capabilities {acceptInsecureCerts: false, browserName: chrome, browserVersion: 145.0.7632.76, chrome: {chromedriverVersion: 145.0.7632.77 (da516187054a..., userDataDir: C:\Users\velvet\AppData\Loc...}, fedcm:accounts: true, goog:chromeOptions: {debuggerAddress: localhost:58550}, goog:processID: 14544, networkConnectionEnabled: false, pageLoadStrategy: normal, platformName: windows, proxy: Proxy(), se:cdp: ws://localhost:58550/devtoo..., se:cdpVersion: 145.0.7632.76, setWindowRect: true, strictFileInteractability: false, timeouts: {implicit: 0, pageLoad: 300000, script: 30000}, unhandledPromptBehavior: dismiss and notify, webauthn:extension:credBlob: true, webauthn:extension:largeBlob: true, webauthn:extension:minPinLength: true, webauthn:extension:prf: true, webauthn:virtualAuthenticators: true}
Session ID: c4a50f45a9ce5dd9ad2bee9fbdf7f670
[INFO] 23-02-2026 12:10:11 [main] Log - Running test case verifyCartTotalPrice
[INFO] 23-02-2026 12:10:26 [main] Log - Cuộn tới phần tử: [[ChromeDriver: chrome on windows (c4a50f45a9ce5dd9ad2bee9fbdf7f670)] -> xpath: (//a[normalize-space()='MacBook'])[1]]
[INFO] 23-02-2026 12:10:27 [main] Log - Cuộn tới phần tử: [[ChromeDriver: chrome on windows (c4a50f45a9ce5dd9ad2bee9fbdf7f670)] -> xpath: //nav[@id='top']//li[4]]
[INFO] 23-02-2026 12:10:28 [main] Log - Cuộn tới phần tử: [[ChromeDriver: chrome on windows (c4a50f45a9ce5dd9ad2bee9fbdf7f670)] -> xpath: //strong[text()='Sub-Total:']/parent::td/following-sibling::td]
[INFO] 23-02-2026 12:10:28 [main] Log - Đang xác thực giá trị đúng...

[INFO] 23-02-2026 12:10:28 [main] Log - Giá trị đúng
[INFO] 23-02-2026 12:10:28 [main] Log - Test case verifyCartTotalPrice is passed.
[INFO] 23-02-2026 12:10:31 [main] Log - End testing AutomationOpenCart
[INFO] 23-02-2026 12:11:50 [main] Log - Khởi tạo trình duyệt: chrome
[INFO] 23-02-2026 12:11:55 [main] Log - Cuộn tới phần tử: [[ChromeDriver: chrome on windows (46f27d2dc61c4faa84f647dee61efb49)] -> xpath: (//a[normalize-space()='MacBook'])[1]]
[INFO] 23-02-2026 12:11:57 [main] Log - Cuộn tới phần tử: [[ChromeDriver: chrome on windows (46f27d2dc61c4faa84f647dee61efb49)] -> xpath: //nav[@id='top']//li[4]]
[INFO] 23-02-2026 12:11:57 [main] Log - Running test case verifyProductsAddedToCart
[INFO] 23-02-2026 12:11:58 [main] Log - Đang xác thực giá trị đúng...

[INFO] 23-02-2026 12:11:58 [main] Log - Giá trị đúng
[INFO] 23-02-2026 12:11:58 [main] Log - Đang xác thực giá trị đúng...

[INFO] 23-02-2026 12:11:58 [main] Log - Giá trị đúng
[INFO] 23-02-2026 12:11:58 [main] Log - Test case verifyProductsAddedToCart is passed.
[INFO] 23-02-2026 12:12:00 [main] Log - Running test case verifyUpdateQuantityUpdatesTotalPrice
[INFO] 23-02-2026 12:12:01 [main] Log - Đang xác thực giá trị bằng nhau...
 - Thực tế: 1324.0
 - Kỳ vọng: 1324.0
[INFO] 23-02-2026 12:12:01 [main] Log - Test case verifyUpdateQuantityUpdatesTotalPrice is passed.
[INFO] 23-02-2026 12:12:03 [main] Log - Running test case verifyRemoveProduct
[INFO] 23-02-2026 12:12:19 [main] Log - Test case verifyRemoveProduct is passed.
[INFO] 23-02-2026 12:12:21 [main] Log - Running test case verifyReloadKeepsCartState
[INFO] 23-02-2026 12:12:22 [main] Log - Đang xác thực giá trị bằng nhau...
 - Thực tế: 3
 - Kỳ vọng: 3
[INFO] 23-02-2026 12:12:22 [main] Log - Test case verifyReloadKeepsCartState is passed.
[INFO] 23-02-2026 12:12:25 [main] Log - Running test case verifyQuantityZero
[ERROR] 23-02-2026 12:12:40 [main] Log - Test case verifyQuantityZero is failed.
[ERROR] 23-02-2026 12:12:40 [main] Log - org.openqa.selenium.NoSuchElementException: no such element: Unable to locate element: {"method":"xpath","selector":"//div[@class='table-responsive']//tbody/tr[.//a[normalize-space()='MacBook']]"}
  (Session info: chrome=145.0.7632.76)
For documentation on this error, please visit: https://www.selenium.dev/documentation/webdriver/troubleshooting/errors#no-such-element-exception
Build info: version: '4.29.0', revision: '5fc1ec94cb'
System info: os.name: 'Windows 11', os.arch: 'amd64', os.version: '10.0', java.version: '17.0.12'
Driver info: org.openqa.selenium.chrome.ChromeDriver
Command: [46f27d2dc61c4faa84f647dee61efb49, findElement {using=xpath, value=//div[@class='table-responsive']//tbody/tr[.//a[normalize-space()='MacBook']]}]
Capabilities {acceptInsecureCerts: false, browserName: chrome, browserVersion: 145.0.7632.76, chrome: {chromedriverVersion: 145.0.7632.77 (da516187054a..., userDataDir: C:\Users\velvet\AppData\Loc...}, fedcm:accounts: true, goog:chromeOptions: {debuggerAddress: localhost:62562}, goog:processID: 16548, networkConnectionEnabled: false, pageLoadStrategy: normal, platformName: windows, proxy: Proxy(), se:cdp: ws://localhost:62562/devtoo..., se:cdpVersion: 145.0.7632.76, setWindowRect: true, strictFileInteractability: false, timeouts: {implicit: 0, pageLoad: 300000, script: 30000}, unhandledPromptBehavior: dismiss and notify, webauthn:extension:credBlob: true, webauthn:extension:largeBlob: true, webauthn:extension:minPinLength: true, webauthn:extension:prf: true, webauthn:virtualAuthenticators: true}
Session ID: 46f27d2dc61c4faa84f647dee61efb49
[INFO] 23-02-2026 12:12:43 [main] Log - Running test case verifyNegativeQuantity
[INFO] 23-02-2026 12:12:58 [main] Log - Cuộn tới phần tử: [[ChromeDriver: chrome on windows (46f27d2dc61c4faa84f647dee61efb49)] -> xpath: (//a[normalize-space()='MacBook'])[1]]
[INFO] 23-02-2026 12:12:59 [main] Log - Cuộn tới phần tử: [[ChromeDriver: chrome on windows (46f27d2dc61c4faa84f647dee61efb49)] -> xpath: //nav[@id='top']//li[4]]
[ERROR] 23-02-2026 12:13:16 [main] Log - Test case verifyNegativeQuantity is failed.
[ERROR] 23-02-2026 12:13:16 [main] Log - org.openqa.selenium.NoSuchElementException: no such element: Unable to locate element: {"method":"xpath","selector":"//div[@class='table-responsive']//tbody/tr[.//a[normalize-space()='MacBook']]"}
  (Session info: chrome=145.0.7632.76)
For documentation on this error, please visit: https://www.selenium.dev/documentation/webdriver/troubleshooting/errors#no-such-element-exception
Build info: version: '4.29.0', revision: '5fc1ec94cb'
System info: os.name: 'Windows 11', os.arch: 'amd64', os.version: '10.0', java.version: '17.0.12'
Driver info: org.openqa.selenium.chrome.ChromeDriver
Command: [46f27d2dc61c4faa84f647dee61efb49, findElement {using=xpath, value=//div[@class='table-responsive']//tbody/tr[.//a[normalize-space()='MacBook']]}]
Capabilities {acceptInsecureCerts: false, browserName: chrome, browserVersion: 145.0.7632.76, chrome: {chromedriverVersion: 145.0.7632.77 (da516187054a..., userDataDir: C:\Users\velvet\AppData\Loc...}, fedcm:accounts: true, goog:chromeOptions: {debuggerAddress: localhost:62562}, goog:processID: 16548, networkConnectionEnabled: false, pageLoadStrategy: normal, platformName: windows, proxy: Proxy(), se:cdp: ws://localhost:62562/devtoo..., se:cdpVersion: 145.0.7632.76, setWindowRect: true, strictFileInteractability: false, timeouts: {implicit: 0, pageLoad: 300000, script: 30000}, unhandledPromptBehavior: dismiss and notify, webauthn:extension:credBlob: true, webauthn:extension:largeBlob: true, webauthn:extension:minPinLength: true, webauthn:extension:prf: true, webauthn:virtualAuthenticators: true}
Session ID: 46f27d2dc61c4faa84f647dee61efb49
[INFO] 23-02-2026 12:13:19 [main] Log - Running test case verifyInvalidQuantityText
[INFO] 23-02-2026 12:13:34 [main] Log - Cuộn tới phần tử: [[ChromeDriver: chrome on windows (46f27d2dc61c4faa84f647dee61efb49)] -> xpath: (//a[normalize-space()='MacBook'])[1]]
[INFO] 23-02-2026 12:13:35 [main] Log - Cuộn tới phần tử: [[ChromeDriver: chrome on windows (46f27d2dc61c4faa84f647dee61efb49)] -> xpath: //nav[@id='top']//li[4]]
[ERROR] 23-02-2026 12:13:50 [main] Log - Test case verifyInvalidQuantityText is failed.
[ERROR] 23-02-2026 12:13:51 [main] Log - org.openqa.selenium.NoSuchElementException: no such element: Unable to locate element: {"method":"xpath","selector":"//div[@class='table-responsive']//tbody/tr[.//a[normalize-space()='MacBook']]"}
  (Session info: chrome=145.0.7632.76)
For documentation on this error, please visit: https://www.selenium.dev/documentation/webdriver/troubleshooting/errors#no-such-element-exception
Build info: version: '4.29.0', revision: '5fc1ec94cb'
System info: os.name: 'Windows 11', os.arch: 'amd64', os.version: '10.0', java.version: '17.0.12'
Driver info: org.openqa.selenium.chrome.ChromeDriver
Command: [46f27d2dc61c4faa84f647dee61efb49, findElement {using=xpath, value=//div[@class='table-responsive']//tbody/tr[.//a[normalize-space()='MacBook']]}]
Capabilities {acceptInsecureCerts: false, browserName: chrome, browserVersion: 145.0.7632.76, chrome: {chromedriverVersion: 145.0.7632.77 (da516187054a..., userDataDir: C:\Users\velvet\AppData\Loc...}, fedcm:accounts: true, goog:chromeOptions: {debuggerAddress: localhost:62562}, goog:processID: 16548, networkConnectionEnabled: false, pageLoadStrategy: normal, platformName: windows, proxy: Proxy(), se:cdp: ws://localhost:62562/devtoo..., se:cdpVersion: 145.0.7632.76, setWindowRect: true, strictFileInteractability: false, timeouts: {implicit: 0, pageLoad: 300000, script: 30000}, unhandledPromptBehavior: dismiss and notify, webauthn:extension:credBlob: true, webauthn:extension:largeBlob: true, webauthn:extension:minPinLength: true, webauthn:extension:prf: true, webauthn:virtualAuthenticators: true}
Session ID: 46f27d2dc61c4faa84f647dee61efb49
[INFO] 23-02-2026 12:13:53 [main] Log - Running test case verifyCartTotalPrice
[ERROR] 23-02-2026 12:14:08 [main] Log - Test case verifyCartTotalPrice is failed.
[ERROR] 23-02-2026 12:14:09 [main] Log - org.openqa.selenium.NoSuchElementException: no such element: Unable to locate element: {"method":"xpath","selector":"//strong[text()='Sub-Total:']/parent::td/following-sibling::td"}
  (Session info: chrome=145.0.7632.76)
For documentation on this error, please visit: https://www.selenium.dev/documentation/webdriver/troubleshooting/errors#no-such-element-exception
Build info: version: '4.29.0', revision: '5fc1ec94cb'
System info: os.name: 'Windows 11', os.arch: 'amd64', os.version: '10.0', java.version: '17.0.12'
Driver info: org.openqa.selenium.chrome.ChromeDriver
Command: [46f27d2dc61c4faa84f647dee61efb49, findElement {using=xpath, value=//strong[text()='Sub-Total:']/parent::td/following-sibling::td}]
Capabilities {acceptInsecureCerts: false, browserName: chrome, browserVersion: 145.0.7632.76, chrome: {chromedriverVersion: 145.0.7632.77 (da516187054a..., userDataDir: C:\Users\velvet\AppData\Loc...}, fedcm:accounts: true, goog:chromeOptions: {debuggerAddress: localhost:62562}, goog:processID: 16548, networkConnectionEnabled: false, pageLoadStrategy: normal, platformName: windows, proxy: Proxy(), se:cdp: ws://localhost:62562/devtoo..., se:cdpVersion: 145.0.7632.76, setWindowRect: true, strictFileInteractability: false, timeouts: {implicit: 0, pageLoad: 300000, script: 30000}, unhandledPromptBehavior: dismiss and notify, webauthn:extension:credBlob: true, webauthn:extension:largeBlob: true, webauthn:extension:minPinLength: true, webauthn:extension:prf: true, webauthn:virtualAuthenticators: true}
Session ID: 46f27d2dc61c4faa84f647dee61efb49
[INFO] 23-02-2026 12:14:11 [main] Log - End testing AutomationOpenCart
[INFO] 23-02-2026 12:15:15 [main] Log - Khởi tạo trình duyệt: chrome
[INFO] 23-02-2026 12:15:19 [main] Log - Cuộn tới phần tử: [[ChromeDriver: chrome on windows (f09f511c05b4d55d568b306d6dfa786e)] -> xpath: (//a[normalize-space()='MacBook'])[1]]
[INFO] 23-02-2026 12:15:20 [main] Log - Cuộn tới phần tử: [[ChromeDriver: chrome on windows (f09f511c05b4d55d568b306d6dfa786e)] -> xpath: //nav[@id='top']//li[4]]
[INFO] 23-02-2026 12:15:20 [main] Log - Running test case verifyProductsAddedToCart
[INFO] 23-02-2026 12:15:21 [main] Log - Đang xác thực giá trị đúng...

[INFO] 23-02-2026 12:15:21 [main] Log - Giá trị đúng
[INFO] 23-02-2026 12:15:21 [main] Log - Đang xác thực giá trị đúng...

[INFO] 23-02-2026 12:15:21 [main] Log - Giá trị đúng
[INFO] 23-02-2026 12:15:21 [main] Log - Test case verifyProductsAddedToCart is passed.
[INFO] 23-02-2026 12:15:23 [main] Log - Running test case verifyUpdateQuantityUpdatesTotalPrice
[ERROR] 23-02-2026 12:15:38 [main] Log - Test case verifyUpdateQuantityUpdatesTotalPrice is failed.
[ERROR] 23-02-2026 12:15:39 [main] Log - org.openqa.selenium.NoSuchElementException: no such element: Unable to locate element: {"method":"xpath","selector":"//div[@class='table-responsive']//tbody/tr[.//a[normalize-space()='MacBook']]"}
  (Session info: chrome=145.0.7632.76)
For documentation on this error, please visit: https://www.selenium.dev/documentation/webdriver/troubleshooting/errors#no-such-element-exception
Build info: version: '4.29.0', revision: '5fc1ec94cb'
System info: os.name: 'Windows 11', os.arch: 'amd64', os.version: '10.0', java.version: '17.0.12'
Driver info: org.openqa.selenium.chrome.ChromeDriver
Command: [f09f511c05b4d55d568b306d6dfa786e, findElement {value=//div[@class='table-responsive']//tbody/tr[.//a[normalize-space()='MacBook']], using=xpath}]
Capabilities {acceptInsecureCerts: false, browserName: chrome, browserVersion: 145.0.7632.76, chrome: {chromedriverVersion: 145.0.7632.77 (da516187054a..., userDataDir: C:\Users\velvet\AppData\Loc...}, fedcm:accounts: true, goog:chromeOptions: {debuggerAddress: localhost:51734}, goog:processID: 18856, networkConnectionEnabled: false, pageLoadStrategy: normal, platformName: windows, proxy: Proxy(), se:cdp: ws://localhost:51734/devtoo..., se:cdpVersion: 145.0.7632.76, setWindowRect: true, strictFileInteractability: false, timeouts: {implicit: 0, pageLoad: 300000, script: 30000}, unhandledPromptBehavior: dismiss and notify, webauthn:extension:credBlob: true, webauthn:extension:largeBlob: true, webauthn:extension:minPinLength: true, webauthn:extension:prf: true, webauthn:virtualAuthenticators: true}
Session ID: f09f511c05b4d55d568b306d6dfa786e
[INFO] 23-02-2026 12:15:41 [main] Log - Running test case verifyRemoveProduct
[ERROR] 23-02-2026 12:15:55 [main] Log - Test case verifyRemoveProduct is failed.
[ERROR] 23-02-2026 12:15:55 [main] Log - Test case verifyRemoveProduct is failed.
[INFO] 23-02-2026 12:15:55 [main] Log - End testing AutomationOpenCart
[INFO] 23-02-2026 14:18:36 [main] Log - Khởi tạo trình duyệt: chrome
[INFO] 23-02-2026 14:18:46 [main] Log - Cuộn tới phần tử: [[ChromeDriver: chrome on windows (223d4cb3b1b73d7650078e5ceaa45410)] -> xpath: (//a[normalize-space()='MacBook'])[1]]
[INFO] 23-02-2026 14:18:47 [main] Log - Cuộn tới phần tử: [[ChromeDriver: chrome on windows (223d4cb3b1b73d7650078e5ceaa45410)] -> xpath: //nav[@id='top']//li[4]]
[INFO] 23-02-2026 14:18:48 [main] Log - Running test case verifyProductsAddedToCart
[INFO] 23-02-2026 14:18:48 [main] Log - Đang xác thực giá trị đúng...

[INFO] 23-02-2026 14:18:48 [main] Log - Giá trị đúng
[INFO] 23-02-2026 14:18:48 [main] Log - Đang xác thực giá trị đúng...

[INFO] 23-02-2026 14:18:48 [main] Log - Giá trị đúng
[INFO] 23-02-2026 14:18:48 [main] Log - Test case verifyProductsAddedToCart is passed.
[INFO] 23-02-2026 14:18:52 [main] Log - Running test case verifyUpdateQuantityUpdatesTotalPrice
[INFO] 23-02-2026 14:18:53 [main] Log - Đang xác thực giá trị bằng nhau...
 - Thực tế: 1324.0
 - Kỳ vọng: 1324.0
[INFO] 23-02-2026 14:18:53 [main] Log - Test case verifyUpdateQuantityUpdatesTotalPrice is passed.
[INFO] 23-02-2026 14:18:56 [main] Log - Running test case verifyRemoveProduct
[INFO] 23-02-2026 14:19:11 [main] Log - Test case verifyRemoveProduct is passed.
[INFO] 23-02-2026 14:19:14 [main] Log - Running test case verifyReloadKeepsCartState
[INFO] 23-02-2026 14:19:15 [main] Log - Đang xác thực giá trị bằng nhau...
 - Thực tế: 3
 - Kỳ vọng: 3
[INFO] 23-02-2026 14:19:15 [main] Log - Test case verifyReloadKeepsCartState is passed.
[INFO] 23-02-2026 14:19:17 [main] Log - Running test case verifyQuantityZero
[INFO] 23-02-2026 14:19:33 [main] Log - Đang xác thực giá trị đúng...

[INFO] 23-02-2026 14:19:33 [main] Log - Giá trị đúng
[INFO] 23-02-2026 14:19:33 [main] Log - Test case verifyQuantityZero is passed.
[INFO] 23-02-2026 14:19:35 [main] Log - Running test case verifyNegativeQuantity
[INFO] 23-02-2026 14:19:51 [main] Log - Cuộn tới phần tử: [[ChromeDriver: chrome on windows (223d4cb3b1b73d7650078e5ceaa45410)] -> xpath: (//a[normalize-space()='MacBook'])[1]]
[INFO] 23-02-2026 14:19:52 [main] Log - Cuộn tới phần tử: [[ChromeDriver: chrome on windows (223d4cb3b1b73d7650078e5ceaa45410)] -> xpath: //nav[@id='top']//li[4]]
[INFO] 23-02-2026 14:19:53 [main] Log - Đang xác thực giá trị đúng...

[ERROR] 23-02-2026 14:19:53 [main] Log - Test case verifyNegativeQuantity is failed.
[ERROR] 23-02-2026 14:19:53 [main] Log - java.lang.RuntimeException: Kiểm tra thất bại: Lỗi: Hệ thống không xử lý đúng khi nhập số lượng = -1
[INFO] 23-02-2026 14:19:56 [main] Log - Running test case verifyInvalidQuantityText
[INFO] 23-02-2026 14:20:11 [main] Log - Cuộn tới phần tử: [[ChromeDriver: chrome on windows (223d4cb3b1b73d7650078e5ceaa45410)] -> xpath: (//a[normalize-space()='MacBook'])[1]]
[INFO] 23-02-2026 14:20:12 [main] Log - Cuộn tới phần tử: [[ChromeDriver: chrome on windows (223d4cb3b1b73d7650078e5ceaa45410)] -> xpath: //nav[@id='top']//li[4]]
[INFO] 23-02-2026 14:20:29 [main] Log - Đang xác thực giá trị đúng...

[INFO] 23-02-2026 14:20:29 [main] Log - Giá trị đúng
[INFO] 23-02-2026 14:20:29 [main] Log - Test case verifyInvalidQuantityText is passed.
[INFO] 23-02-2026 14:20:32 [main] Log - Running test case verifyCartTotalPrice
[INFO] 23-02-2026 14:20:47 [main] Log - Cuộn tới phần tử: [[ChromeDriver: chrome on windows (223d4cb3b1b73d7650078e5ceaa45410)] -> xpath: (//a[normalize-space()='MacBook'])[1]]
[INFO] 23-02-2026 14:20:49 [main] Log - Cuộn tới phần tử: [[ChromeDriver: chrome on windows (223d4cb3b1b73d7650078e5ceaa45410)] -> xpath: //nav[@id='top']//li[4]]
[ERROR] 23-02-2026 14:21:04 [main] Log - Test case verifyCartTotalPrice is failed.
[ERROR] 23-02-2026 14:21:04 [main] Log - org.openqa.selenium.NoSuchElementException: no such element: Unable to locate element: {"method":"xpath","selector":"//strong[text()='Sub-Total:']/parent::td/following-sibling::td"}
  (Session info: chrome=145.0.7632.76)
For documentation on this error, please visit: https://www.selenium.dev/documentation/webdriver/troubleshooting/errors#no-such-element-exception
Build info: version: '4.29.0', revision: '5fc1ec94cb'
System info: os.name: 'Windows 11', os.arch: 'amd64', os.version: '10.0', java.version: '17.0.12'
Driver info: org.openqa.selenium.chrome.ChromeDriver
Command: [223d4cb3b1b73d7650078e5ceaa45410, findElement {value=//strong[text()='Sub-Total:']/parent::td/following-sibling::td, using=xpath}]
Capabilities {acceptInsecureCerts: false, browserName: chrome, browserVersion: 145.0.7632.76, chrome: {chromedriverVersion: 145.0.7632.77 (da516187054a..., userDataDir: C:\Users\velvet\AppData\Loc...}, fedcm:accounts: true, goog:chromeOptions: {debuggerAddress: localhost:54890}, goog:processID: 17664, networkConnectionEnabled: false, pageLoadStrategy: normal, platformName: windows, proxy: Proxy(), se:cdp: ws://localhost:54890/devtoo..., se:cdpVersion: 145.0.7632.76, setWindowRect: true, strictFileInteractability: false, timeouts: {implicit: 0, pageLoad: 300000, script: 30000}, unhandledPromptBehavior: dismiss and notify, webauthn:extension:credBlob: true, webauthn:extension:largeBlob: true, webauthn:extension:minPinLength: true, webauthn:extension:prf: true, webauthn:virtualAuthenticators: true}
Session ID: 223d4cb3b1b73d7650078e5ceaa45410
[INFO] 23-02-2026 14:21:07 [main] Log - End testing AutomationOpenCart
[INFO] 23-02-2026 14:26:09 [main] Log - Khởi tạo trình duyệt: chrome
[ERROR] 23-02-2026 14:26:23 [main] Log - Hết thời gian chờ phần tử có thể click: [[ChromeDriver: chrome on windows (62b05dfc5fffb7ab4a1a7f497e31fff4)] -> xpath: //button[@class='btn btn-default btn-lg']]
[INFO] 23-02-2026 14:26:23 [main] Log - Running test case verifyProductsAddedToCart
[ERROR] 23-02-2026 14:26:24 [main] Log - Test case verifyProductsAddedToCart is skipped.
[ERROR] 23-02-2026 14:26:24 [main] Log - java.lang.RuntimeException: Không thể tìm thấy phần tử có thể click: [[ChromeDriver: chrome on windows (62b05dfc5fffb7ab4a1a7f497e31fff4)] -> xpath: //button[@class='btn btn-default btn-lg']]
[INFO] 23-02-2026 14:26:26 [main] Log - Running test case verifyUpdateQuantityUpdatesTotalPrice
[ERROR] 23-02-2026 14:26:26 [main] Log - Test case verifyUpdateQuantityUpdatesTotalPrice is skipped.
[ERROR] 23-02-2026 14:26:26 [main] Log - java.lang.RuntimeException: Không thể tìm thấy phần tử có thể click: [[ChromeDriver: chrome on windows (62b05dfc5fffb7ab4a1a7f497e31fff4)] -> xpath: //button[@class='btn btn-default btn-lg']]
[INFO] 23-02-2026 14:26:28 [main] Log - Running test case verifyRemoveProduct
[ERROR] 23-02-2026 14:26:28 [main] Log - Test case verifyRemoveProduct is skipped.
[ERROR] 23-02-2026 14:26:28 [main] Log - java.lang.RuntimeException: Không thể tìm thấy phần tử có thể click: [[ChromeDriver: chrome on windows (62b05dfc5fffb7ab4a1a7f497e31fff4)] -> xpath: //button[@class='btn btn-default btn-lg']]
[INFO] 23-02-2026 14:26:30 [main] Log - Running test case verifyReloadKeepsCartState
[ERROR] 23-02-2026 14:26:30 [main] Log - Test case verifyReloadKeepsCartState is skipped.
[ERROR] 23-02-2026 14:26:30 [main] Log - java.lang.RuntimeException: Không thể tìm thấy phần tử có thể click: [[ChromeDriver: chrome on windows (62b05dfc5fffb7ab4a1a7f497e31fff4)] -> xpath: //button[@class='btn btn-default btn-lg']]
[INFO] 23-02-2026 14:26:33 [main] Log - Running test case verifyQuantityZero
[ERROR] 23-02-2026 14:26:33 [main] Log - Test case verifyQuantityZero is skipped.
[ERROR] 23-02-2026 14:26:33 [main] Log - java.lang.RuntimeException: Không thể tìm thấy phần tử có thể click: [[ChromeDriver: chrome on windows (62b05dfc5fffb7ab4a1a7f497e31fff4)] -> xpath: //button[@class='btn btn-default btn-lg']]
[INFO] 23-02-2026 14:26:35 [main] Log - Running test case verifyNegativeQuantity
[ERROR] 23-02-2026 14:26:35 [main] Log - Test case verifyNegativeQuantity is skipped.
[ERROR] 23-02-2026 14:26:35 [main] Log - java.lang.RuntimeException: Không thể tìm thấy phần tử có thể click: [[ChromeDriver: chrome on windows (62b05dfc5fffb7ab4a1a7f497e31fff4)] -> xpath: //button[@class='btn btn-default btn-lg']]
[INFO] 23-02-2026 14:26:38 [main] Log - Running test case verifyInvalidQuantityText
[ERROR] 23-02-2026 14:26:38 [main] Log - Test case verifyInvalidQuantityText is skipped.
[ERROR] 23-02-2026 14:26:38 [main] Log - java.lang.RuntimeException: Không thể tìm thấy phần tử có thể click: [[ChromeDriver: chrome on windows (62b05dfc5fffb7ab4a1a7f497e31fff4)] -> xpath: //button[@class='btn btn-default btn-lg']]
[INFO] 23-02-2026 14:26:40 [main] Log - Running test case verifyCartTotalPrice
[ERROR] 23-02-2026 14:26:40 [main] Log - Test case verifyCartTotalPrice is skipped.
[ERROR] 23-02-2026 14:26:40 [main] Log - java.lang.RuntimeException: Không thể tìm thấy phần tử có thể click: [[ChromeDriver: chrome on windows (62b05dfc5fffb7ab4a1a7f497e31fff4)] -> xpath: //button[@class='btn btn-default btn-lg']]
[INFO] 23-02-2026 14:26:43 [main] Log - End testing Cart Test Execution
[INFO] 23-02-2026 14:27:25 [main] Log - Khởi tạo trình duyệt: chrome
[INFO] 23-02-2026 14:29:30 [main] Log - Khởi tạo trình duyệt: chrome
[INFO] 23-02-2026 14:30:31 [main] Log - Khởi tạo trình duyệt: chrome
[INFO] 23-02-2026 14:32:14 [main] Log - Khởi tạo trình duyệt: chrome
[INFO] 23-02-2026 14:32:18 [main] Log - Cuộn tới phần tử: [[ChromeDriver: chrome on windows (69b5584ae2f7c04f660eab578c7d0242)] -> xpath: (//a[normalize-space()='MacBook'])[1]]
[INFO] 23-02-2026 14:32:20 [main] Log - Cuộn tới phần tử: [[ChromeDriver: chrome on windows (69b5584ae2f7c04f660eab578c7d0242)] -> xpath: //nav[@id='top']//li[4]]
[INFO] 23-02-2026 14:32:21 [main] Log - Running test case verifyProductsAddedToCart
[INFO] 23-02-2026 14:32:21 [main] Log - Đang xác thực giá trị đúng...

[INFO] 23-02-2026 14:32:21 [main] Log - Giá trị đúng
[INFO] 23-02-2026 14:32:21 [main] Log - Đang xác thực giá trị đúng...

[INFO] 23-02-2026 14:32:21 [main] Log - Giá trị đúng
[INFO] 23-02-2026 14:32:21 [main] Log - Test case verifyProductsAddedToCart is passed.
[INFO] 23-02-2026 14:32:24 [main] Log - Running test case verifyUpdateQuantityUpdatesTotalPrice
[INFO] 23-02-2026 14:32:25 [main] Log - Đang xác thực giá trị bằng nhau...
 - Thực tế: 1324.0
 - Kỳ vọng: 1324.0
[INFO] 23-02-2026 14:32:25 [main] Log - Test case verifyUpdateQuantityUpdatesTotalPrice is passed.
[INFO] 23-02-2026 14:32:27 [main] Log - Running test case verifyRemoveProduct
[INFO] 23-02-2026 14:32:43 [main] Log - Test case verifyRemoveProduct is passed.
[INFO] 23-02-2026 14:32:45 [main] Log - Running test case verifyReloadKeepsCartState
[INFO] 23-02-2026 14:32:46 [main] Log - Đang xác thực giá trị bằng nhau...
 - Thực tế: 3
 - Kỳ vọng: 3
[INFO] 23-02-2026 14:32:46 [main] Log - Test case verifyReloadKeepsCartState is passed.
[INFO] 23-02-2026 14:32:48 [main] Log - Running test case verifyQuantityZero
[INFO] 23-02-2026 14:33:04 [main] Log - Đang xác thực giá trị đúng...

[INFO] 23-02-2026 14:33:04 [main] Log - Giá trị đúng
[INFO] 23-02-2026 14:33:04 [main] Log - Test case verifyQuantityZero is passed.
[INFO] 23-02-2026 14:33:06 [main] Log - Running test case verifyNegativeQuantity
[INFO] 23-02-2026 14:33:22 [main] Log - Cuộn tới phần tử: [[ChromeDriver: chrome on windows (69b5584ae2f7c04f660eab578c7d0242)] -> xpath: (//a[normalize-space()='MacBook'])[1]]
[INFO] 23-02-2026 14:33:23 [main] Log - Cuộn tới phần tử: [[ChromeDriver: chrome on windows (69b5584ae2f7c04f660eab578c7d0242)] -> xpath: //nav[@id='top']//li[4]]
[ERROR] 23-02-2026 14:33:38 [main] Log - Test case verifyNegativeQuantity is failed.
[ERROR] 23-02-2026 14:33:38 [main] Log - org.openqa.selenium.NoSuchElementException: no such element: Unable to locate element: {"method":"xpath","selector":"//div[@class='table-responsive']//tbody/tr[.//a[normalize-space()='MacBook']]"}
  (Session info: chrome=145.0.7632.76)
For documentation on this error, please visit: https://www.selenium.dev/documentation/webdriver/troubleshooting/errors#no-such-element-exception
Build info: version: '4.29.0', revision: '5fc1ec94cb'
System info: os.name: 'Windows 11', os.arch: 'amd64', os.version: '10.0', java.version: '17.0.12'
Driver info: org.openqa.selenium.chrome.ChromeDriver
Command: [69b5584ae2f7c04f660eab578c7d0242, findElement {using=xpath, value=//div[@class='table-responsive']//tbody/tr[.//a[normalize-space()='MacBook']]}]
Capabilities {acceptInsecureCerts: false, browserName: chrome, browserVersion: 145.0.7632.76, chrome: {chromedriverVersion: 145.0.7632.77 (da516187054a..., userDataDir: C:\Users\velvet\AppData\Loc...}, fedcm:accounts: true, goog:chromeOptions: {debuggerAddress: localhost:59115}, goog:processID: 15772, networkConnectionEnabled: false, pageLoadStrategy: normal, platformName: windows, proxy: Proxy(), se:cdp: ws://localhost:59115/devtoo..., se:cdpVersion: 145.0.7632.76, setWindowRect: true, strictFileInteractability: false, timeouts: {implicit: 0, pageLoad: 300000, script: 30000}, unhandledPromptBehavior: dismiss and notify, webauthn:extension:credBlob: true, webauthn:extension:largeBlob: true, webauthn:extension:minPinLength: true, webauthn:extension:prf: true, webauthn:virtualAuthenticators: true}
Session ID: 69b5584ae2f7c04f660eab578c7d0242
[INFO] 23-02-2026 14:33:41 [main] Log - Running test case verifyInvalidQuantityText
[ERROR] 23-02-2026 14:33:56 [main] Log - Test case verifyInvalidQuantityText is failed.
[ERROR] 23-02-2026 14:33:56 [main] Log - org.openqa.selenium.NoSuchElementException: no such element: Unable to locate element: {"method":"xpath","selector":"//div[@class='table-responsive']//tbody/tr[.//a[normalize-space()='MacBook']]"}
  (Session info: chrome=145.0.7632.76)
For documentation on this error, please visit: https://www.selenium.dev/documentation/webdriver/troubleshooting/errors#no-such-element-exception
Build info: version: '4.29.0', revision: '5fc1ec94cb'
System info: os.name: 'Windows 11', os.arch: 'amd64', os.version: '10.0', java.version: '17.0.12'
Driver info: org.openqa.selenium.chrome.ChromeDriver
Command: [69b5584ae2f7c04f660eab578c7d0242, findElement {using=xpath, value=//div[@class='table-responsive']//tbody/tr[.//a[normalize-space()='MacBook']]}]
Capabilities {acceptInsecureCerts: false, browserName: chrome, browserVersion: 145.0.7632.76, chrome: {chromedriverVersion: 145.0.7632.77 (da516187054a..., userDataDir: C:\Users\velvet\AppData\Loc...}, fedcm:accounts: true, goog:chromeOptions: {debuggerAddress: localhost:59115}, goog:processID: 15772, networkConnectionEnabled: false, pageLoadStrategy: normal, platformName: windows, proxy: Proxy(), se:cdp: ws://localhost:59115/devtoo..., se:cdpVersion: 145.0.7632.76, setWindowRect: true, strictFileInteractability: false, timeouts: {implicit: 0, pageLoad: 300000, script: 30000}, unhandledPromptBehavior: dismiss and notify, webauthn:extension:credBlob: true, webauthn:extension:largeBlob: true, webauthn:extension:minPinLength: true, webauthn:extension:prf: true, webauthn:virtualAuthenticators: true}
Session ID: 69b5584ae2f7c04f660eab578c7d0242
[INFO] 23-02-2026 14:33:58 [main] Log - Running test case verifyCartTotalPrice
[ERROR] 23-02-2026 14:34:14 [main] Log - Test case verifyCartTotalPrice is failed.
[ERROR] 23-02-2026 14:34:14 [main] Log - org.openqa.selenium.NoSuchElementException: no such element: Unable to locate element: {"method":"xpath","selector":"//strong[text()='Sub-Total:']/parent::td/following-sibling::td"}
  (Session info: chrome=145.0.7632.76)
For documentation on this error, please visit: https://www.selenium.dev/documentation/webdriver/troubleshooting/errors#no-such-element-exception
Build info: version: '4.29.0', revision: '5fc1ec94cb'
System info: os.name: 'Windows 11', os.arch: 'amd64', os.version: '10.0', java.version: '17.0.12'
Driver info: org.openqa.selenium.chrome.ChromeDriver
Command: [69b5584ae2f7c04f660eab578c7d0242, findElement {using=xpath, value=//strong[text()='Sub-Total:']/parent::td/following-sibling::td}]
Capabilities {acceptInsecureCerts: false, browserName: chrome, browserVersion: 145.0.7632.76, chrome: {chromedriverVersion: 145.0.7632.77 (da516187054a..., userDataDir: C:\Users\velvet\AppData\Loc...}, fedcm:accounts: true, goog:chromeOptions: {debuggerAddress: localhost:59115}, goog:processID: 15772, networkConnectionEnabled: false, pageLoadStrategy: normal, platformName: windows, proxy: Proxy(), se:cdp: ws://localhost:59115/devtoo..., se:cdpVersion: 145.0.7632.76, setWindowRect: true, strictFileInteractability: false, timeouts: {implicit: 0, pageLoad: 300000, script: 30000}, unhandledPromptBehavior: dismiss and notify, webauthn:extension:credBlob: true, webauthn:extension:largeBlob: true, webauthn:extension:minPinLength: true, webauthn:extension:prf: true, webauthn:virtualAuthenticators: true}
Session ID: 69b5584ae2f7c04f660eab578c7d0242
[INFO] 23-02-2026 14:34:16 [main] Log - End testing AutomationOpenCart
[INFO] 23-02-2026 14:34:56 [main] Log - Khởi tạo trình duyệt: chrome
[INFO] 23-02-2026 14:35:01 [main] Log - Cuộn tới phần tử: [[ChromeDriver: chrome on windows (6ac384ad07729cfc3ffb6bbd8f47fb43)] -> xpath: (//a[normalize-space()='MacBook'])[1]]
[INFO] 23-02-2026 14:35:03 [main] Log - Running test case verifyProductsAddedToCart
[INFO] 23-02-2026 14:35:04 [main] Log - Đang xác thực giá trị đúng...

[INFO] 23-02-2026 14:35:04 [main] Log - Giá trị đúng
[INFO] 23-02-2026 14:35:04 [main] Log - Đang xác thực giá trị đúng...

[INFO] 23-02-2026 14:35:04 [main] Log - Giá trị đúng
[INFO] 23-02-2026 14:35:04 [main] Log - Test case verifyProductsAddedToCart is passed.
[INFO] 23-02-2026 14:35:06 [main] Log - Running test case verifyUpdateQuantityUpdatesTotalPrice
[ERROR] 23-02-2026 14:35:17 [main] Log - Test case verifyUpdateQuantityUpdatesTotalPrice is failed.
[ERROR] 23-02-2026 14:35:17 [main] Log - Test case verifyUpdateQuantityUpdatesTotalPrice is failed.
[INFO] 23-02-2026 14:35:17 [main] Log - End testing AutomationOpenCart
[INFO] 23-02-2026 14:35:59 [main] Log - Khởi tạo trình duyệt: chrome
[INFO] 23-02-2026 14:36:04 [main] Log - Cuộn tới phần tử: [[ChromeDriver: chrome on windows (bccf067e9d6638dcf1c3088706a77442)] -> xpath: (//a[normalize-space()='MacBook'])[1]]
[INFO] 23-02-2026 14:36:07 [main] Log - Running test case verifyProductsAddedToCart
[INFO] 23-02-2026 14:36:07 [main] Log - Đang xác thực giá trị đúng...

[INFO] 23-02-2026 14:36:07 [main] Log - Giá trị đúng
[INFO] 23-02-2026 14:36:07 [main] Log - Đang xác thực giá trị đúng...

[INFO] 23-02-2026 14:36:07 [main] Log - Giá trị đúng
[INFO] 23-02-2026 14:36:07 [main] Log - Test case verifyProductsAddedToCart is passed.
[INFO] 23-02-2026 14:36:09 [main] Log - Running test case verifyUpdateQuantityUpdatesTotalPrice
[ERROR] 23-02-2026 14:36:25 [main] Log - Test case verifyUpdateQuantityUpdatesTotalPrice is failed.
[ERROR] 23-02-2026 14:36:25 [main] Log - org.openqa.selenium.NoSuchElementException: no such element: Unable to locate element: {"method":"xpath","selector":"//div[@class='table-responsive']//tbody/tr[.//a[normalize-space()='MacBook']]"}
  (Session info: chrome=145.0.7632.76)
For documentation on this error, please visit: https://www.selenium.dev/documentation/webdriver/troubleshooting/errors#no-such-element-exception
Build info: version: '4.29.0', revision: '5fc1ec94cb'
System info: os.name: 'Windows 11', os.arch: 'amd64', os.version: '10.0', java.version: '17.0.12'
Driver info: org.openqa.selenium.chrome.ChromeDriver
Command: [bccf067e9d6638dcf1c3088706a77442, findElement {value=//div[@class='table-responsive']//tbody/tr[.//a[normalize-space()='MacBook']], using=xpath}]
Capabilities {acceptInsecureCerts: false, browserName: chrome, browserVersion: 145.0.7632.76, chrome: {chromedriverVersion: 145.0.7632.77 (da516187054a..., userDataDir: C:\Users\velvet\AppData\Loc...}, fedcm:accounts: true, goog:chromeOptions: {debuggerAddress: localhost:62769}, goog:processID: 3828, networkConnectionEnabled: false, pageLoadStrategy: normal, platformName: windows, proxy: Proxy(), se:cdp: ws://localhost:62769/devtoo..., se:cdpVersion: 145.0.7632.76, setWindowRect: true, strictFileInteractability: false, timeouts: {implicit: 0, pageLoad: 300000, script: 30000}, unhandledPromptBehavior: dismiss and notify, webauthn:extension:credBlob: true, webauthn:extension:largeBlob: true, webauthn:extension:minPinLength: true, webauthn:extension:prf: true, webauthn:virtualAuthenticators: true}
Session ID: bccf067e9d6638dcf1c3088706a77442
[INFO] 23-02-2026 14:36:27 [main] Log - Running test case verifyRemoveProduct
[INFO] 23-02-2026 14:36:36 [main] Log - Test case verifyRemoveProduct is passed.
[INFO] 23-02-2026 14:37:35 [main] Log - Khởi tạo trình duyệt: chrome
[INFO] 23-02-2026 14:37:41 [main] Log - Cuộn tới phần tử: [[ChromeDriver: chrome on windows (458d18e0a2aa82c42c1e0652413b36ed)] -> xpath: (//a[normalize-space()='MacBook'])[1]]
[INFO] 23-02-2026 14:37:42 [main] Log - Running test case verifyProductsAddedToCart
[INFO] 23-02-2026 14:37:43 [main] Log - Đang xác thực giá trị đúng...

[INFO] 23-02-2026 14:37:43 [main] Log - Giá trị đúng
[INFO] 23-02-2026 14:37:43 [main] Log - Đang xác thực giá trị đúng...

[INFO] 23-02-2026 14:37:43 [main] Log - Giá trị đúng
[INFO] 23-02-2026 14:37:43 [main] Log - Test case verifyProductsAddedToCart is passed.
[INFO] 23-02-2026 14:37:46 [main] Log - End testing AutomationOpenCart
[INFO] 23-02-2026 14:37:55 [main] Log - Khởi tạo trình duyệt: chrome
[INFO] 23-02-2026 14:37:59 [main] Log - Cuộn tới phần tử: [[ChromeDriver: chrome on windows (4a8b8a5bfd0a1f5a8207027b41909829)] -> xpath: (//a[normalize-space()='MacBook'])[1]]
[INFO] 23-02-2026 14:38:01 [main] Log - Running test case verifyProductsAddedToCart
[INFO] 23-02-2026 14:38:01 [main] Log - Đang xác thực giá trị đúng...

[INFO] 23-02-2026 14:38:01 [main] Log - Giá trị đúng
[INFO] 23-02-2026 14:38:02 [main] Log - Đang xác thực giá trị đúng...

[INFO] 23-02-2026 14:38:02 [main] Log - Giá trị đúng
[INFO] 23-02-2026 14:38:02 [main] Log - Test case verifyProductsAddedToCart is passed.
[INFO] 23-02-2026 14:38:04 [main] Log - Running test case verifyUpdateQuantityUpdatesTotalPrice
[INFO] 23-02-2026 14:38:05 [main] Log - Đang xác thực giá trị bằng nhau...
 - Thực tế: 1324.0
 - Kỳ vọng: 1324.0
[INFO] 23-02-2026 14:38:05 [main] Log - Test case verifyUpdateQuantityUpdatesTotalPrice is passed.
[INFO] 23-02-2026 14:38:07 [main] Log - Running test case verifyRemoveProduct
[INFO] 23-02-2026 14:38:23 [main] Log - Test case verifyRemoveProduct is passed.
[INFO] 23-02-2026 14:38:25 [main] Log - Running test case verifyReloadKeepsCartState
[INFO] 23-02-2026 14:38:26 [main] Log - Đang xác thực giá trị bằng nhau...
 - Thực tế: 3
 - Kỳ vọng: 3
[INFO] 23-02-2026 14:38:26 [main] Log - Test case verifyReloadKeepsCartState is passed.
[INFO] 23-02-2026 14:38:28 [main] Log - Running test case verifyQuantityZero
[INFO] 23-02-2026 14:38:44 [main] Log - Đang xác thực giá trị đúng...

[INFO] 23-02-2026 14:38:44 [main] Log - Giá trị đúng
[INFO] 23-02-2026 14:38:44 [main] Log - Test case verifyQuantityZero is passed.
[INFO] 23-02-2026 14:38:46 [main] Log - Running test case verifyNegativeQuantity
[INFO] 23-02-2026 14:39:02 [main] Log - Cuộn tới phần tử: [[ChromeDriver: chrome on windows (4a8b8a5bfd0a1f5a8207027b41909829)] -> xpath: (//a[normalize-space()='MacBook'])[1]]
[INFO] 23-02-2026 14:39:20 [main] Log - Đang xác thực giá trị đúng...

[INFO] 23-02-2026 14:39:20 [main] Log - Giá trị đúng
[INFO] 23-02-2026 14:39:20 [main] Log - Test case verifyNegativeQuantity is passed.
[INFO] 23-02-2026 14:39:23 [main] Log - Running test case verifyInvalidQuantityText
[INFO] 23-02-2026 14:39:39 [main] Log - Cuộn tới phần tử: [[ChromeDriver: chrome on windows (4a8b8a5bfd0a1f5a8207027b41909829)] -> xpath: (//a[normalize-space()='MacBook'])[1]]
[INFO] 23-02-2026 14:39:41 [main] Log - Đang xác thực giá trị đúng...

[ERROR] 23-02-2026 14:39:41 [main] Log - Test case verifyInvalidQuantityText is failed.
[ERROR] 23-02-2026 14:39:41 [main] Log - java.lang.RuntimeException: Kiểm tra thất bại: Lỗi: Hệ thống chấp nhận ký tự không hợp lệ
[INFO] 23-02-2026 14:39:44 [main] Log - Running test case verifyCartTotalPrice
[INFO] 23-02-2026 14:39:59 [main] Log - Cuộn tới phần tử: [[ChromeDriver: chrome on windows (4a8b8a5bfd0a1f5a8207027b41909829)] -> xpath: (//a[normalize-space()='MacBook'])[1]]
[INFO] 23-02-2026 14:40:01 [main] Log - Cuộn tới phần tử: [[ChromeDriver: chrome on windows (4a8b8a5bfd0a1f5a8207027b41909829)] -> xpath: //strong[text()='Sub-Total:']/parent::td/following-sibling::td]
[INFO] 23-02-2026 14:40:01 [main] Log - Đang xác thực giá trị đúng...

[INFO] 23-02-2026 14:40:01 [main] Log - Giá trị đúng
[INFO] 23-02-2026 14:40:01 [main] Log - Test case verifyCartTotalPrice is passed.
[INFO] 23-02-2026 14:40:04 [main] Log - End testing AutomationOpenCart
[INFO] 23-02-2026 14:42:14 [main] Log - Khởi tạo trình duyệt: chrome
[INFO] 23-02-2026 14:42:19 [main] Log - Cuộn tới phần tử: [[ChromeDriver: chrome on windows (c911ef80b9a4d1090f2282af0e253b20)] -> xpath: (//a[normalize-space()='MacBook'])[1]]
[INFO] 23-02-2026 14:42:22 [main] Log - Running test case verifyProductsAddedToCart
[INFO] 23-02-2026 14:42:22 [main] Log - Đang xác thực giá trị đúng...

[INFO] 23-02-2026 14:42:22 [main] Log - Giá trị đúng
[INFO] 23-02-2026 14:42:22 [main] Log - Đang xác thực giá trị đúng...

[INFO] 23-02-2026 14:42:22 [main] Log - Giá trị đúng
[INFO] 23-02-2026 14:42:22 [main] Log - Test case verifyProductsAddedToCart is passed.
[INFO] 23-02-2026 14:42:24 [main] Log - Running test case verifyUpdateQuantityUpdatesTotalPrice
[INFO] 23-02-2026 14:42:25 [main] Log - Đang xác thực giá trị bằng nhau...
 - Thực tế: 1324.0
 - Kỳ vọng: 1324.0
[INFO] 23-02-2026 14:42:25 [main] Log - Test case verifyUpdateQuantityUpdatesTotalPrice is passed.
[INFO] 23-02-2026 14:42:27 [main] Log - Running test case verifyRemoveProduct
[INFO] 23-02-2026 14:42:43 [main] Log - Test case verifyRemoveProduct is passed.
[INFO] 23-02-2026 14:42:45 [main] Log - Running test case verifyReloadKeepsCartState
[INFO] 23-02-2026 14:42:46 [main] Log - Đang xác thực giá trị bằng nhau...
 - Thực tế: 3
 - Kỳ vọng: 3
[INFO] 23-02-2026 14:42:46 [main] Log - Test case verifyReloadKeepsCartState is passed.
[INFO] 23-02-2026 14:42:48 [main] Log - Running test case verifyQuantityZero
[INFO] 23-02-2026 14:42:49 [main] Log - Đang xác thực giá trị đúng...

[ERROR] 23-02-2026 14:42:49 [main] Log - Test case verifyQuantityZero is failed.
[ERROR] 23-02-2026 14:42:49 [main] Log - java.lang.RuntimeException: Kiểm tra thất bại: Lỗi: Hệ thống không xử lý đúng khi nhập số lượng = 0
[INFO] 23-02-2026 14:42:51 [main] Log - Running test case verifyNegativeQuantity
[INFO] 23-02-2026 14:43:07 [main] Log - Cuộn tới phần tử: [[ChromeDriver: chrome on windows (c911ef80b9a4d1090f2282af0e253b20)] -> xpath: (//a[normalize-space()='MacBook'])[1]]
[INFO] 23-02-2026 14:43:24 [main] Log - Đang xác thực giá trị đúng...

[INFO] 23-02-2026 14:43:24 [main] Log - Giá trị đúng
[INFO] 23-02-2026 14:43:24 [main] Log - Test case verifyNegativeQuantity is passed.
[INFO] 23-02-2026 14:43:27 [main] Log - Running test case verifyInvalidQuantityText
[INFO] 23-02-2026 14:43:43 [main] Log - Cuộn tới phần tử: [[ChromeDriver: chrome on windows (c911ef80b9a4d1090f2282af0e253b20)] -> xpath: (//a[normalize-space()='MacBook'])[1]]
[INFO] 23-02-2026 14:44:00 [main] Log - Đang xác thực giá trị đúng...

[INFO] 23-02-2026 14:44:00 [main] Log - Giá trị đúng
[INFO] 23-02-2026 14:44:00 [main] Log - Test case verifyInvalidQuantityText is passed.
[INFO] 23-02-2026 14:44:03 [main] Log - Running test case verifyCartTotalPrice
[INFO] 23-02-2026 14:44:18 [main] Log - Cuộn tới phần tử: [[ChromeDriver: chrome on windows (c911ef80b9a4d1090f2282af0e253b20)] -> xpath: (//a[normalize-space()='MacBook'])[1]]
[INFO] 23-02-2026 14:44:20 [main] Log - Cuộn tới phần tử: [[ChromeDriver: chrome on windows (c911ef80b9a4d1090f2282af0e253b20)] -> xpath: //strong[text()='Sub-Total:']/parent::td/following-sibling::td]
[INFO] 23-02-2026 14:44:20 [main] Log - Đang xác thực giá trị đúng...

[INFO] 23-02-2026 14:44:20 [main] Log - Giá trị đúng
[INFO] 23-02-2026 14:44:20 [main] Log - Test case verifyCartTotalPrice is passed.
[INFO] 23-02-2026 14:44:23 [main] Log - End testing AutomationOpenCart
[INFO] 23-02-2026 14:45:36 [main] Log - Khởi tạo trình duyệt: chrome
[INFO] 23-02-2026 14:45:41 [main] Log - Cuộn tới phần tử: [[ChromeDriver: chrome on windows (a19de4d171bfc682e6d789acbc895711)] -> xpath: (//a[normalize-space()='MacBook'])[1]]
[INFO] 23-02-2026 14:45:44 [main] Log - Running test case verifyProductsAddedToCart
[INFO] 23-02-2026 14:45:44 [main] Log - Đang xác thực giá trị đúng...

[INFO] 23-02-2026 14:45:44 [main] Log - Giá trị đúng
[INFO] 23-02-2026 14:45:44 [main] Log - Đang xác thực giá trị đúng...

[INFO] 23-02-2026 14:45:44 [main] Log - Giá trị đúng
[INFO] 23-02-2026 14:45:44 [main] Log - Test case verifyProductsAddedToCart is passed.
[INFO] 23-02-2026 14:45:46 [main] Log - Running test case verifyUpdateQuantityUpdatesTotalPrice
[INFO] 23-02-2026 14:45:47 [main] Log - Đang xác thực giá trị bằng nhau...
 - Thực tế: 1324.0
 - Kỳ vọng: 1324.0
[INFO] 23-02-2026 14:45:47 [main] Log - Test case verifyUpdateQuantityUpdatesTotalPrice is passed.
[INFO] 23-02-2026 14:45:50 [main] Log - Running test case verifyRemoveProduct
[INFO] 23-02-2026 14:46:05 [main] Log - Test case verifyRemoveProduct is passed.
[INFO] 23-02-2026 14:46:07 [main] Log - Running test case verifyReloadKeepsCartState
[INFO] 23-02-2026 14:46:08 [main] Log - Đang xác thực giá trị bằng nhau...
 - Thực tế: 3
 - Kỳ vọng: 3
[INFO] 23-02-2026 14:46:08 [main] Log - Test case verifyReloadKeepsCartState is passed.
[INFO] 23-02-2026 14:46:10 [main] Log - Running test case verifyQuantityZero
[INFO] 23-02-2026 14:46:26 [main] Log - Đang xác thực giá trị đúng...

[INFO] 23-02-2026 14:46:26 [main] Log - Giá trị đúng
[INFO] 23-02-2026 14:46:26 [main] Log - Test case verifyQuantityZero is passed.
[INFO] 23-02-2026 14:46:28 [main] Log - Running test case verifyNegativeQuantity
[INFO] 23-02-2026 14:46:44 [main] Log - Cuộn tới phần tử: [[ChromeDriver: chrome on windows (a19de4d171bfc682e6d789acbc895711)] -> xpath: (//a[normalize-space()='MacBook'])[1]]
[INFO] 23-02-2026 14:47:01 [main] Log - Đang xác thực giá trị đúng...

[INFO] 23-02-2026 14:47:01 [main] Log - Giá trị đúng
[INFO] 23-02-2026 14:47:01 [main] Log - Test case verifyNegativeQuantity is passed.
[INFO] 23-02-2026 14:47:04 [main] Log - Running test case verifyInvalidQuantityText
[INFO] 23-02-2026 14:47:19 [main] Log - Cuộn tới phần tử: [[ChromeDriver: chrome on windows (a19de4d171bfc682e6d789acbc895711)] -> xpath: (//a[normalize-space()='MacBook'])[1]]
[INFO] 23-02-2026 14:47:37 [main] Log - Đang xác thực giá trị đúng...

[INFO] 23-02-2026 14:47:37 [main] Log - Giá trị đúng
[INFO] 23-02-2026 14:47:37 [main] Log - Test case verifyInvalidQuantityText is passed.
[INFO] 23-02-2026 14:47:39 [main] Log - Running test case verifyCartTotalPrice
[INFO] 23-02-2026 14:47:55 [main] Log - Cuộn tới phần tử: [[ChromeDriver: chrome on windows (a19de4d171bfc682e6d789acbc895711)] -> xpath: (//a[normalize-space()='MacBook'])[1]]
[INFO] 23-02-2026 14:47:57 [main] Log - Cuộn tới phần tử: [[ChromeDriver: chrome on windows (a19de4d171bfc682e6d789acbc895711)] -> xpath: //strong[text()='Sub-Total:']/parent::td/following-sibling::td]
[INFO] 23-02-2026 14:47:58 [main] Log - Đang xác thực giá trị đúng...

[INFO] 23-02-2026 14:47:58 [main] Log - Giá trị đúng
[INFO] 23-02-2026 14:47:58 [main] Log - Test case verifyCartTotalPrice is passed.
[INFO] 23-02-2026 14:48:01 [main] Log - End testing AutomationOpenCart
[INFO] 23-02-2026 14:48:39 [main] Log - Khởi tạo trình duyệt: chrome
[INFO] 23-02-2026 14:48:42 [main] Log - Running test case guestCheckoutSuccess
[INFO] 23-02-2026 14:48:43 [main] Log - Cuộn tới phần tử: [[ChromeDriver: chrome on windows (965b4c89192fc54ed0e1fa588346d3ad)] -> xpath: (//a[normalize-space()='MacBook'])[1]]
[INFO] 23-02-2026 14:48:46 [main] Log - Cuộn tới phần tử: [[ChromeDriver: chrome on windows (965b4c89192fc54ed0e1fa588346d3ad)] -> id: input-payment-firstname]
[INFO] 23-02-2026 14:48:51 [main] Log - Đang xác thực giá trị đúng...

[INFO] 23-02-2026 14:48:51 [main] Log - Giá trị đúng
[INFO] 23-02-2026 14:48:53 [main] Log - Đang xác thực giá trị đúng...

[INFO] 23-02-2026 14:48:53 [main] Log - Giá trị đúng
[INFO] 23-02-2026 14:48:53 [main] Log - Test case guestCheckoutSuccess is passed.
[INFO] 23-02-2026 14:48:57 [main] Log - Running test case checkoutFailWithoutAgree
[INFO] 23-02-2026 14:48:57 [main] Log - Cuộn tới phần tử: [[ChromeDriver: chrome on windows (965b4c89192fc54ed0e1fa588346d3ad)] -> xpath: (//a[normalize-space()='MacBook'])[1]]
[INFO] 23-02-2026 14:49:01 [main] Log - Cuộn tới phần tử: [[ChromeDriver: chrome on windows (965b4c89192fc54ed0e1fa588346d3ad)] -> id: input-payment-firstname]
[INFO] 23-02-2026 14:49:05 [main] Log - Đang xác thực giá trị đúng...

[INFO] 23-02-2026 14:49:05 [main] Log - Giá trị đúng
[INFO] 23-02-2026 14:49:05 [main] Log - Test case checkoutFailWithoutAgree is passed.
[INFO] 23-02-2026 14:49:08 [main] Log - Running test case checkoutFailInvailEmailAndPhone
[INFO] 23-02-2026 14:49:09 [main] Log - Cuộn tới phần tử: [[ChromeDriver: chrome on windows (965b4c89192fc54ed0e1fa588346d3ad)] -> xpath: (//a[normalize-space()='MacBook'])[1]]
[ERROR] 23-02-2026 14:49:29 [main] Log - Hết thời gian chờ phần tử hiển thị: [[ChromeDriver: chrome on windows (965b4c89192fc54ed0e1fa588346d3ad)] -> xpath: (//a[normalize-space()='MacBook'])[1]]
[ERROR] 23-02-2026 14:49:29 [main] Log - Test case checkoutFailInvailEmailAndPhone is failed.
[ERROR] 23-02-2026 14:49:29 [main] Log - java.lang.RuntimeException: Không thể tìm thấy phần tử hiển thị: [[ChromeDriver: chrome on windows (965b4c89192fc54ed0e1fa588346d3ad)] -> xpath: (//a[normalize-space()='MacBook'])[1]]
[INFO] 23-02-2026 14:49:32 [main] Log - Running test case checkoutWithAccountSuccess
[INFO] 23-02-2026 14:49:32 [main] Log - Cuộn tới phần tử: [[ChromeDriver: chrome on windows (965b4c89192fc54ed0e1fa588346d3ad)] -> xpath: (//a[normalize-space()='MacBook'])[1]]
[ERROR] 23-02-2026 14:49:53 [main] Log - Hết thời gian chờ phần tử hiển thị: [[ChromeDriver: chrome on windows (965b4c89192fc54ed0e1fa588346d3ad)] -> xpath: (//a[normalize-space()='MacBook'])[1]]
[ERROR] 23-02-2026 14:49:53 [main] Log - Test case checkoutWithAccountSuccess is failed.
[ERROR] 23-02-2026 14:49:53 [main] Log - java.lang.RuntimeException: Không thể tìm thấy phần tử hiển thị: [[ChromeDriver: chrome on windows (965b4c89192fc54ed0e1fa588346d3ad)] -> xpath: (//a[normalize-space()='MacBook'])[1]]
[INFO] 23-02-2026 14:49:56 [main] Log - End testing AutomationOpenCart
[INFO] 23-02-2026 14:51:39 [main] Log - Khởi tạo trình duyệt: chrome
[INFO] 23-02-2026 14:51:42 [main] Log - Running test case checkoutFailInvailEmailAndPhone
[ERROR] 23-02-2026 14:51:44 [main] Log - Hết thời gian chờ phần tử có thể click: [[ChromeDriver: chrome on windows (5826043149fd878764ff5b62eeb73fdf)] -> xpath: (//a[normalize-space()='MacBook'])[1]]
[ERROR] 23-02-2026 14:51:44 [main] Log - Test case checkoutFailInvailEmailAndPhone is failed.
[ERROR] 23-02-2026 14:51:44 [main] Log - java.lang.RuntimeException: Không thể tìm thấy phần tử có thể click: [[ChromeDriver: chrome on windows (5826043149fd878764ff5b62eeb73fdf)] -> xpath: (//a[normalize-space()='MacBook'])[1]]
[INFO] 23-02-2026 14:51:47 [main] Log - End testing AutomationOpenCart
[INFO] 23-02-2026 14:54:24 [main] Log - Khởi tạo trình duyệt: chrome
[INFO] 23-02-2026 14:54:27 [main] Log - Running test case checkoutFailInvailEmailAndPhone
[ERROR] 23-02-2026 14:54:28 [main] Log - Hết thời gian chờ phần tử có thể click: [[ChromeDriver: chrome on windows (c3838e41a089abdb42cc96ed5f29c442)] -> xpath: //a[contains(@href,'product_id=43')]]
[ERROR] 23-02-2026 14:54:28 [main] Log - Test case checkoutFailInvailEmailAndPhone is failed.
[ERROR] 23-02-2026 14:54:29 [main] Log - java.lang.RuntimeException: Không thể tìm thấy phần tử có thể click: [[ChromeDriver: chrome on windows (c3838e41a089abdb42cc96ed5f29c442)] -> xpath: //a[contains(@href,'product_id=43')]]
[INFO] 23-02-2026 14:54:32 [main] Log - End testing AutomationOpenCart
[INFO] 23-02-2026 14:56:20 [main] Log - Khởi tạo trình duyệt: chrome
[INFO] 23-02-2026 14:56:23 [main] Log - Running test case checkoutFailInvailEmailAndPhone
[ERROR] 23-02-2026 14:56:24 [main] Log - Hết thời gian chờ phần tử có thể click: [[ChromeDriver: chrome on windows (98707f631d3cb228f9619713042f2ca2)] -> xpath: (//a[normalize-space()='MacBook'])[1]]
[ERROR] 23-02-2026 14:56:24 [main] Log - Test case checkoutFailInvailEmailAndPhone is failed.
[ERROR] 23-02-2026 14:56:25 [main] Log - java.lang.RuntimeException: Không thể tìm thấy phần tử có thể click: [[ChromeDriver: chrome on windows (98707f631d3cb228f9619713042f2ca2)] -> xpath: (//a[normalize-space()='MacBook'])[1]]
[INFO] 23-02-2026 14:56:28 [main] Log - End testing AutomationOpenCart
[INFO] 23-02-2026 14:57:02 [main] Log - Khởi tạo trình duyệt: chrome
[INFO] 23-02-2026 14:57:05 [main] Log - Running test case guestCheckoutSuccess
[ERROR] 23-02-2026 14:57:06 [main] Log - Hết thời gian chờ phần tử có thể click: [[ChromeDriver: chrome on windows (96ba1f4c4a598d47141467b1f5320616)] -> xpath: (//a[normalize-space()='MacBook'])[1]]
[ERROR] 23-02-2026 14:57:06 [main] Log - Test case guestCheckoutSuccess is failed.
[ERROR] 23-02-2026 14:57:07 [main] Log - java.lang.RuntimeException: Không thể tìm thấy phần tử có thể click: [[ChromeDriver: chrome on windows (96ba1f4c4a598d47141467b1f5320616)] -> xpath: (//a[normalize-space()='MacBook'])[1]]
[INFO] 23-02-2026 14:57:10 [main] Log - End testing AutomationOpenCart
[INFO] 23-02-2026 14:57:44 [main] Log - Khởi tạo trình duyệt: chrome
[INFO] 23-02-2026 14:57:46 [main] Log - Running test case guestCheckoutSuccess
[INFO] 23-02-2026 14:57:47 [main] Log - Cuộn tới phần tử: [[ChromeDriver: chrome on windows (0cd48dd21399cd26785c41c9d483ee71)] -> xpath: (//a[normalize-space()='MacBook'])[1]]
[INFO] 23-02-2026 14:57:51 [main] Log - Cuộn tới phần tử: [[ChromeDriver: chrome on windows (0cd48dd21399cd26785c41c9d483ee71)] -> id: input-payment-firstname]
[INFO] 23-02-2026 14:57:56 [main] Log - Đang xác thực giá trị đúng...

[INFO] 23-02-2026 14:57:56 [main] Log - Giá trị đúng
[INFO] 23-02-2026 14:57:57 [main] Log - Đang xác thực giá trị đúng...

[INFO] 23-02-2026 14:57:57 [main] Log - Giá trị đúng
[INFO] 23-02-2026 14:57:57 [main] Log - Test case guestCheckoutSuccess is passed.
[INFO] 23-02-2026 14:58:01 [main] Log - Running test case checkoutFailWithoutAgree
[INFO] 23-02-2026 14:58:01 [main] Log - Cuộn tới phần tử: [[ChromeDriver: chrome on windows (0cd48dd21399cd26785c41c9d483ee71)] -> xpath: (//a[normalize-space()='MacBook'])[1]]
[INFO] 23-02-2026 14:58:05 [main] Log - Cuộn tới phần tử: [[ChromeDriver: chrome on windows (0cd48dd21399cd26785c41c9d483ee71)] -> id: input-payment-firstname]
[INFO] 23-02-2026 14:58:08 [main] Log - Đang xác thực giá trị đúng...

[INFO] 23-02-2026 14:58:08 [main] Log - Giá trị đúng
[INFO] 23-02-2026 14:58:08 [main] Log - Test case checkoutFailWithoutAgree is passed.
[INFO] 23-02-2026 14:58:11 [main] Log - Running test case checkoutFailInvailEmailAndPhone
[INFO] 23-02-2026 14:58:12 [main] Log - Cuộn tới phần tử: [[ChromeDriver: chrome on windows (0cd48dd21399cd26785c41c9d483ee71)] -> xpath: (//a[normalize-space()='MacBook'])[1]]
[ERROR] 23-02-2026 14:58:32 [main] Log - Hết thời gian chờ phần tử hiển thị: [[ChromeDriver: chrome on windows (0cd48dd21399cd26785c41c9d483ee71)] -> xpath: (//a[normalize-space()='MacBook'])[1]]
[ERROR] 23-02-2026 14:58:32 [main] Log - Test case checkoutFailInvailEmailAndPhone is failed.
[ERROR] 23-02-2026 14:58:33 [main] Log - java.lang.RuntimeException: Không thể tìm thấy phần tử hiển thị: [[ChromeDriver: chrome on windows (0cd48dd21399cd26785c41c9d483ee71)] -> xpath: (//a[normalize-space()='MacBook'])[1]]
[INFO] 23-02-2026 14:58:35 [main] Log - Running test case checkoutWithAccountSuccess
[INFO] 23-02-2026 14:58:36 [main] Log - Cuộn tới phần tử: [[ChromeDriver: chrome on windows (0cd48dd21399cd26785c41c9d483ee71)] -> xpath: (//a[normalize-space()='MacBook'])[1]]
[ERROR] 23-02-2026 14:58:51 [main] Log - Hết thời gian chờ phần tử hiển thị: [[ChromeDriver: chrome on windows (0cd48dd21399cd26785c41c9d483ee71)] -> xpath: (//a[normalize-space()='MacBook'])[1]]
[ERROR] 23-02-2026 14:58:51 [main] Log - Test case checkoutWithAccountSuccess is failed.
[ERROR] 23-02-2026 14:58:51 [main] Log - java.lang.RuntimeException: Không thể tìm thấy phần tử hiển thị: [[ChromeDriver: chrome on windows (0cd48dd21399cd26785c41c9d483ee71)] -> xpath: (//a[normalize-space()='MacBook'])[1]]
[INFO] 23-02-2026 14:58:54 [main] Log - End testing AutomationOpenCart
[INFO] 23-02-2026 15:00:43 [main] Log - Khởi tạo trình duyệt: chrome
[INFO] 23-02-2026 15:00:46 [main] Log - Running test case guestCheckoutSuccess
[INFO] 23-02-2026 15:00:47 [main] Log - Cuộn tới phần tử: [[ChromeDriver: chrome on windows (01e70c5fddb429e7beec6e660597f802)] -> xpath: (//a[normalize-space()='MacBook'])[1]]
[INFO] 23-02-2026 15:00:52 [main] Log - Cuộn tới phần tử: [[ChromeDriver: chrome on windows (01e70c5fddb429e7beec6e660597f802)] -> id: input-payment-firstname]
[INFO] 23-02-2026 15:00:57 [main] Log - Đang xác thực giá trị đúng...

[INFO] 23-02-2026 15:00:57 [main] Log - Giá trị đúng
[INFO] 23-02-2026 15:00:58 [main] Log - Đang xác thực giá trị đúng...

[INFO] 23-02-2026 15:00:58 [main] Log - Giá trị đúng
[INFO] 23-02-2026 15:00:58 [main] Log - Test case guestCheckoutSuccess is passed.
[INFO] 23-02-2026 15:01:01 [main] Log - Running test case checkoutFailWithoutAgree
[INFO] 23-02-2026 15:01:02 [main] Log - Cuộn tới phần tử: [[ChromeDriver: chrome on windows (01e70c5fddb429e7beec6e660597f802)] -> xpath: (//a[normalize-space()='MacBook'])[1]]
[INFO] 23-02-2026 15:01:05 [main] Log - Cuộn tới phần tử: [[ChromeDriver: chrome on windows (01e70c5fddb429e7beec6e660597f802)] -> id: input-payment-firstname]
[INFO] 23-02-2026 15:01:08 [main] Log - Đang xác thực giá trị đúng...

[INFO] 23-02-2026 15:01:08 [main] Log - Giá trị đúng
[INFO] 23-02-2026 15:01:08 [main] Log - Test case checkoutFailWithoutAgree is passed.
[INFO] 23-02-2026 15:01:11 [main] Log - Running test case checkoutFailInvailEmailAndPhone
[INFO] 23-02-2026 15:01:12 [main] Log - Cuộn tới phần tử: [[ChromeDriver: chrome on windows (01e70c5fddb429e7beec6e660597f802)] -> xpath: (//a[normalize-space()='MacBook'])[1]]
[ERROR] 23-02-2026 15:01:32 [main] Log - Hết thời gian chờ phần tử hiển thị: [[ChromeDriver: chrome on windows (01e70c5fddb429e7beec6e660597f802)] -> xpath: (//a[normalize-space()='MacBook'])[1]]
[ERROR] 23-02-2026 15:01:32 [main] Log - Test case checkoutFailInvailEmailAndPhone is failed.
[ERROR] 23-02-2026 15:01:33 [main] Log - java.lang.RuntimeException: Không thể tìm thấy phần tử hiển thị: [[ChromeDriver: chrome on windows (01e70c5fddb429e7beec6e660597f802)] -> xpath: (//a[normalize-space()='MacBook'])[1]]
[INFO] 23-02-2026 15:01:35 [main] Log - Running test case checkoutWithAccountSuccess
[INFO] 23-02-2026 15:01:36 [main] Log - Cuộn tới phần tử: [[ChromeDriver: chrome on windows (01e70c5fddb429e7beec6e660597f802)] -> xpath: (//a[normalize-space()='MacBook'])[1]]
[ERROR] 23-02-2026 15:01:39 [main] Log - Hết thời gian chờ phần tử hiển thị: [[ChromeDriver: chrome on windows (01e70c5fddb429e7beec6e660597f802)] -> xpath: (//a[normalize-space()='MacBook'])[1]]
[ERROR] 23-02-2026 15:01:39 [main] Log - Test case checkoutWithAccountSuccess is failed.
[ERROR] 23-02-2026 15:01:40 [main] Log - java.lang.RuntimeException: Không thể tìm thấy phần tử hiển thị: [[ChromeDriver: chrome on windows (01e70c5fddb429e7beec6e660597f802)] -> xpath: (//a[normalize-space()='MacBook'])[1]]
[INFO] 23-02-2026 15:01:42 [main] Log - End testing AutomationOpenCart
[INFO] 23-02-2026 15:02:32 [main] Log - Khởi tạo trình duyệt: chrome
[INFO] 23-02-2026 15:02:35 [main] Log - Running test case guestCheckoutSuccess
[INFO] 23-02-2026 15:02:36 [main] Log - Cuộn tới phần tử: [[ChromeDriver: chrome on windows (063dfcc521f48a1f082199f1a8ec1248)] -> xpath: (//a[normalize-space()='MacBook'])[1]]
[INFO] 23-02-2026 15:02:39 [main] Log - Cuộn tới phần tử: [[ChromeDriver: chrome on windows (063dfcc521f48a1f082199f1a8ec1248)] -> id: input-payment-firstname]
[INFO] 23-02-2026 15:02:44 [main] Log - Đang xác thực giá trị đúng...

[INFO] 23-02-2026 15:02:44 [main] Log - Giá trị đúng
[INFO] 23-02-2026 15:02:45 [main] Log - Đang xác thực giá trị đúng...

[INFO] 23-02-2026 15:02:45 [main] Log - Giá trị đúng
[INFO] 23-02-2026 15:02:45 [main] Log - Test case guestCheckoutSuccess is passed.
[INFO] 23-02-2026 15:02:48 [main] Log - Running test case checkoutFailInvailEmailAndPhone
[INFO] 23-02-2026 15:02:49 [main] Log - Cuộn tới phần tử: [[ChromeDriver: chrome on windows (063dfcc521f48a1f082199f1a8ec1248)] -> xpath: (//a[normalize-space()='MacBook'])[1]]
[ERROR] 23-02-2026 15:04:22 [main] Log - Test case checkoutFailInvailEmailAndPhone is failed.
[ERROR] 23-02-2026 15:04:23 [main] Log - Test case checkoutFailInvailEmailAndPhone is failed.
[INFO] 23-02-2026 15:04:23 [main] Log - End testing AutomationOpenCart
[INFO] 23-02-2026 15:06:10 [main] Log - Khởi tạo trình duyệt: chrome
[INFO] 23-02-2026 15:06:13 [main] Log - Running test case guestCheckoutSuccess
[INFO] 23-02-2026 15:06:17 [main] Log - Cuộn tới phần tử: [[ChromeDriver: chrome on windows (6050195f25c5bb092313671f926abdfe)] -> id: input-payment-firstname]
[INFO] 23-02-2026 15:06:22 [main] Log - Đang xác thực giá trị đúng...

[INFO] 23-02-2026 15:06:22 [main] Log - Giá trị đúng
[INFO] 23-02-2026 15:06:23 [main] Log - Đang xác thực giá trị đúng...

[INFO] 23-02-2026 15:06:23 [main] Log - Giá trị đúng
[INFO] 23-02-2026 15:06:23 [main] Log - Test case guestCheckoutSuccess is passed.
[INFO] 23-02-2026 15:06:26 [main] Log - Running test case checkoutFailInvailEmailAndPhone
[INFO] 23-02-2026 15:06:29 [main] Log - Cuộn tới phần tử: [[ChromeDriver: chrome on windows (6050195f25c5bb092313671f926abdfe)] -> id: input-payment-firstname]
[ERROR] 23-02-2026 15:07:17 [main] Log - Test case checkoutFailInvailEmailAndPhone is failed.
[ERROR] 23-02-2026 15:07:17 [main] Log - org.openqa.selenium.NoSuchElementException: Timed out after 5 seconds. Unable to locate the element
[INFO] 23-02-2026 15:07:19 [main] Log - Running test case checkoutFailWithoutAgree
[ERROR] 23-02-2026 15:07:35 [main] Log - Test case checkoutFailWithoutAgree is failed.
[ERROR] 23-02-2026 15:07:35 [main] Log - org.openqa.selenium.ElementNotInteractableException: element not interactable
  (Session info: chrome=145.0.7632.76)
Build info: version: '4.29.0', revision: '5fc1ec94cb'
System info: os.name: 'Windows 11', os.arch: 'amd64', os.version: '10.0', java.version: '17.0.12'
Driver info: org.openqa.selenium.chrome.ChromeDriver
Command: [6050195f25c5bb092313671f926abdfe, clickElement {id=f.6DE0B0774EDE4D0417B6E8B321FB8F31.d.664128CD69AAC6C94170C2F1DAD6A6B2.e.412}]
Capabilities {acceptInsecureCerts: false, browserName: chrome, browserVersion: 145.0.7632.76, chrome: {chromedriverVersion: 145.0.7632.77 (da516187054a..., userDataDir: C:\Users\velvet\AppData\Loc...}, fedcm:accounts: true, goog:chromeOptions: {debuggerAddress: localhost:51488}, goog:processID: 2620, networkConnectionEnabled: false, pageLoadStrategy: normal, platformName: windows, proxy: Proxy(), se:cdp: ws://localhost:51488/devtoo..., se:cdpVersion: 145.0.7632.76, setWindowRect: true, strictFileInteractability: false, timeouts: {implicit: 0, pageLoad: 300000, script: 30000}, unhandledPromptBehavior: dismiss and notify, webauthn:extension:credBlob: true, webauthn:extension:largeBlob: true, webauthn:extension:minPinLength: true, webauthn:extension:prf: true, webauthn:virtualAuthenticators: true}
Element: [[ChromeDriver: chrome on windows (6050195f25c5bb092313671f926abdfe)] -> xpath: //a[normalize-space()='iMac']]
Session ID: 6050195f25c5bb092313671f926abdfe
[INFO] 23-02-2026 15:07:37 [main] Log - Running test case checkoutWithAccountSuccess
[ERROR] 23-02-2026 15:07:53 [main] Log - Test case checkoutWithAccountSuccess is failed.
[ERROR] 23-02-2026 15:07:53 [main] Log - org.openqa.selenium.ElementNotInteractableException: element not interactable
  (Session info: chrome=145.0.7632.76)
Build info: version: '4.29.0', revision: '5fc1ec94cb'
System info: os.name: 'Windows 11', os.arch: 'amd64', os.version: '10.0', java.version: '17.0.12'
Driver info: org.openqa.selenium.chrome.ChromeDriver
Command: [6050195f25c5bb092313671f926abdfe, clickElement {id=f.6DE0B0774EDE4D0417B6E8B321FB8F31.d.F5C600D068051ED0F60534DE35102725.e.427}]
Capabilities {acceptInsecureCerts: false, browserName: chrome, browserVersion: 145.0.7632.76, chrome: {chromedriverVersion: 145.0.7632.77 (da516187054a..., userDataDir: C:\Users\velvet\AppData\Loc...}, fedcm:accounts: true, goog:chromeOptions: {debuggerAddress: localhost:51488}, goog:processID: 2620, networkConnectionEnabled: false, pageLoadStrategy: normal, platformName: windows, proxy: Proxy(), se:cdp: ws://localhost:51488/devtoo..., se:cdpVersion: 145.0.7632.76, setWindowRect: true, strictFileInteractability: false, timeouts: {implicit: 0, pageLoad: 300000, script: 30000}, unhandledPromptBehavior: dismiss and notify, webauthn:extension:credBlob: true, webauthn:extension:largeBlob: true, webauthn:extension:minPinLength: true, webauthn:extension:prf: true, webauthn:virtualAuthenticators: true}
Element: [[ChromeDriver: chrome on windows (6050195f25c5bb092313671f926abdfe)] -> xpath: //a[normalize-space()='iMac']]
Session ID: 6050195f25c5bb092313671f926abdfe
[INFO] 23-02-2026 15:07:56 [main] Log - End testing AutomationOpenCart
[INFO] 23-02-2026 15:10:34 [main] Log - Khởi tạo trình duyệt: chrome
[INFO] 23-02-2026 15:10:37 [main] Log - Running test case guestCheckoutSuccess
[INFO] 23-02-2026 15:10:41 [main] Log - Cuộn tới phần tử: [[ChromeDriver: chrome on windows (8bf87a01af0ea1849ec6d69c485f1b63)] -> id: input-payment-firstname]
[INFO] 23-02-2026 15:10:46 [main] Log - Đang xác thực giá trị đúng...

[INFO] 23-02-2026 15:10:46 [main] Log - Giá trị đúng
[INFO] 23-02-2026 15:10:47 [main] Log - Đang xác thực giá trị đúng...

[INFO] 23-02-2026 15:10:47 [main] Log - Giá trị đúng
[INFO] 23-02-2026 15:10:47 [main] Log - Test case guestCheckoutSuccess is passed.
[INFO] 23-02-2026 15:10:51 [main] Log - Running test case checkoutWithAccountSuccess
[INFO] 23-02-2026 15:10:59 [main] Log - Đang xác thực giá trị đúng...

[INFO] 23-02-2026 15:10:59 [main] Log - Giá trị đúng
[INFO] 23-02-2026 15:11:00 [main] Log - Đang xác thực giá trị đúng...

[INFO] 23-02-2026 15:11:00 [main] Log - Giá trị đúng
[INFO] 23-02-2026 15:11:45 [main] Log - Cuộn tới phần tử: Proxy element for: AjaxElementLocator 'By.xpath: //a[@class='list-group-item'][normalize-space()='Logout']'
[ERROR] 23-02-2026 15:11:57 [main] Log - Test case checkoutWithAccountSuccess is failed.
[ERROR] 23-02-2026 15:11:57 [main] Log - Test case checkoutWithAccountSuccess is failed.
[INFO] 23-02-2026 15:11:57 [main] Log - End testing AutomationOpenCart
[INFO] 23-02-2026 15:12:58 [main] Log - Khởi tạo trình duyệt: chrome
[INFO] 23-02-2026 15:13:01 [main] Log - Running test case guestCheckoutSuccess
[INFO] 23-02-2026 15:13:04 [main] Log - Cuộn tới phần tử: [[ChromeDriver: chrome on windows (d24bde4c2ebba065315fb3c6e9f27592)] -> id: input-payment-firstname]
[INFO] 23-02-2026 15:13:09 [main] Log - Đang xác thực giá trị đúng...

[INFO] 23-02-2026 15:13:09 [main] Log - Giá trị đúng
[INFO] 23-02-2026 15:13:10 [main] Log - Đang xác thực giá trị đúng...

[INFO] 23-02-2026 15:13:10 [main] Log - Giá trị đúng
[INFO] 23-02-2026 15:13:10 [main] Log - Test case guestCheckoutSuccess is passed.
[INFO] 23-02-2026 15:13:13 [main] Log - Running test case checkoutFailWithoutAgree
[INFO] 23-02-2026 15:13:16 [main] Log - Cuộn tới phần tử: [[ChromeDriver: chrome on windows (d24bde4c2ebba065315fb3c6e9f27592)] -> id: input-payment-firstname]
[INFO] 23-02-2026 15:13:20 [main] Log - Đang xác thực giá trị đúng...

[INFO] 23-02-2026 15:13:20 [main] Log - Giá trị đúng
[INFO] 23-02-2026 15:13:20 [main] Log - Test case checkoutFailWithoutAgree is passed.
[INFO] 23-02-2026 15:13:23 [main] Log - Running test case checkoutFailInvailEmailAndPhone
[ERROR] 23-02-2026 15:13:39 [main] Log - Test case checkoutFailInvailEmailAndPhone is failed.
[ERROR] 23-02-2026 15:13:39 [main] Log - org.openqa.selenium.ElementNotInteractableException: element not interactable
  (Session info: chrome=145.0.7632.76)
Build info: version: '4.29.0', revision: '5fc1ec94cb'
System info: os.name: 'Windows 11', os.arch: 'amd64', os.version: '10.0', java.version: '17.0.12'
Driver info: org.openqa.selenium.chrome.ChromeDriver
Command: [d24bde4c2ebba065315fb3c6e9f27592, clickElement {id=f.46B47710B11A9B77C3A7D786E0DBF816.d.5B0A5FF2DD0D75A8C7EACCAEE08731D3.e.432}]
Capabilities {acceptInsecureCerts: false, browserName: chrome, browserVersion: 145.0.7632.76, chrome: {chromedriverVersion: 145.0.7632.77 (da516187054a..., userDataDir: C:\Users\velvet\AppData\Loc...}, fedcm:accounts: true, goog:chromeOptions: {debuggerAddress: localhost:63474}, goog:processID: 10960, networkConnectionEnabled: false, pageLoadStrategy: normal, platformName: windows, proxy: Proxy(), se:cdp: ws://localhost:63474/devtoo..., se:cdpVersion: 145.0.7632.76, setWindowRect: true, strictFileInteractability: false, timeouts: {implicit: 0, pageLoad: 300000, script: 30000}, unhandledPromptBehavior: dismiss and notify, webauthn:extension:credBlob: true, webauthn:extension:largeBlob: true, webauthn:extension:minPinLength: true, webauthn:extension:prf: true, webauthn:virtualAuthenticators: true}
Element: [[ChromeDriver: chrome on windows (d24bde4c2ebba065315fb3c6e9f27592)] -> xpath: //a[normalize-space()='iMac']]
Session ID: d24bde4c2ebba065315fb3c6e9f27592
[INFO] 23-02-2026 15:13:42 [main] Log - Running test case checkoutWithAccountSuccess
[INFO] 23-02-2026 15:14:43 [main] Log - Khởi tạo trình duyệt: chrome
[INFO] 23-02-2026 15:14:45 [main] Log - Running test case guestCheckoutSuccess
[INFO] 23-02-2026 15:14:49 [main] Log - Cuộn tới phần tử: [[ChromeDriver: chrome on windows (12e3152048c91d59e58b31f204218122)] -> id: input-payment-firstname]
[INFO] 23-02-2026 15:14:54 [main] Log - Đang xác thực giá trị đúng...

[INFO] 23-02-2026 15:14:54 [main] Log - Giá trị đúng
[INFO] 23-02-2026 15:14:55 [main] Log - Đang xác thực giá trị đúng...

[INFO] 23-02-2026 15:14:55 [main] Log - Giá trị đúng
[INFO] 23-02-2026 15:14:55 [main] Log - Test case guestCheckoutSuccess is passed.
[INFO] 23-02-2026 15:14:58 [main] Log - Running test case checkoutFailWithoutAgree
[INFO] 23-02-2026 15:15:01 [main] Log - Cuộn tới phần tử: [[ChromeDriver: chrome on windows (12e3152048c91d59e58b31f204218122)] -> id: input-payment-firstname]
[INFO] 23-02-2026 15:15:05 [main] Log - Đang xác thực giá trị đúng...

[INFO] 23-02-2026 15:15:05 [main] Log - Giá trị đúng
[INFO] 23-02-2026 15:15:05 [main] Log - Test case checkoutFailWithoutAgree is passed.
[INFO] 23-02-2026 15:15:08 [main] Log - Running test case checkoutFailInvailEmailAndPhone
[INFO] 23-02-2026 15:15:10 [main] Log - Cuộn tới phần tử: [[ChromeDriver: chrome on windows (12e3152048c91d59e58b31f204218122)] -> id: input-payment-firstname]
[ERROR] 23-02-2026 15:15:58 [main] Log - Test case checkoutFailInvailEmailAndPhone is failed.
[ERROR] 23-02-2026 15:15:58 [main] Log - org.openqa.selenium.NoSuchElementException: Timed out after 5 seconds. Unable to locate the element
[INFO] 23-02-2026 15:16:01 [main] Log - Running test case checkoutWithAccountSuccess
[ERROR] 23-02-2026 15:16:16 [main] Log - Test case checkoutWithAccountSuccess is failed.
[ERROR] 23-02-2026 15:16:17 [main] Log - org.openqa.selenium.ElementNotInteractableException: element not interactable
  (Session info: chrome=145.0.7632.76)
Build info: version: '4.29.0', revision: '5fc1ec94cb'
System info: os.name: 'Windows 11', os.arch: 'amd64', os.version: '10.0', java.version: '17.0.12'
Driver info: org.openqa.selenium.chrome.ChromeDriver
Command: [12e3152048c91d59e58b31f204218122, clickElement {id=f.338C5722E09BFA8652165DC004D63E0D.d.FA1DBFA1E8A7946F70A2205EE074FA96.e.542}]
Capabilities {acceptInsecureCerts: false, browserName: chrome, browserVersion: 145.0.7632.76, chrome: {chromedriverVersion: 145.0.7632.77 (da516187054a..., userDataDir: C:\Users\velvet\AppData\Loc...}, fedcm:accounts: true, goog:chromeOptions: {debuggerAddress: localhost:57587}, goog:processID: 17520, networkConnectionEnabled: false, pageLoadStrategy: normal, platformName: windows, proxy: Proxy(), se:cdp: ws://localhost:57587/devtoo..., se:cdpVersion: 145.0.7632.76, setWindowRect: true, strictFileInteractability: false, timeouts: {implicit: 0, pageLoad: 300000, script: 30000}, unhandledPromptBehavior: dismiss and notify, webauthn:extension:credBlob: true, webauthn:extension:largeBlob: true, webauthn:extension:minPinLength: true, webauthn:extension:prf: true, webauthn:virtualAuthenticators: true}
Element: [[ChromeDriver: chrome on windows (12e3152048c91d59e58b31f204218122)] -> xpath: //a[normalize-space()='iMac']]
Session ID: 12e3152048c91d59e58b31f204218122
[INFO] 23-02-2026 15:16:19 [main] Log - End testing AutomationOpenCart
[INFO] 23-02-2026 15:19:18 [main] Log - Khởi tạo trình duyệt: chrome
[INFO] 23-02-2026 15:19:23 [main] Log - Running test case guestCheckoutSuccess
[INFO] 23-02-2026 15:19:27 [main] Log - Cuộn tới phần tử: [[ChromeDriver: chrome on windows (102b88b2f795a4ac20ece69770307de1)] -> id: input-payment-firstname]
[INFO] 23-02-2026 15:19:32 [main] Log - Đang xác thực giá trị đúng...

[INFO] 23-02-2026 15:19:32 [main] Log - Giá trị đúng
[INFO] 23-02-2026 15:19:33 [main] Log - Đang xác thực giá trị đúng...

[INFO] 23-02-2026 15:19:33 [main] Log - Giá trị đúng
[INFO] 23-02-2026 15:19:33 [main] Log - Test case guestCheckoutSuccess is passed.
[INFO] 23-02-2026 15:19:36 [main] Log - Running test case checkoutFailWithoutAgree
[INFO] 23-02-2026 15:19:40 [main] Log - Cuộn tới phần tử: [[ChromeDriver: chrome on windows (102b88b2f795a4ac20ece69770307de1)] -> id: input-payment-firstname]
[INFO] 23-02-2026 15:19:43 [main] Log - Đang xác thực giá trị đúng...

[INFO] 23-02-2026 15:19:43 [main] Log - Giá trị đúng
[INFO] 23-02-2026 15:19:43 [main] Log - Test case checkoutFailWithoutAgree is passed.
[INFO] 23-02-2026 15:19:46 [main] Log - Running test case checkoutFailInvailEmailAndPhone
[ERROR] 23-02-2026 15:20:09 [main] Log - Hết thời gian chờ phần tử có thể click: [[ChromeDriver: chrome on windows (102b88b2f795a4ac20ece69770307de1)] -> id: button-account]
[ERROR] 23-02-2026 15:20:09 [main] Log - Test case checkoutFailInvailEmailAndPhone is failed.
[ERROR] 23-02-2026 15:20:09 [main] Log - java.lang.RuntimeException: Không thể tìm thấy phần tử có thể click: [[ChromeDriver: chrome on windows (102b88b2f795a4ac20ece69770307de1)] -> id: button-account]
[INFO] 23-02-2026 15:20:12 [main] Log - Running test case checkoutWithAccountSuccess
[INFO] 23-02-2026 15:22:05 [main] Log - Khởi tạo trình duyệt: chrome
[INFO] 23-02-2026 15:22:08 [main] Log - Running test case guestCheckoutSuccess
[INFO] 23-02-2026 15:22:13 [main] Log - Cuộn tới phần tử: [[ChromeDriver: chrome on windows (b0abc016449c92bb0f82e2cf9d3c2785)] -> id: input-payment-firstname]
[INFO] 23-02-2026 15:22:18 [main] Log - Đang xác thực giá trị đúng...

[INFO] 23-02-2026 15:22:18 [main] Log - Giá trị đúng
[INFO] 23-02-2026 15:22:19 [main] Log - Đang xác thực giá trị đúng...

[INFO] 23-02-2026 15:22:19 [main] Log - Giá trị đúng
[INFO] 23-02-2026 15:22:19 [main] Log - Test case guestCheckoutSuccess is passed.
[INFO] 23-02-2026 15:22:23 [main] Log - Running test case checkoutFailWithoutAgree
[INFO] 23-02-2026 15:22:26 [main] Log - Cuộn tới phần tử: [[ChromeDriver: chrome on windows (b0abc016449c92bb0f82e2cf9d3c2785)] -> id: input-payment-firstname]
[INFO] 23-02-2026 15:22:30 [main] Log - Đang xác thực giá trị đúng...

[INFO] 23-02-2026 15:22:30 [main] Log - Giá trị đúng
[INFO] 23-02-2026 15:22:30 [main] Log - Test case checkoutFailWithoutAgree is passed.
[INFO] 23-02-2026 15:22:33 [main] Log - Running test case checkoutFailInvailEmailAndPhone
[INFO] 23-02-2026 15:22:35 [main] Log - Cuộn tới phần tử: [[ChromeDriver: chrome on windows (b0abc016449c92bb0f82e2cf9d3c2785)] -> id: input-payment-firstname]
[ERROR] 23-02-2026 15:23:22 [main] Log - Test case checkoutFailInvailEmailAndPhone is failed.
[ERROR] 23-02-2026 15:23:22 [main] Log - org.openqa.selenium.NoSuchElementException: Timed out after 5 seconds. Unable to locate the element
[INFO] 23-02-2026 15:23:25 [main] Log - Running test case checkoutWithAccountSuccess
[INFO] 23-02-2026 15:23:32 [main] Log - Đang xác thực giá trị đúng...

[INFO] 23-02-2026 15:23:32 [main] Log - Giá trị đúng
[INFO] 23-02-2026 15:23:33 [main] Log - Đang xác thực giá trị đúng...

[INFO] 23-02-2026 15:23:33 [main] Log - Giá trị đúng
[INFO] 23-02-2026 15:23:33 [main] Log - Test case checkoutWithAccountSuccess is passed.
[INFO] 23-02-2026 15:23:36 [main] Log - End testing AutomationOpenCart
[INFO] 23-02-2026 15:26:08 [main] Log - Khởi tạo trình duyệt: chrome
[INFO] 23-02-2026 15:26:14 [main] Log - Running test case testLoginSuccess
[INFO] 23-02-2026 15:26:16 [main] Log - Đang xác thực giá trị đúng...

[INFO] 23-02-2026 15:26:16 [main] Log - Giá trị đúng
[INFO] 23-02-2026 15:26:16 [main] Log - Cuộn tới phần tử: [[ChromeDriver: chrome on windows (f9bc95dfe8c44d74e3fe1c6c90c2fec1)] -> xpath: //a[@class='list-group-item'][normalize-space()='Logout']]
[INFO] 23-02-2026 15:26:16 [main] Log - Test case testLoginSuccess is passed.
[INFO] 23-02-2026 15:26:19 [main] Log - Running test case testLoginNegativeBoundary
[INFO] 23-02-2026 15:26:20 [main] Log - Thông báo lỗi: [Warning: No match for E-Mail Address and/or Password.]
[INFO] 23-02-2026 15:26:20 [main] Log - Test case testLoginNegativeBoundary is passed.
[INFO] 23-02-2026 15:26:22 [main] Log - Running test case testLoginNegativeBoundary
[INFO] 23-02-2026 15:26:24 [main] Log - Thông báo lỗi: [Warning: No match for E-Mail Address and/or Password.]
[INFO] 23-02-2026 15:26:24 [main] Log - Test case testLoginNegativeBoundary is passed.
[INFO] 23-02-2026 15:26:26 [main] Log - Running test case testLoginNegativeBoundary
[INFO] 23-02-2026 15:26:27 [main] Log - Thông báo lỗi: [Warning: No match for E-Mail Address and/or Password.]
[ERROR] 23-02-2026 15:26:27 [main] Log - Test case testLoginNegativeBoundary is failed.
[ERROR] 23-02-2026 15:26:27 [main] Log - java.lang.AssertionError: Lỗi mong muốn không tìm thấy: Password must not be empty
Thông báo thực tế: [Warning: No match for E-Mail Address and/or Password.] expected [true] but found [false]
[INFO] 23-02-2026 15:26:30 [main] Log - Running test case testBlockLogin
[INFO] 23-02-2026 15:26:31 [main] Log - Thông báo lỗi: [Warning: Your account has exceeded allowed number of login attempts. Please try again in 1 hour.]
[INFO] 23-02-2026 15:26:31 [main] Log - Test case testBlockLogin is passed.
[INFO] 23-02-2026 15:26:34 [main] Log - Running test case testLoginWhenLoginBlock
[INFO] 23-02-2026 15:26:35 [main] Log - Cuộn tới phần tử: [[ChromeDriver: chrome on windows (f9bc95dfe8c44d74e3fe1c6c90c2fec1)] -> xpath: //a[@class='list-group-item'][normalize-space()='Logout']]
[INFO] 23-02-2026 15:26:35 [main] Log - Đang xác thực giá trị đúng...

[ERROR] 23-02-2026 15:26:35 [main] Log - Test case testLoginWhenLoginBlock is failed.
[ERROR] 23-02-2026 15:26:35 [main] Log - java.lang.RuntimeException: Kiểm tra thất bại: Lỗi: Login bị khóa vẫn đăng nhập được
[INFO] 23-02-2026 15:26:38 [main] Log - Running test case testLoginWithPassSQLInjection
[INFO] 23-02-2026 15:26:39 [main] Log - Thông báo lỗi: [Warning: No match for E-Mail Address and/or Password.]
[INFO] 23-02-2026 15:26:39 [main] Log - Test case testLoginWithPassSQLInjection is passed.
[INFO] 23-02-2026 15:26:42 [main] Log - End testing AutomationOpenCart
[INFO] 23-02-2026 15:28:14 [main] Log - Khởi tạo trình duyệt: chrome
[INFO] 23-02-2026 15:28:20 [main] Log - Running test case registerSuccess
[INFO] 23-02-2026 15:28:21 [main] Log - Đang xác thực giá trị đúng...

[INFO] 23-02-2026 15:28:21 [main] Log - Giá trị đúng
[INFO] 23-02-2026 15:28:21 [main] Log - Cuộn tới phần tử: [[ChromeDriver: chrome on windows (9765b4bf16998b6c817797df65b92a2d)] -> xpath: //legend[normalize-space()='Your Personal Details']]
[INFO] 23-02-2026 15:28:22 [main] Log - Cuộn tới phần tử: [[ChromeDriver: chrome on windows (9765b4bf16998b6c817797df65b92a2d)] -> xpath: //legend[normalize-space()='Your Password']]
[INFO] 23-02-2026 15:28:23 [main] Log - Đang xác thực giá trị đúng...

[INFO] 23-02-2026 15:28:23 [main] Log - Giá trị đúng
[INFO] 23-02-2026 15:28:23 [main] Log - Cuộn tới phần tử: [[ChromeDriver: chrome on windows (9765b4bf16998b6c817797df65b92a2d)] -> xpath: //a[@class='list-group-item'][normalize-space()='Logout']]
[INFO] 23-02-2026 15:28:24 [main] Log - Test case registerSuccess is passed.
[INFO] 23-02-2026 15:28:27 [main] Log - Running test case registerSuccess
[INFO] 23-02-2026 15:28:27 [main] Log - Đang xác thực giá trị đúng...

[INFO] 23-02-2026 15:28:27 [main] Log - Giá trị đúng
[INFO] 23-02-2026 15:28:27 [main] Log - Cuộn tới phần tử: [[ChromeDriver: chrome on windows (9765b4bf16998b6c817797df65b92a2d)] -> xpath: //legend[normalize-space()='Your Personal Details']]
[INFO] 23-02-2026 15:28:28 [main] Log - Cuộn tới phần tử: [[ChromeDriver: chrome on windows (9765b4bf16998b6c817797df65b92a2d)] -> xpath: //legend[normalize-space()='Your Password']]
[INFO] 23-02-2026 15:28:29 [main] Log - Đang xác thực giá trị đúng...

[INFO] 23-02-2026 15:28:29 [main] Log - Giá trị đúng
[INFO] 23-02-2026 15:28:29 [main] Log - Cuộn tới phần tử: [[ChromeDriver: chrome on windows (9765b4bf16998b6c817797df65b92a2d)] -> xpath: //a[@class='list-group-item'][normalize-space()='Logout']]
[INFO] 23-02-2026 15:28:30 [main] Log - Test case registerSuccess is passed.
[INFO] 23-02-2026 15:28:32 [main] Log - Running test case registerNegativeBoundary
[INFO] 23-02-2026 15:28:33 [main] Log - Cuộn tới phần tử: [[ChromeDriver: chrome on windows (9765b4bf16998b6c817797df65b92a2d)] -> xpath: //legend[normalize-space()='Your Personal Details']]
[INFO] 23-02-2026 15:28:34 [main] Log - Cuộn tới phần tử: [[ChromeDriver: chrome on windows (9765b4bf16998b6c817797df65b92a2d)] -> xpath: //legend[normalize-space()='Your Password']]
[INFO] 23-02-2026 15:29:20 [main] Log - Thông báo lỗi: [First Name must be between 1 and 32 characters!]
[INFO] 23-02-2026 15:29:20 [main] Log - Test case registerNegativeBoundary is passed.
[INFO] 23-02-2026 15:29:23 [main] Log - Running test case registerNegativeBoundary
[INFO] 23-02-2026 15:29:23 [main] Log - Cuộn tới phần tử: [[ChromeDriver: chrome on windows (9765b4bf16998b6c817797df65b92a2d)] -> xpath: //legend[normalize-space()='Your Personal Details']]
[INFO] 23-02-2026 15:29:24 [main] Log - Cuộn tới phần tử: [[ChromeDriver: chrome on windows (9765b4bf16998b6c817797df65b92a2d)] -> xpath: //legend[normalize-space()='Your Password']]
[INFO] 23-02-2026 15:30:10 [main] Log - Thông báo lỗi: [First Name must be between 1 and 32 characters!]
[INFO] 23-02-2026 15:30:10 [main] Log - Test case registerNegativeBoundary is passed.
[INFO] 23-02-2026 15:30:13 [main] Log - Running test case registerNegativeBoundary
[INFO] 23-02-2026 15:30:13 [main] Log - Cuộn tới phần tử: [[ChromeDriver: chrome on windows (9765b4bf16998b6c817797df65b92a2d)] -> xpath: //legend[normalize-space()='Your Personal Details']]
[INFO] 23-02-2026 15:30:14 [main] Log - Cuộn tới phần tử: [[ChromeDriver: chrome on windows (9765b4bf16998b6c817797df65b92a2d)] -> xpath: //legend[normalize-space()='Your Password']]
[INFO] 23-02-2026 15:31:00 [main] Log - Thông báo lỗi: [Telephone must be between 3 and 32 characters!]
[INFO] 23-02-2026 15:31:00 [main] Log - Test case registerNegativeBoundary is passed.
[INFO] 23-02-2026 15:31:03 [main] Log - Running test case registerNegativeBoundary
[INFO] 23-02-2026 15:31:03 [main] Log - Cuộn tới phần tử: [[ChromeDriver: chrome on windows (9765b4bf16998b6c817797df65b92a2d)] -> xpath: //legend[normalize-space()='Your Personal Details']]
[INFO] 23-02-2026 15:31:04 [main] Log - Cuộn tới phần tử: [[ChromeDriver: chrome on windows (9765b4bf16998b6c817797df65b92a2d)] -> xpath: //legend[normalize-space()='Your Password']]
[INFO] 23-02-2026 15:31:50 [main] Log - Thông báo lỗi: [E-Mail Address does not appear to be valid!]
[INFO] 23-02-2026 15:31:50 [main] Log - Test case registerNegativeBoundary is passed.
[INFO] 23-02-2026 15:31:53 [main] Log - Running test case registerNegativeBoundary
[INFO] 23-02-2026 15:31:53 [main] Log - Cuộn tới phần tử: [[ChromeDriver: chrome on windows (9765b4bf16998b6c817797df65b92a2d)] -> xpath: //legend[normalize-space()='Your Personal Details']]
[INFO] 23-02-2026 15:31:54 [main] Log - Cuộn tới phần tử: [[ChromeDriver: chrome on windows (9765b4bf16998b6c817797df65b92a2d)] -> xpath: //legend[normalize-space()='Your Password']]
[INFO] 23-02-2026 15:32:40 [main] Log - Thông báo lỗi: [Warning: E-Mail Address is already registered!]
[INFO] 23-02-2026 15:32:40 [main] Log - Test case registerNegativeBoundary is passed.
[INFO] 23-02-2026 15:32:43 [main] Log - Running test case registerNegativeBoundary
[INFO] 23-02-2026 15:32:43 [main] Log - Cuộn tới phần tử: [[ChromeDriver: chrome on windows (9765b4bf16998b6c817797df65b92a2d)] -> xpath: //legend[normalize-space()='Your Personal Details']]
[INFO] 23-02-2026 15:32:45 [main] Log - Cuộn tới phần tử: [[ChromeDriver: chrome on windows (9765b4bf16998b6c817797df65b92a2d)] -> xpath: //legend[normalize-space()='Your Password']]
[INFO] 23-02-2026 15:33:31 [main] Log - Thông báo lỗi: [Warning: E-Mail Address is already registered!]
[ERROR] 23-02-2026 15:33:31 [main] Log - Test case registerNegativeBoundary is failed.
[ERROR] 23-02-2026 15:33:32 [main] Log - java.lang.AssertionError: Lỗi mong muốn không tìm thấy: Telephone must be between 3 and 32 characters!
Thông báo thực tế: [Warning: E-Mail Address is already registered!] expected [true] but found [false]
[INFO] 23-02-2026 15:33:34 [main] Log - Running test case registerNegativeBoundary
[INFO] 23-02-2026 15:33:35 [main] Log - Cuộn tới phần tử: [[ChromeDriver: chrome on windows (9765b4bf16998b6c817797df65b92a2d)] -> xpath: //legend[normalize-space()='Your Personal Details']]
[INFO] 23-02-2026 15:33:36 [main] Log - Cuộn tới phần tử: [[ChromeDriver: chrome on windows (9765b4bf16998b6c817797df65b92a2d)] -> xpath: //legend[normalize-space()='Your Password']]
[INFO] 23-02-2026 15:34:22 [main] Log - Thông báo lỗi: [Warning: E-Mail Address is already registered!]
[ERROR] 23-02-2026 15:34:22 [main] Log - Test case registerNegativeBoundary is failed.
[ERROR] 23-02-2026 15:34:22 [main] Log - java.lang.AssertionError: Lỗi mong muốn không tìm thấy: E-Mail Address does not appear to be valid!
Thông báo thực tế: [Warning: E-Mail Address is already registered!] expected [true] but found [false]
[INFO] 23-02-2026 15:34:26 [main] Log - End testing AutomationOpenCart
[INFO] 23-02-2026 15:35:06 [main] Log - Khởi tạo trình duyệt: chrome
[INFO] 23-02-2026 15:35:14 [main] Log - Running test case searchValidKeyword
[INFO] 23-02-2026 15:35:16 [main] Log - Đang xác thực giá trị đúng...

[INFO] 23-02-2026 15:35:16 [main] Log - Giá trị đúng
[INFO] 23-02-2026 15:35:16 [main] Log - Test case searchValidKeyword is passed.
[INFO] 23-02-2026 15:35:19 [main] Log - Running test case searchValidKeyword
[INFO] 23-02-2026 15:35:20 [main] Log - Đang xác thực giá trị đúng...

[INFO] 23-02-2026 15:35:20 [main] Log - Giá trị đúng
[INFO] 23-02-2026 15:35:20 [main] Log - Test case searchValidKeyword is passed.
[INFO] 23-02-2026 15:35:22 [main] Log - Running test case filterFromCategory
[INFO] 23-02-2026 15:35:24 [main] Log - Đang xác thực giá trị đúng...

[ERROR] 23-02-2026 15:35:24 [main] Log - Test case filterFromCategory is failed.
[ERROR] 23-02-2026 15:35:24 [main] Log - java.lang.RuntimeException: Kiểm tra thất bại: Lỗi: Lọc theo danh mục không hiện sản phẩm
[INFO] 23-02-2026 15:35:27 [main] Log - Running test case searchInvalidKeyword
[INFO] 23-02-2026 15:35:28 [main] Log - Đang xác thực giá trị đúng...

[INFO] 23-02-2026 15:35:28 [main] Log - Giá trị đúng
[INFO] 23-02-2026 15:35:28 [main] Log - Test case searchInvalidKeyword is passed.
[INFO] 23-02-2026 15:35:30 [main] Log - Running test case searchInvalidKeyword
[INFO] 23-02-2026 15:35:31 [main] Log - Đang xác thực giá trị đúng...

[INFO] 23-02-2026 15:35:31 [main] Log - Giá trị đúng
[INFO] 23-02-2026 15:35:31 [main] Log - Test case searchInvalidKeyword is passed.
[INFO] 23-02-2026 15:35:33 [main] Log - Running test case filterProduct
[INFO] 23-02-2026 15:35:34 [main] Log - Đang xác thực giá trị đúng...

[INFO] 23-02-2026 15:35:34 [main] Log - Giá trị đúng
[INFO] 23-02-2026 15:35:35 [main] Log - Đang xác thực giá trị đúng...

[INFO] 23-02-2026 15:35:35 [main] Log - Giá trị đúng
[INFO] 23-02-2026 15:35:36 [main] Log - Đang xác thực giá trị đúng...

[INFO] 23-02-2026 15:35:36 [main] Log - Giá trị đúng
[INFO] 23-02-2026 15:35:36 [main] Log - Đang xác thực giá trị đúng...

[INFO] 23-02-2026 15:35:36 [main] Log - Giá trị đúng
[INFO] 23-02-2026 15:35:36 [main] Log - Test case filterProduct is passed.
[INFO] 23-02-2026 15:35:39 [main] Log - End testing AutomationOpenCart
[INFO] 23-02-2026 15:35:55 [main] Log - Khởi tạo trình duyệt: chrome
[INFO] 23-02-2026 15:36:03 [main] Log - Cuộn tới phần tử: [[ChromeDriver: chrome on windows (8a759116813f3b4f54e535216d1e8073)] -> xpath: (//a[normalize-space()='MacBook'])[1]]
[INFO] 23-02-2026 15:36:06 [main] Log - Running test case verifyProductsAddedToCart
[INFO] 23-02-2026 15:36:07 [main] Log - Đang xác thực giá trị đúng...

[INFO] 23-02-2026 15:36:07 [main] Log - Giá trị đúng
[INFO] 23-02-2026 15:36:07 [main] Log - Đang xác thực giá trị đúng...

[INFO] 23-02-2026 15:36:07 [main] Log - Giá trị đúng
[INFO] 23-02-2026 15:36:07 [main] Log - Test case verifyProductsAddedToCart is passed.
[INFO] 23-02-2026 15:36:09 [main] Log - Running test case verifyUpdateQuantityUpdatesTotalPrice
[INFO] 23-02-2026 15:36:10 [main] Log - Đang xác thực giá trị bằng nhau...
 - Thực tế: 1324.0
 - Kỳ vọng: 1324.0
[INFO] 23-02-2026 15:36:10 [main] Log - Test case verifyUpdateQuantityUpdatesTotalPrice is passed.
[INFO] 23-02-2026 15:36:13 [main] Log - Running test case verifyRemoveProduct
[INFO] 23-02-2026 15:36:29 [main] Log - Test case verifyRemoveProduct is passed.
[INFO] 23-02-2026 15:36:31 [main] Log - Running test case verifyReloadKeepsCartState
[INFO] 23-02-2026 15:36:33 [main] Log - Đang xác thực giá trị bằng nhau...
 - Thực tế: 3
 - Kỳ vọng: 3
[INFO] 23-02-2026 15:36:33 [main] Log - Test case verifyReloadKeepsCartState is passed.
[INFO] 23-02-2026 15:36:35 [main] Log - Running test case verifyQuantityZero
[INFO] 23-02-2026 15:36:51 [main] Log - Đang xác thực giá trị đúng...

[INFO] 23-02-2026 15:36:51 [main] Log - Giá trị đúng
[INFO] 23-02-2026 15:36:51 [main] Log - Test case verifyQuantityZero is passed.
[INFO] 23-02-2026 15:36:53 [main] Log - Running test case verifyNegativeQuantity
[INFO] 23-02-2026 15:37:09 [main] Log - Cuộn tới phần tử: [[ChromeDriver: chrome on windows (8a759116813f3b4f54e535216d1e8073)] -> xpath: (//a[normalize-space()='MacBook'])[1]]
[INFO] 23-02-2026 15:37:27 [main] Log - Đang xác thực giá trị đúng...

[INFO] 23-02-2026 15:37:27 [main] Log - Giá trị đúng
[INFO] 23-02-2026 15:37:27 [main] Log - Test case verifyNegativeQuantity is passed.
[INFO] 23-02-2026 15:37:29 [main] Log - Running test case verifyInvalidQuantityText
[INFO] 23-02-2026 15:37:45 [main] Log - Cuộn tới phần tử: [[ChromeDriver: chrome on windows (8a759116813f3b4f54e535216d1e8073)] -> xpath: (//a[normalize-space()='MacBook'])[1]]
[INFO] 23-02-2026 15:38:02 [main] Log - Đang xác thực giá trị đúng...

[INFO] 23-02-2026 15:38:02 [main] Log - Giá trị đúng
[INFO] 23-02-2026 15:38:02 [main] Log - Test case verifyInvalidQuantityText is passed.
[INFO] 23-02-2026 15:38:05 [main] Log - Running test case verifyCartTotalPrice
[INFO] 23-02-2026 15:38:21 [main] Log - Cuộn tới phần tử: [[ChromeDriver: chrome on windows (8a759116813f3b4f54e535216d1e8073)] -> xpath: (//a[normalize-space()='MacBook'])[1]]
[INFO] 23-02-2026 15:38:23 [main] Log - Cuộn tới phần tử: [[ChromeDriver: chrome on windows (8a759116813f3b4f54e535216d1e8073)] -> xpath: //strong[text()='Sub-Total:']/parent::td/following-sibling::td]
[INFO] 23-02-2026 15:38:23 [main] Log - Đang xác thực giá trị đúng...

[INFO] 23-02-2026 15:38:23 [main] Log - Giá trị đúng
[INFO] 23-02-2026 15:38:23 [main] Log - Test case verifyCartTotalPrice is passed.
[INFO] 23-02-2026 15:38:27 [main] Log - End testing AutomationOpenCart
[INFO] 23-02-2026 15:38:44 [main] Log - Khởi tạo trình duyệt: chrome
[INFO] 23-02-2026 15:38:50 [main] Log - Running test case guestCheckoutSuccess
[INFO] 23-02-2026 15:38:57 [main] Log - Cuộn tới phần tử: [[ChromeDriver: chrome on windows (f6dc521cfa13c0b9e072a04e0abeaf14)] -> id: input-payment-firstname]
[INFO] 23-02-2026 15:39:04 [main] Log - Đang xác thực giá trị đúng...

[INFO] 23-02-2026 15:39:04 [main] Log - Giá trị đúng
[INFO] 23-02-2026 15:39:06 [main] Log - Đang xác thực giá trị đúng...

[INFO] 23-02-2026 15:39:06 [main] Log - Giá trị đúng
[INFO] 23-02-2026 15:39:06 [main] Log - Test case guestCheckoutSuccess is passed.
[INFO] 23-02-2026 15:39:10 [main] Log - Running test case checkoutFailWithoutAgree
[INFO] 23-02-2026 15:39:15 [main] Log - Cuộn tới phần tử: [[ChromeDriver: chrome on windows (f6dc521cfa13c0b9e072a04e0abeaf14)] -> id: input-payment-firstname]
[INFO] 23-02-2026 15:39:19 [main] Log - Đang xác thực giá trị đúng...

[INFO] 23-02-2026 15:39:19 [main] Log - Giá trị đúng
[INFO] 23-02-2026 15:39:19 [main] Log - Test case checkoutFailWithoutAgree is passed.
[INFO] 23-02-2026 15:39:22 [main] Log - Running test case checkoutFailInvailEmailAndPhone
[INFO] 23-02-2026 15:39:24 [main] Log - Cuộn tới phần tử: [[ChromeDriver: chrome on windows (f6dc521cfa13c0b9e072a04e0abeaf14)] -> id: input-payment-firstname]
[ERROR] 23-02-2026 15:40:12 [main] Log - Test case checkoutFailInvailEmailAndPhone is failed.
[ERROR] 23-02-2026 15:40:12 [main] Log - org.openqa.selenium.NoSuchElementException: Timed out after 5 seconds. Unable to locate the element
[INFO] 23-02-2026 15:40:15 [main] Log - Running test case checkoutWithAccountSuccess
[INFO] 23-02-2026 15:40:22 [main] Log - Đang xác thực giá trị đúng...

[INFO] 23-02-2026 15:40:22 [main] Log - Giá trị đúng
[INFO] 23-02-2026 15:40:23 [main] Log - Đang xác thực giá trị đúng...

[INFO] 23-02-2026 15:40:23 [main] Log - Giá trị đúng
[INFO] 23-02-2026 15:40:23 [main] Log - Test case checkoutWithAccountSuccess is passed.
[INFO] 23-02-2026 15:40:27 [main] Log - End testing AutomationOpenCart
[INFO] 23-02-2026 21:29:35 [main] Log - Khởi tạo trình duyệt: chrome
[INFO] 23-02-2026 21:29:43 [main] Log - Cuộn tới phần tử: [[ChromeDriver: chrome on windows (5abc2e77ac39d54b8a9624da0866072b)] -> xpath: (//a[normalize-space()='MacBook'])[1]]
[INFO] 23-02-2026 21:29:45 [main] Log - Running test case verifyProductsAddedToCart
[INFO] 23-02-2026 21:29:46 [main] Log - Đang xác thực giá trị đúng...

[INFO] 23-02-2026 21:29:46 [main] Log - Giá trị đúng
[INFO] 23-02-2026 21:29:46 [main] Log - Đang xác thực giá trị đúng...

[INFO] 23-02-2026 21:29:46 [main] Log - Giá trị đúng
[INFO] 23-02-2026 21:29:46 [main] Log - Test case verifyProductsAddedToCart is passed.
[INFO] 23-02-2026 21:29:50 [main] Log - Running test case verifyUpdateQuantityUpdatesTotalPrice
[INFO] 23-02-2026 21:29:51 [main] Log - Đang xác thực giá trị bằng nhau...
 - Thực tế: 1324.0
 - Kỳ vọng: 1324.0
[INFO] 23-02-2026 21:29:51 [main] Log - Test case verifyUpdateQuantityUpdatesTotalPrice is passed.
[INFO] 23-02-2026 21:29:53 [main] Log - Running test case verifyRemoveProduct
[INFO] 23-02-2026 21:30:09 [main] Log - Test case verifyRemoveProduct is passed.
[INFO] 23-02-2026 21:30:11 [main] Log - Running test case verifyReloadKeepsCartState
[INFO] 23-02-2026 21:30:12 [main] Log - Đang xác thực giá trị bằng nhau...
 - Thực tế: 3
 - Kỳ vọng: 3
[INFO] 23-02-2026 21:30:12 [main] Log - Test case verifyReloadKeepsCartState is passed.
[INFO] 23-02-2026 21:30:15 [main] Log - Running test case verifyQuantityOverflow
[INFO] 23-02-2026 21:30:15 [main] Log - Đang xác thực giá trị đúng...

[INFO] 23-02-2026 21:30:15 [main] Log - Giá trị đúng
[INFO] 23-02-2026 21:30:15 [main] Log - Test case verifyQuantityOverflow is passed.
[INFO] 23-02-2026 21:30:18 [main] Log - Running test case verifyQuantityZero
[INFO] 23-02-2026 21:30:33 [main] Log - Đang xác thực giá trị đúng...

[INFO] 23-02-2026 21:30:33 [main] Log - Giá trị đúng
[INFO] 23-02-2026 21:30:33 [main] Log - Test case verifyQuantityZero is passed.
[INFO] 23-02-2026 21:30:36 [main] Log - Running test case verifyNegativeQuantity
[INFO] 23-02-2026 21:30:51 [main] Log - Cuộn tới phần tử: [[ChromeDriver: chrome on windows (5abc2e77ac39d54b8a9624da0866072b)] -> xpath: (//a[normalize-space()='MacBook'])[1]]
[INFO] 23-02-2026 21:31:09 [main] Log - Đang xác thực giá trị đúng...

[INFO] 23-02-2026 21:31:09 [main] Log - Giá trị đúng
[INFO] 23-02-2026 21:31:09 [main] Log - Test case verifyNegativeQuantity is passed.
[INFO] 23-02-2026 21:31:12 [main] Log - Running test case verifyInvalidQuantityText
[INFO] 23-02-2026 21:31:28 [main] Log - Cuộn tới phần tử: [[ChromeDriver: chrome on windows (5abc2e77ac39d54b8a9624da0866072b)] -> xpath: (//a[normalize-space()='MacBook'])[1]]
[INFO] 23-02-2026 21:31:45 [main] Log - Đang xác thực giá trị đúng...

[INFO] 23-02-2026 21:31:45 [main] Log - Giá trị đúng
[INFO] 23-02-2026 21:31:45 [main] Log - Test case verifyInvalidQuantityText is passed.
[INFO] 23-02-2026 21:31:48 [main] Log - Running test case verifyCartTotalPrice
[INFO] 23-02-2026 21:32:04 [main] Log - Cuộn tới phần tử: [[ChromeDriver: chrome on windows (5abc2e77ac39d54b8a9624da0866072b)] -> xpath: (//a[normalize-space()='MacBook'])[1]]
[INFO] 23-02-2026 21:32:06 [main] Log - Cuộn tới phần tử: [[ChromeDriver: chrome on windows (5abc2e77ac39d54b8a9624da0866072b)] -> xpath: //strong[text()='Sub-Total:']/parent::td/following-sibling::td]
[INFO] 23-02-2026 21:32:06 [main] Log - Đang xác thực giá trị đúng...

[INFO] 23-02-2026 21:32:06 [main] Log - Giá trị đúng
[INFO] 23-02-2026 21:32:06 [main] Log - Test case verifyCartTotalPrice is passed.
[INFO] 23-02-2026 21:32:09 [main] Log - End testing AutomationOpenCart
[INFO] 23-02-2026 21:33:41 [main] Log - Khởi tạo trình duyệt: chrome
[INFO] 23-02-2026 21:33:46 [main] Log - Running test case registerSuccess
[INFO] 23-02-2026 21:33:47 [main] Log - Đang xác thực giá trị đúng...

[INFO] 23-02-2026 21:33:47 [main] Log - Giá trị đúng
[INFO] 23-02-2026 21:33:47 [main] Log - Cuộn tới phần tử: [[ChromeDriver: chrome on windows (e2d9a0145d96e93824366260038f889e)] -> xpath: //legend[normalize-space()='Your Personal Details']]
[INFO] 23-02-2026 21:33:48 [main] Log - Cuộn tới phần tử: [[ChromeDriver: chrome on windows (e2d9a0145d96e93824366260038f889e)] -> xpath: //legend[normalize-space()='Your Password']]
[INFO] 23-02-2026 21:33:51 [main] Log - Đang xác thực giá trị đúng...

[INFO] 23-02-2026 21:33:51 [main] Log - Giá trị đúng
[INFO] 23-02-2026 21:33:51 [main] Log - Cuộn tới phần tử: [[ChromeDriver: chrome on windows (e2d9a0145d96e93824366260038f889e)] -> xpath: //a[@class='list-group-item'][normalize-space()='Logout']]
[INFO] 23-02-2026 21:33:52 [main] Log - Test case registerSuccess is passed.
[INFO] 23-02-2026 21:33:55 [main] Log - Running test case registerSuccess
[INFO] 23-02-2026 21:33:55 [main] Log - Đang xác thực giá trị đúng...

[INFO] 23-02-2026 21:33:55 [main] Log - Giá trị đúng
[INFO] 23-02-2026 21:33:55 [main] Log - Cuộn tới phần tử: [[ChromeDriver: chrome on windows (e2d9a0145d96e93824366260038f889e)] -> xpath: //legend[normalize-space()='Your Personal Details']]
[INFO] 23-02-2026 21:33:56 [main] Log - Cuộn tới phần tử: [[ChromeDriver: chrome on windows (e2d9a0145d96e93824366260038f889e)] -> xpath: //legend[normalize-space()='Your Password']]
[INFO] 23-02-2026 21:33:58 [main] Log - Đang xác thực giá trị đúng...

[INFO] 23-02-2026 21:33:58 [main] Log - Giá trị đúng
[INFO] 23-02-2026 21:33:58 [main] Log - Cuộn tới phần tử: [[ChromeDriver: chrome on windows (e2d9a0145d96e93824366260038f889e)] -> xpath: //a[@class='list-group-item'][normalize-space()='Logout']]
[INFO] 23-02-2026 21:33:58 [main] Log - Test case registerSuccess is passed.
[INFO] 23-02-2026 21:34:01 [main] Log - Running test case registerNegativeBoundary
[INFO] 23-02-2026 21:34:02 [main] Log - Cuộn tới phần tử: [[ChromeDriver: chrome on windows (e2d9a0145d96e93824366260038f889e)] -> xpath: //legend[normalize-space()='Your Personal Details']]
[INFO] 23-02-2026 21:34:02 [main] Log - Cuộn tới phần tử: [[ChromeDriver: chrome on windows (e2d9a0145d96e93824366260038f889e)] -> xpath: //legend[normalize-space()='Your Password']]
[INFO] 23-02-2026 21:34:49 [main] Log - Thông báo lỗi: [First Name must be between 1 and 32 characters!]
[INFO] 23-02-2026 21:34:49 [main] Log - Test case registerNegativeBoundary is passed.
[INFO] 23-02-2026 21:34:51 [main] Log - Running test case registerNegativeBoundary
[INFO] 23-02-2026 21:34:52 [main] Log - Cuộn tới phần tử: [[ChromeDriver: chrome on windows (e2d9a0145d96e93824366260038f889e)] -> xpath: //legend[normalize-space()='Your Personal Details']]
[INFO] 23-02-2026 21:34:52 [main] Log - Cuộn tới phần tử: [[ChromeDriver: chrome on windows (e2d9a0145d96e93824366260038f889e)] -> xpath: //legend[normalize-space()='Your Password']]
[INFO] 23-02-2026 21:35:39 [main] Log - Thông báo lỗi: [First Name must be between 1 and 32 characters!]
[INFO] 23-02-2026 21:35:39 [main] Log - Test case registerNegativeBoundary is passed.
[INFO] 23-02-2026 21:35:41 [main] Log - Running test case registerNegativeBoundary
[INFO] 23-02-2026 21:35:42 [main] Log - Cuộn tới phần tử: [[ChromeDriver: chrome on windows (e2d9a0145d96e93824366260038f889e)] -> xpath: //legend[normalize-space()='Your Personal Details']]
[INFO] 23-02-2026 21:35:43 [main] Log - Cuộn tới phần tử: [[ChromeDriver: chrome on windows (e2d9a0145d96e93824366260038f889e)] -> xpath: //legend[normalize-space()='Your Password']]
[INFO] 23-02-2026 21:36:29 [main] Log - Thông báo lỗi: [Telephone must be between 3 and 32 characters!]
[INFO] 23-02-2026 21:36:29 [main] Log - Test case registerNegativeBoundary is passed.
[INFO] 23-02-2026 21:36:32 [main] Log - Running test case registerNegativeBoundary
[INFO] 23-02-2026 21:36:32 [main] Log - Cuộn tới phần tử: [[ChromeDriver: chrome on windows (e2d9a0145d96e93824366260038f889e)] -> xpath: //legend[normalize-space()='Your Personal Details']]
[INFO] 23-02-2026 21:36:33 [main] Log - Cuộn tới phần tử: [[ChromeDriver: chrome on windows (e2d9a0145d96e93824366260038f889e)] -> xpath: //legend[normalize-space()='Your Password']]
[INFO] 23-02-2026 21:37:20 [main] Log - Thông báo lỗi: [E-Mail Address does not appear to be valid!]
[INFO] 23-02-2026 21:37:20 [main] Log - Test case registerNegativeBoundary is passed.
[INFO] 23-02-2026 21:37:22 [main] Log - Running test case registerNegativeBoundary
[INFO] 23-02-2026 21:37:23 [main] Log - Cuộn tới phần tử: [[ChromeDriver: chrome on windows (e2d9a0145d96e93824366260038f889e)] -> xpath: //legend[normalize-space()='Your Personal Details']]
[INFO] 23-02-2026 21:37:24 [main] Log - Cuộn tới phần tử: [[ChromeDriver: chrome on windows (e2d9a0145d96e93824366260038f889e)] -> xpath: //legend[normalize-space()='Your Password']]
[INFO] 23-02-2026 21:38:10 [main] Log - Thông báo lỗi: [Warning: E-Mail Address is already registered!]
[INFO] 23-02-2026 21:38:10 [main] Log - Test case registerNegativeBoundary is passed.
[INFO] 23-02-2026 21:38:13 [main] Log - Running test case registerNegativeBoundary
[INFO] 23-02-2026 21:38:14 [main] Log - Cuộn tới phần tử: [[ChromeDriver: chrome on windows (e2d9a0145d96e93824366260038f889e)] -> xpath: //legend[normalize-space()='Your Personal Details']]
[INFO] 23-02-2026 21:38:14 [main] Log - Cuộn tới phần tử: [[ChromeDriver: chrome on windows (e2d9a0145d96e93824366260038f889e)] -> xpath: //legend[normalize-space()='Your Password']]
[INFO] 23-02-2026 21:39:47 [main] Log - Thông báo lỗi: []
[ERROR] 23-02-2026 21:39:47 [main] Log - Test case registerNegativeBoundary is failed.
[ERROR] 23-02-2026 21:39:47 [main] Log - java.lang.AssertionError: Lỗi mong muốn không tìm thấy: Telephone must be between 3 and 32 characters!
Thông báo thực tế: [] expected [true] but found [false]
[INFO] 23-02-2026 21:39:51 [main] Log - Running test case registerNegativeBoundary
[ERROR] 23-02-2026 21:41:52 [main] Log - Hết thời gian chờ phần tử có thể click: [[ChromeDriver: chrome on windows (e2d9a0145d96e93824366260038f889e)] -> xpath: //a[normalize-space()='Register']]
[ERROR] 23-02-2026 21:41:52 [main] Log - Test case registerNegativeBoundary is failed.
[ERROR] 23-02-2026 21:41:52 [main] Log - java.lang.RuntimeException: Không thể tìm thấy phần tử có thể click: [[ChromeDriver: chrome on windows (e2d9a0145d96e93824366260038f889e)] -> xpath: //a[normalize-space()='Register']]
[INFO] 23-02-2026 21:41:55 [main] Log - Running test case registerNegativeBoundary
[INFO] 23-02-2026 21:41:55 [main] Log - Cuộn tới phần tử: [[ChromeDriver: chrome on windows (e2d9a0145d96e93824366260038f889e)] -> xpath: //legend[normalize-space()='Your Personal Details']]
[INFO] 23-02-2026 21:41:56 [main] Log - Cuộn tới phần tử: [[ChromeDriver: chrome on windows (e2d9a0145d96e93824366260038f889e)] -> xpath: //legend[normalize-space()='Your Password']]
[INFO] 23-02-2026 21:42:42 [main] Log - Thông báo lỗi: [Password confirmation does not match password!]
[INFO] 23-02-2026 21:42:42 [main] Log - Test case registerNegativeBoundary is passed.
[INFO] 23-02-2026 21:42:47 [main] Log - End testing AutomationOpenCart
[INFO] 23-02-2026 21:43:56 [main] Log - Khởi tạo trình duyệt: chrome
[INFO] 23-02-2026 21:44:09 [main] Log - Running test case testLoginSuccess
[INFO] 23-02-2026 21:44:12 [main] Log - Đang xác thực giá trị đúng...

[INFO] 23-02-2026 21:44:12 [main] Log - Giá trị đúng
[INFO] 23-02-2026 21:44:12 [main] Log - Cuộn tới phần tử: [[ChromeDriver: chrome on windows (7174a690b2866880a65f975f10397150)] -> xpath: //a[@class='list-group-item'][normalize-space()='Logout']]
[INFO] 23-02-2026 21:44:13 [main] Log - Test case testLoginSuccess is passed.
[INFO] 23-02-2026 21:44:16 [main] Log - Running test case testLoginNegativeBoundary
[INFO] 23-02-2026 21:44:17 [main] Log - Thông báo lỗi: [Warning: No match for E-Mail Address and/or Password.]
[INFO] 23-02-2026 21:44:17 [main] Log - Test case testLoginNegativeBoundary is passed.
[INFO] 23-02-2026 21:44:19 [main] Log - Running test case testLoginNegativeBoundary
[INFO] 23-02-2026 21:44:21 [main] Log - Thông báo lỗi: [Warning: No match for E-Mail Address and/or Password.]
[INFO] 23-02-2026 21:44:21 [main] Log - Test case testLoginNegativeBoundary is passed.
[INFO] 23-02-2026 21:44:23 [main] Log - Running test case testLoginNegativeBoundary
[INFO] 23-02-2026 21:44:24 [main] Log - Thông báo lỗi: [Warning: No match for E-Mail Address and/or Password.]
[ERROR] 23-02-2026 21:44:24 [main] Log - Test case testLoginNegativeBoundary is failed.
[ERROR] 23-02-2026 21:44:25 [main] Log - java.lang.AssertionError: Lỗi mong muốn không tìm thấy: Password must not be empty
Thông báo thực tế: [Warning: No match for E-Mail Address and/or Password.] expected [true] but found [false]
[INFO] 23-02-2026 21:44:27 [main] Log - Running test case testBlockLogin
[INFO] 23-02-2026 21:44:29 [main] Log - Thông báo lỗi: [Warning: Your account has exceeded allowed number of login attempts. Please try again in 1 hour.]
[INFO] 23-02-2026 21:44:29 [main] Log - Test case testBlockLogin is passed.
[INFO] 23-02-2026 21:44:31 [main] Log - Running test case testLoginWhenLoginBlock
[INFO] 23-02-2026 21:44:33 [main] Log - Cuộn tới phần tử: [[ChromeDriver: chrome on windows (7174a690b2866880a65f975f10397150)] -> xpath: //a[@class='list-group-item'][normalize-space()='Logout']]
[INFO] 23-02-2026 21:44:33 [main] Log - Đang xác thực giá trị đúng...

[ERROR] 23-02-2026 21:44:33 [main] Log - Test case testLoginWhenLoginBlock is failed.
[ERROR] 23-02-2026 21:44:33 [main] Log - java.lang.RuntimeException: Kiểm tra thất bại: Lỗi: Login bị khóa vẫn đăng nhập được
[INFO] 23-02-2026 21:44:36 [main] Log - Running test case testLoginWithPassSQLInjection
[INFO] 23-02-2026 21:44:37 [main] Log - Thông báo lỗi: [Warning: No match for E-Mail Address and/or Password.]
[INFO] 23-02-2026 21:44:37 [main] Log - Test case testLoginWithPassSQLInjection is passed.
[INFO] 23-02-2026 21:44:40 [main] Log - End testing AutomationOpenCart
[INFO] 23-02-2026 21:45:25 [main] Log - Khởi tạo trình duyệt: chrome
[INFO] 23-02-2026 21:45:30 [main] Log - Running test case searchValidKeyword
[INFO] 23-02-2026 21:45:32 [main] Log - Đang xác thực giá trị đúng...

[INFO] 23-02-2026 21:45:32 [main] Log - Giá trị đúng
[INFO] 23-02-2026 21:45:32 [main] Log - Test case searchValidKeyword is passed.
[INFO] 23-02-2026 21:45:34 [main] Log - Running test case searchValidKeyword
[INFO] 23-02-2026 21:45:35 [main] Log - Đang xác thực giá trị đúng...

[INFO] 23-02-2026 21:45:35 [main] Log - Giá trị đúng
[INFO] 23-02-2026 21:45:35 [main] Log - Test case searchValidKeyword is passed.
[INFO] 23-02-2026 21:45:37 [main] Log - Running test case filterFromCategory
[INFO] 23-02-2026 21:45:39 [main] Log - Đang xác thực giá trị đúng...

[ERROR] 23-02-2026 21:45:39 [main] Log - Test case filterFromCategory is failed.
[ERROR] 23-02-2026 21:45:39 [main] Log - java.lang.RuntimeException: Kiểm tra thất bại: Lỗi: Lọc theo danh mục không hiện sản phẩm
[INFO] 23-02-2026 21:45:41 [main] Log - Running test case searchInvalidKeyword
[INFO] 23-02-2026 21:45:42 [main] Log - Đang xác thực giá trị đúng...

[INFO] 23-02-2026 21:45:42 [main] Log - Giá trị đúng
[INFO] 23-02-2026 21:45:42 [main] Log - Test case searchInvalidKeyword is passed.
[INFO] 23-02-2026 21:45:44 [main] Log - Running test case searchInvalidKeyword
[INFO] 23-02-2026 21:45:45 [main] Log - Đang xác thực giá trị đúng...

[INFO] 23-02-2026 21:45:45 [main] Log - Giá trị đúng
[INFO] 23-02-2026 21:45:45 [main] Log - Test case searchInvalidKeyword is passed.
[INFO] 23-02-2026 21:45:47 [main] Log - Running test case filterProduct
[INFO] 23-02-2026 21:45:49 [main] Log - Đang xác thực giá trị đúng...

[INFO] 23-02-2026 21:45:49 [main] Log - Giá trị đúng
[INFO] 23-02-2026 21:45:49 [main] Log - Đang xác thực giá trị đúng...

[INFO] 23-02-2026 21:45:49 [main] Log - Giá trị đúng
[INFO] 23-02-2026 21:45:50 [main] Log - Đang xác thực giá trị đúng...

[INFO] 23-02-2026 21:45:50 [main] Log - Giá trị đúng
[INFO] 23-02-2026 21:45:50 [main] Log - Đang xác thực giá trị đúng...

[INFO] 23-02-2026 21:45:50 [main] Log - Giá trị đúng
[INFO] 23-02-2026 21:45:50 [main] Log - Test case filterProduct is passed.
[INFO] 23-02-2026 21:45:53 [main] Log - End testing AutomationOpenCart
[INFO] 23-02-2026 21:46:15 [main] Log - Khởi tạo trình duyệt: chrome
[INFO] 23-02-2026 21:46:18 [main] Log - Running test case guestCheckoutSuccess
[INFO] 23-02-2026 21:46:24 [main] Log - Cuộn tới phần tử: [[ChromeDriver: chrome on windows (d9fa9aef1356fdd816bae784222c6871)] -> id: input-payment-firstname]
[INFO] 23-02-2026 21:46:30 [main] Log - Đang xác thực giá trị đúng...

[INFO] 23-02-2026 21:46:30 [main] Log - Giá trị đúng
[INFO] 23-02-2026 21:46:34 [main] Log - Đang xác thực giá trị đúng...

[INFO] 23-02-2026 21:46:34 [main] Log - Giá trị đúng
[INFO] 23-02-2026 21:46:34 [main] Log - Test case guestCheckoutSuccess is passed.
[INFO] 23-02-2026 21:46:37 [main] Log - Running test case checkoutFailWithoutAgree
[INFO] 23-02-2026 21:46:41 [main] Log - Cuộn tới phần tử: [[ChromeDriver: chrome on windows (d9fa9aef1356fdd816bae784222c6871)] -> id: input-payment-firstname]
[INFO] 23-02-2026 21:46:45 [main] Log - Đang xác thực giá trị đúng...

[INFO] 23-02-2026 21:46:45 [main] Log - Giá trị đúng
[INFO] 23-02-2026 21:46:45 [main] Log - Test case checkoutFailWithoutAgree is passed.
[INFO] 23-02-2026 21:46:48 [main] Log - Running test case checkoutFailInvailEmailAndPhone
[INFO] 23-02-2026 21:46:50 [main] Log - Cuộn tới phần tử: [[ChromeDriver: chrome on windows (d9fa9aef1356fdd816bae784222c6871)] -> id: input-payment-firstname]
[ERROR] 23-02-2026 21:47:38 [main] Log - Test case checkoutFailInvailEmailAndPhone is failed.
[ERROR] 23-02-2026 21:47:38 [main] Log - org.openqa.selenium.NoSuchElementException: Timed out after 5 seconds. Unable to locate the element
[INFO] 23-02-2026 21:47:41 [main] Log - Running test case checkoutWithAccountSuccess
[INFO] 23-02-2026 21:47:49 [main] Log - Đang xác thực giá trị đúng...

[INFO] 23-02-2026 21:47:49 [main] Log - Giá trị đúng
[INFO] 23-02-2026 21:47:50 [main] Log - Đang xác thực giá trị đúng...

[INFO] 23-02-2026 21:47:50 [main] Log - Giá trị đúng
[INFO] 23-02-2026 21:47:50 [main] Log - Test case checkoutWithAccountSuccess is passed.
[INFO] 23-02-2026 21:47:53 [main] Log - End testing AutomationOpenCart
[INFO] 24-02-2026 09:24:16 [main] Log - Khởi tạo trình duyệt: chrome
[INFO] 24-02-2026 09:24:28 [main] Log - Running test case registerNegativeBoundary
[INFO] 24-02-2026 09:24:31 [main] Log - Cuộn tới phần tử: [[ChromeDriver: chrome on windows (8b9e62c844859a3721c0b6182137b7a9)] -> xpath: //legend[normalize-space()='Your Personal Details']]
[INFO] 24-02-2026 09:24:32 [main] Log - Cuộn tới phần tử: [[ChromeDriver: chrome on windows (8b9e62c844859a3721c0b6182137b7a9)] -> xpath: //legend[normalize-space()='Your Password']]
[INFO] 24-02-2026 09:25:19 [main] Log - Thông báo lỗi: [First Name must be between 1 and 32 characters!]
[INFO] 24-02-2026 09:25:19 [main] Log - Test case registerNegativeBoundary is passed.
[INFO] 24-02-2026 09:25:25 [main] Log - Running test case registerNegativeBoundary
[INFO] 24-02-2026 09:25:26 [main] Log - Cuộn tới phần tử: [[ChromeDriver: chrome on windows (8b9e62c844859a3721c0b6182137b7a9)] -> xpath: //legend[normalize-space()='Your Personal Details']]
[INFO] 24-02-2026 09:25:27 [main] Log - Cuộn tới phần tử: [[ChromeDriver: chrome on windows (8b9e62c844859a3721c0b6182137b7a9)] -> xpath: //legend[normalize-space()='Your Password']]
[INFO] 24-02-2026 09:26:15 [main] Log - Thông báo lỗi: [First Name must be between 1 and 32 characters!]
[INFO] 24-02-2026 09:26:15 [main] Log - Test case registerNegativeBoundary is passed.
[INFO] 24-02-2026 09:26:18 [main] Log - Running test case registerNegativeBoundary
[INFO] 24-02-2026 09:26:19 [main] Log - Cuộn tới phần tử: [[ChromeDriver: chrome on windows (8b9e62c844859a3721c0b6182137b7a9)] -> xpath: //legend[normalize-space()='Your Personal Details']]
[INFO] 24-02-2026 09:26:21 [main] Log - Cuộn tới phần tử: [[ChromeDriver: chrome on windows (8b9e62c844859a3721c0b6182137b7a9)] -> xpath: //legend[normalize-space()='Your Password']]
[INFO] 24-02-2026 09:27:08 [main] Log - Thông báo lỗi: [Telephone must be between 3 and 32 characters!]
[INFO] 24-02-2026 09:27:08 [main] Log - Test case registerNegativeBoundary is passed.
[INFO] 24-02-2026 09:27:11 [main] Log - Running test case registerNegativeBoundary
[INFO] 24-02-2026 09:27:12 [main] Log - Cuộn tới phần tử: [[ChromeDriver: chrome on windows (8b9e62c844859a3721c0b6182137b7a9)] -> xpath: //legend[normalize-space()='Your Personal Details']]
[INFO] 24-02-2026 09:27:13 [main] Log - Cuộn tới phần tử: [[ChromeDriver: chrome on windows (8b9e62c844859a3721c0b6182137b7a9)] -> xpath: //legend[normalize-space()='Your Password']]
[INFO] 24-02-2026 09:28:00 [main] Log - Thông báo lỗi: [E-Mail Address does not appear to be valid!]
[INFO] 24-02-2026 09:28:00 [main] Log - Test case registerNegativeBoundary is passed.
[INFO] 24-02-2026 09:28:03 [main] Log - Running test case registerNegativeBoundary
[INFO] 24-02-2026 09:28:04 [main] Log - Cuộn tới phần tử: [[ChromeDriver: chrome on windows (8b9e62c844859a3721c0b6182137b7a9)] -> xpath: //legend[normalize-space()='Your Personal Details']]
[INFO] 24-02-2026 09:28:06 [main] Log - Cuộn tới phần tử: [[ChromeDriver: chrome on windows (8b9e62c844859a3721c0b6182137b7a9)] -> xpath: //legend[normalize-space()='Your Password']]
[INFO] 24-02-2026 09:28:53 [main] Log - Thông báo lỗi: [Warning: E-Mail Address is already registered!]
[INFO] 24-02-2026 09:28:53 [main] Log - Test case registerNegativeBoundary is passed.
[INFO] 24-02-2026 09:28:56 [main] Log - Running test case registerNegativeBoundary
[INFO] 24-02-2026 09:28:57 [main] Log - Cuộn tới phần tử: [[ChromeDriver: chrome on windows (8b9e62c844859a3721c0b6182137b7a9)] -> xpath: //legend[normalize-space()='Your Personal Details']]
[INFO] 24-02-2026 09:28:58 [main] Log - Cuộn tới phần tử: [[ChromeDriver: chrome on windows (8b9e62c844859a3721c0b6182137b7a9)] -> xpath: //legend[normalize-space()='Your Password']]
[INFO] 24-02-2026 09:29:03 [main] Log - Cuộn tới phần tử: [[ChromeDriver: chrome on windows (8b9e62c844859a3721c0b6182137b7a9)] -> xpath: //a[@class='list-group-item'][normalize-space()='Logout']]
[INFO] 24-02-2026 09:30:35 [main] Log - Thông báo lỗi: []
[ERROR] 24-02-2026 09:30:35 [main] Log - Test case registerNegativeBoundary is failed.
[ERROR] 24-02-2026 09:30:35 [main] Log - java.lang.AssertionError: Lỗi mong muốn không tìm thấy: Telephone must be between 3 and 32 characters!
Thông báo thực tế: [] expected [true] but found [false]
[INFO] 24-02-2026 09:30:39 [main] Log - Running test case registerNegativeBoundary
[INFO] 24-02-2026 09:30:40 [main] Log - Cuộn tới phần tử: [[ChromeDriver: chrome on windows (8b9e62c844859a3721c0b6182137b7a9)] -> xpath: //legend[normalize-space()='Your Personal Details']]
[INFO] 24-02-2026 09:30:41 [main] Log - Cuộn tới phần tử: [[ChromeDriver: chrome on windows (8b9e62c844859a3721c0b6182137b7a9)] -> xpath: //legend[normalize-space()='Your Password']]
[INFO] 24-02-2026 09:30:44 [main] Log - Cuộn tới phần tử: [[ChromeDriver: chrome on windows (8b9e62c844859a3721c0b6182137b7a9)] -> xpath: //a[@class='list-group-item'][normalize-space()='Logout']]
[INFO] 24-02-2026 09:32:15 [main] Log - Thông báo lỗi: []
[ERROR] 24-02-2026 09:32:15 [main] Log - Test case registerNegativeBoundary is failed.
[ERROR] 24-02-2026 09:32:16 [main] Log - java.lang.AssertionError: Lỗi mong muốn không tìm thấy: E-Mail Address does not appear to be valid!
Thông báo thực tế: [] expected [true] but found [false]
[INFO] 24-02-2026 09:32:19 [main] Log - Running test case registerNegativeBoundary
[INFO] 24-02-2026 09:32:20 [main] Log - Cuộn tới phần tử: [[ChromeDriver: chrome on windows (8b9e62c844859a3721c0b6182137b7a9)] -> xpath: //legend[normalize-space()='Your Personal Details']]
[INFO] 24-02-2026 09:32:21 [main] Log - Cuộn tới phần tử: [[ChromeDriver: chrome on windows (8b9e62c844859a3721c0b6182137b7a9)] -> xpath: //legend[normalize-space()='Your Password']]
[INFO] 24-02-2026 09:33:09 [main] Log - Thông báo lỗi: [Password confirmation does not match password!]
[INFO] 24-02-2026 09:33:09 [main] Log - Test case registerNegativeBoundary is passed.
[INFO] 24-02-2026 09:33:12 [main] Log - End testing AutomationOpenCart
[INFO] 03-03-2026 11:15:41 [main] Log - Khởi tạo trình duyệt: chrome
[ERROR] 03-03-2026 11:15:53 [main] Log - Test case registerSuccess is skipped.
[ERROR] 03-03-2026 11:15:53 [main] Log - java.lang.RuntimeException: java.lang.RuntimeException: java.lang.NullPointerException: Cannot invoke "org.apache.poi.ss.usermodel.Sheet.getRow(int)" because "sh" is null
[ERROR] 03-03-2026 11:15:55 [main] Log - Test case registerNegativeBoundary is skipped.
[ERROR] 03-03-2026 11:15:55 [main] Log - java.lang.RuntimeException: java.lang.RuntimeException: java.lang.NullPointerException: Cannot invoke "org.apache.poi.ss.usermodel.Sheet.getRow(int)" because "sh" is null
[INFO] 03-03-2026 11:15:57 [main] Log - End testing AutomationOpenCart
[INFO] 03-03-2026 11:23:15 [main] Log - Khởi tạo trình duyệt: chrome
[ERROR] 03-03-2026 11:23:25 [main] Log - Test case registerSuccess is skipped.
[ERROR] 03-03-2026 11:23:25 [main] Log - java.lang.RuntimeException: java.lang.RuntimeException: java.lang.NullPointerException: Cannot invoke "org.apache.poi.ss.usermodel.Sheet.getRow(int)" because "sh" is null
[INFO] 03-03-2026 11:23:50 [main] Log - Khởi tạo trình duyệt: chrome
[ERROR] 03-03-2026 11:23:55 [main] Log - Test case registerSuccess is skipped.
[ERROR] 03-03-2026 11:23:55 [main] Log - java.lang.RuntimeException: java.lang.RuntimeException: java.lang.NullPointerException: Cannot invoke "org.apache.poi.ss.usermodel.Sheet.getRow(int)" because "sh" is null
[ERROR] 03-03-2026 11:23:57 [main] Log - Test case registerNegativeBoundary is skipped.
[ERROR] 03-03-2026 11:23:57 [main] Log - java.lang.RuntimeException: java.lang.RuntimeException: java.lang.NullPointerException: Cannot invoke "org.apache.poi.ss.usermodel.Sheet.getRow(int)" because "sh" is null
[INFO] 03-03-2026 11:23:59 [main] Log - End testing AutomationOpenCart
[INFO] 03-03-2026 11:31:19 [main] Log - Khởi tạo trình duyệt: chrome
[INFO] 03-03-2026 11:31:30 [main] Log - Running test case registerSuccess
[INFO] 03-03-2026 11:31:31 [main] Log - Đang xác thực giá trị đúng...

[INFO] 03-03-2026 11:31:31 [main] Log - Giá trị đúng
[INFO] 03-03-2026 11:31:31 [main] Log - Cuộn tới phần tử: [[ChromeDriver: chrome on windows (c928d8e7731bf2b3f9c7cd84f7be5943)] -> xpath: //legend[normalize-space()='Your Personal Details']]
[INFO] 03-03-2026 11:31:32 [main] Log - Cuộn tới phần tử: [[ChromeDriver: chrome on windows (c928d8e7731bf2b3f9c7cd84f7be5943)] -> xpath: //legend[normalize-space()='Your Password']]
[INFO] 03-03-2026 11:31:35 [main] Log - Đang xác thực giá trị đúng...

[INFO] 03-03-2026 11:31:35 [main] Log - Giá trị đúng
[INFO] 03-03-2026 11:31:35 [main] Log - Cuộn tới phần tử: [[ChromeDriver: chrome on windows (c928d8e7731bf2b3f9c7cd84f7be5943)] -> xpath: //a[@class='list-group-item'][normalize-space()='Logout']]
[INFO] 03-03-2026 11:31:36 [main] Log - Test case registerSuccess is passed.
[INFO] 03-03-2026 11:31:40 [main] Log - Running test case registerSuccess
[INFO] 03-03-2026 11:31:41 [main] Log - Đang xác thực giá trị đúng...

[INFO] 03-03-2026 11:31:41 [main] Log - Giá trị đúng
[INFO] 03-03-2026 11:31:41 [main] Log - Cuộn tới phần tử: [[ChromeDriver: chrome on windows (c928d8e7731bf2b3f9c7cd84f7be5943)] -> xpath: //legend[normalize-space()='Your Personal Details']]
[INFO] 03-03-2026 11:31:42 [main] Log - Cuộn tới phần tử: [[ChromeDriver: chrome on windows (c928d8e7731bf2b3f9c7cd84f7be5943)] -> xpath: //legend[normalize-space()='Your Password']]
[INFO] 03-03-2026 11:31:43 [main] Log - Đang xác thực giá trị đúng...

[INFO] 03-03-2026 11:31:43 [main] Log - Giá trị đúng
[INFO] 03-03-2026 11:31:43 [main] Log - Cuộn tới phần tử: [[ChromeDriver: chrome on windows (c928d8e7731bf2b3f9c7cd84f7be5943)] -> xpath: //a[@class='list-group-item'][normalize-space()='Logout']]
[INFO] 03-03-2026 11:31:43 [main] Log - Test case registerSuccess is passed.
[INFO] 03-03-2026 11:31:46 [main] Log - Running test case registerSuccess
[INFO] 03-03-2026 11:31:47 [main] Log - Đang xác thực giá trị đúng...

[INFO] 03-03-2026 11:31:47 [main] Log - Giá trị đúng
[INFO] 03-03-2026 11:31:47 [main] Log - Cuộn tới phần tử: [[ChromeDriver: chrome on windows (c928d8e7731bf2b3f9c7cd84f7be5943)] -> xpath: //legend[normalize-space()='Your Personal Details']]
[INFO] 03-03-2026 11:31:47 [main] Log - Cuộn tới phần tử: [[ChromeDriver: chrome on windows (c928d8e7731bf2b3f9c7cd84f7be5943)] -> xpath: //legend[normalize-space()='Your Password']]
[INFO] 03-03-2026 11:31:49 [main] Log - Đang xác thực giá trị đúng...

[INFO] 03-03-2026 11:31:49 [main] Log - Giá trị đúng
[INFO] 03-03-2026 11:31:49 [main] Log - Cuộn tới phần tử: [[ChromeDriver: chrome on windows (c928d8e7731bf2b3f9c7cd84f7be5943)] -> xpath: //a[@class='list-group-item'][normalize-space()='Logout']]
[INFO] 03-03-2026 11:31:49 [main] Log - Test case registerSuccess is passed.
[INFO] 03-03-2026 11:31:52 [main] Log - Running test case registerNegativeBoundary
[INFO] 03-03-2026 11:31:53 [main] Log - Cuộn tới phần tử: [[ChromeDriver: chrome on windows (c928d8e7731bf2b3f9c7cd84f7be5943)] -> xpath: //legend[normalize-space()='Your Personal Details']]
[INFO] 03-03-2026 11:31:54 [main] Log - Cuộn tới phần tử: [[ChromeDriver: chrome on windows (c928d8e7731bf2b3f9c7cd84f7be5943)] -> xpath: //legend[normalize-space()='Your Password']]
[INFO] 03-03-2026 11:32:40 [main] Log - Thông báo lỗi: [Warning: E-Mail Address is already registered!]
[INFO] 03-03-2026 11:32:40 [main] Log - Test case registerNegativeBoundary is passed.
[INFO] 03-03-2026 11:32:43 [main] Log - Running test case registerNegativeBoundary
[INFO] 03-03-2026 11:32:43 [main] Log - Cuộn tới phần tử: [[ChromeDriver: chrome on windows (c928d8e7731bf2b3f9c7cd84f7be5943)] -> xpath: //legend[normalize-space()='Your Personal Details']]
[INFO] 03-03-2026 11:32:44 [main] Log - Cuộn tới phần tử: [[ChromeDriver: chrome on windows (c928d8e7731bf2b3f9c7cd84f7be5943)] -> xpath: //legend[normalize-space()='Your Password']]
[INFO] 03-03-2026 11:33:30 [main] Log - Thông báo lỗi: [Password confirmation does not match password!]
[INFO] 03-03-2026 11:33:30 [main] Log - Test case registerNegativeBoundary is passed.
[INFO] 03-03-2026 11:33:32 [main] Log - Running test case registerNegativeBoundary
[INFO] 03-03-2026 11:33:33 [main] Log - Cuộn tới phần tử: [[ChromeDriver: chrome on windows (c928d8e7731bf2b3f9c7cd84f7be5943)] -> xpath: //legend[normalize-space()='Your Personal Details']]
[INFO] 03-03-2026 11:33:34 [main] Log - Cuộn tới phần tử: [[ChromeDriver: chrome on windows (c928d8e7731bf2b3f9c7cd84f7be5943)] -> xpath: //legend[normalize-space()='Your Password']]
[INFO] 03-03-2026 11:33:35 [main] Log - Cuộn tới phần tử: [[ChromeDriver: chrome on windows (c928d8e7731bf2b3f9c7cd84f7be5943)] -> xpath: //a[@class='list-group-item'][normalize-space()='Logout']]
[INFO] 03-03-2026 11:35:06 [main] Log - Thông báo lỗi: []
[ERROR] 03-03-2026 11:35:06 [main] Log - Test case registerNegativeBoundary is failed.
[ERROR] 03-03-2026 11:35:06 [main] Log - java.lang.AssertionError: Lỗi mong muốn không tìm thấy: Telephone must be between 3 and 32 characters!
Thông báo thực tế: [] expected [true] but found [false]
[INFO] 03-03-2026 11:35:09 [main] Log - End testing AutomationOpenCart
[INFO] 05-03-2026 16:22:19 [main] Log - Khởi tạo trình duyệt: chrome
[INFO] 05-03-2026 16:22:30 [main] Log - Running test case testLoginSuccess
[INFO] 05-03-2026 16:22:33 [main] Log - Đang xác thực giá trị đúng...

[INFO] 05-03-2026 16:22:33 [main] Log - Giá trị đúng
[INFO] 05-03-2026 16:22:33 [main] Log - Cuộn tới phần tử: [[ChromeDriver: chrome on windows (b36dda01aa989b17193e239100efb407)] -> xpath: //a[@class='list-group-item'][normalize-space()='Logout']]
[INFO] 05-03-2026 16:22:33 [main] Log - Test case testLoginSuccess is passed.
[INFO] 05-03-2026 16:22:41 [main] Log - Running test case testLoginNegativeBoundary
[INFO] 05-03-2026 16:22:42 [main] Log - Thông báo lỗi: [Warning: No match for E-Mail Address and/or Password.]
[INFO] 05-03-2026 16:22:42 [main] Log - Test case testLoginNegativeBoundary is passed.
[INFO] 05-03-2026 16:22:44 [main] Log - Running test case testLoginNegativeBoundary
[INFO] 05-03-2026 16:22:46 [main] Log - Thông báo lỗi: [Warning: No match for E-Mail Address and/or Password.]
[INFO] 05-03-2026 16:22:46 [main] Log - Test case testLoginNegativeBoundary is passed.
[INFO] 05-03-2026 16:22:48 [main] Log - Running test case testLoginNegativeBoundary
[INFO] 05-03-2026 16:22:49 [main] Log - Thông báo lỗi: [Warning: No match for E-Mail Address and/or Password.]
[ERROR] 05-03-2026 16:22:49 [main] Log - Test case testLoginNegativeBoundary is failed.
[ERROR] 05-03-2026 16:22:50 [main] Log - java.lang.AssertionError: Lỗi mong muốn không tìm thấy: Password must not be empty
Thông báo thực tế: [Warning: No match for E-Mail Address and/or Password.] expected [true] but found [false]
[INFO] 05-03-2026 16:22:52 [main] Log - Running test case testBlockLogin
[INFO] 05-03-2026 16:22:54 [main] Log - Thông báo lỗi: [Warning: Your account has exceeded allowed number of login attempts. Please try again in 1 hour.]
[INFO] 05-03-2026 16:22:54 [main] Log - Test case testBlockLogin is passed.
[INFO] 05-03-2026 16:22:56 [main] Log - Running test case testLoginWhenLoginBlock
[INFO] 05-03-2026 16:22:57 [main] Log - Cuộn tới phần tử: [[ChromeDriver: chrome on windows (b36dda01aa989b17193e239100efb407)] -> xpath: //a[@class='list-group-item'][normalize-space()='Logout']]
[INFO] 05-03-2026 16:22:58 [main] Log - Đang xác thực giá trị đúng...

[ERROR] 05-03-2026 16:22:58 [main] Log - Test case testLoginWhenLoginBlock is failed.
[ERROR] 05-03-2026 16:22:58 [main] Log - java.lang.RuntimeException: Kiểm tra thất bại: Lỗi: Login bị khóa vẫn đăng nhập được
[INFO] 05-03-2026 16:23:01 [main] Log - End testing AutomationOpenCart
[INFO] 05-03-2026 16:24:44 [main] Log - Khởi tạo trình duyệt: chrome
[INFO] 05-03-2026 16:24:50 [main] Log - Running test case searchValidKeyword
[INFO] 05-03-2026 16:24:51 [main] Log - Đang xác thực giá trị đúng...

[INFO] 05-03-2026 16:24:51 [main] Log - Giá trị đúng
[INFO] 05-03-2026 16:24:51 [main] Log - Test case searchValidKeyword is passed.
[INFO] 05-03-2026 16:24:53 [main] Log - Running test case searchValidKeyword
[INFO] 05-03-2026 16:24:54 [main] Log - Đang xác thực giá trị đúng...

[INFO] 05-03-2026 16:24:54 [main] Log - Giá trị đúng
[INFO] 05-03-2026 16:24:54 [main] Log - Test case searchValidKeyword is passed.
[INFO] 05-03-2026 16:24:56 [main] Log - Running test case searchValidKeyword
[INFO] 05-03-2026 16:24:57 [main] Log - Đang xác thực giá trị đúng...

[INFO] 05-03-2026 16:24:57 [main] Log - Giá trị đúng
[INFO] 05-03-2026 16:24:57 [main] Log - Test case searchValidKeyword is passed.
[INFO] 05-03-2026 16:24:59 [main] Log - Running test case filterFromCategory
[INFO] 05-03-2026 16:25:00 [main] Log - Đang xác thực giá trị đúng...

[ERROR] 05-03-2026 16:25:00 [main] Log - Test case filterFromCategory is failed.
[ERROR] 05-03-2026 16:25:01 [main] Log - java.lang.RuntimeException: Kiểm tra thất bại: Lỗi: Lọc theo danh mục không hiện sản phẩm
[INFO] 05-03-2026 16:25:03 [main] Log - Running test case searchInvalidKeyword
[ERROR] 05-03-2026 16:25:49 [main] Log - Test case searchInvalidKeyword is failed.
[ERROR] 05-03-2026 16:25:49 [main] Log - org.openqa.selenium.NoSuchElementException: Timed out after 5 seconds. Unable to locate the element
[INFO] 05-03-2026 16:25:51 [main] Log - Running test case searchInvalidKeyword
[INFO] 05-03-2026 16:25:52 [main] Log - Đang xác thực giá trị đúng...

[INFO] 05-03-2026 16:25:52 [main] Log - Giá trị đúng
[INFO] 05-03-2026 16:25:52 [main] Log - Test case searchInvalidKeyword is passed.
[INFO] 05-03-2026 16:25:54 [main] Log - Running test case searchInvalidKeyword
[INFO] 05-03-2026 16:25:55 [main] Log - Đang xác thực giá trị đúng...

[INFO] 05-03-2026 16:25:55 [main] Log - Giá trị đúng
[INFO] 05-03-2026 16:25:55 [main] Log - Test case searchInvalidKeyword is passed.
[INFO] 05-03-2026 16:25:57 [main] Log - Running test case filterProduct
[INFO] 05-03-2026 16:25:59 [main] Log - Đang xác thực giá trị đúng...

[INFO] 05-03-2026 16:25:59 [main] Log - Giá trị đúng
[INFO] 05-03-2026 16:25:59 [main] Log - Đang xác thực giá trị đúng...

[INFO] 05-03-2026 16:25:59 [main] Log - Giá trị đúng
[INFO] 05-03-2026 16:26:00 [main] Log - Đang xác thực giá trị đúng...

[INFO] 05-03-2026 16:26:00 [main] Log - Giá trị đúng
[INFO] 05-03-2026 16:26:00 [main] Log - Đang xác thực giá trị đúng...

[INFO] 05-03-2026 16:26:00 [main] Log - Giá trị đúng
[INFO] 05-03-2026 16:26:00 [main] Log - Test case filterProduct is passed.
[INFO] 05-03-2026 16:26:03 [main] Log - End testing AutomationOpenCart
[INFO] 10-03-2026 13:09:12 [main] Log - Kh?i t?o tr�nh duy?t: chrome
[INFO] 10-03-2026 13:09:24 [main] Log - Running test case testLoginSuccess
[INFO] 10-03-2026 13:09:27 [main] Log - ?ang x�c th?c gi� tr? ?�ng...

[INFO] 10-03-2026 13:09:27 [main] Log - Gi� tr? ?�ng
[INFO] 10-03-2026 13:09:27 [main] Log - Cu?n t?i ph?n t?: [[ChromeDriver: chrome on windows (7149b1326546f56fd7e956bd2e18f91a)] -> xpath: //a[@class='list-group-item'][normalize-space()='Logout']]
[INFO] 10-03-2026 13:09:28 [main] Log - Test case testLoginSuccess is passed.
[INFO] 10-03-2026 13:09:32 [main] Log - Running test case testLoginNegativeBoundary
[INFO] 10-03-2026 13:09:33 [main] Log - Th�ng b�o l?i: [Warning: No match for E-Mail Address and/or Password.]
[INFO] 10-03-2026 13:09:33 [main] Log - Test case testLoginNegativeBoundary is passed.
[INFO] 10-03-2026 13:09:35 [main] Log - Running test case testLoginNegativeBoundary
[INFO] 10-03-2026 13:09:36 [main] Log - Th�ng b�o l?i: [Warning: No match for E-Mail Address and/or Password.]
[INFO] 10-03-2026 13:09:36 [main] Log - Test case testLoginNegativeBoundary is passed.
[INFO] 10-03-2026 13:09:39 [main] Log - Running test case testLoginNegativeBoundary
[INFO] 10-03-2026 13:09:40 [main] Log - Th�ng b�o l?i: [Warning: No match for E-Mail Address and/or Password.]
[ERROR] 10-03-2026 13:09:40 [main] Log - Test case testLoginNegativeBoundary is failed.
[ERROR] 10-03-2026 13:09:40 [main] Log - java.lang.AssertionError: L?i mong mu?n kh�ng t�m th?y: Password must not be empty
Th�ng b�o th?c t?: [Warning: No match for E-Mail Address and/or Password.] expected [true] but found [false]
[INFO] 10-03-2026 13:09:42 [main] Log - Running test case testBlockLogin
[INFO] 10-03-2026 13:09:44 [main] Log - Th�ng b�o l?i: [Warning: Your account has exceeded allowed number of login attempts. Please try again in 1 hour.]
[INFO] 10-03-2026 13:09:44 [main] Log - Test case testBlockLogin is passed.
[INFO] 10-03-2026 13:09:46 [main] Log - Running test case testLoginWhenLoginBlock
[INFO] 10-03-2026 13:09:48 [main] Log - Cu?n t?i ph?n t?: [[ChromeDriver: chrome on windows (7149b1326546f56fd7e956bd2e18f91a)] -> xpath: //a[@class='list-group-item'][normalize-space()='Logout']]
[INFO] 10-03-2026 13:09:48 [main] Log - ?ang x�c th?c gi� tr? ?�ng...

[ERROR] 10-03-2026 13:09:48 [main] Log - Test case testLoginWhenLoginBlock is failed.
[ERROR] 10-03-2026 13:09:48 [main] Log - java.lang.RuntimeException: Ki?m tra th?t b?i: L?i: Login b? kh�a v?n ??ng nh?p ???c
[INFO] 10-03-2026 13:09:51 [main] Log - Kh?i t?o tr�nh duy?t: chrome
[INFO] 10-03-2026 13:09:54 [main] Log - Running test case registerSuccess
[INFO] 10-03-2026 13:09:55 [main] Log - ?ang x�c th?c gi� tr? ?�ng...

[INFO] 10-03-2026 13:09:55 [main] Log - Gi� tr? ?�ng
[INFO] 10-03-2026 13:09:55 [main] Log - Cu?n t?i ph?n t?: [[ChromeDriver: chrome on windows (bac641d949e6ac17cc7dcfe932204c46)] -> xpath: //legend[normalize-space()='Your Personal Details']]
[INFO] 10-03-2026 13:09:56 [main] Log - Cu?n t?i ph?n t?: [[ChromeDriver: chrome on windows (bac641d949e6ac17cc7dcfe932204c46)] -> xpath: //legend[normalize-space()='Your Password']]
[INFO] 10-03-2026 13:09:59 [main] Log - ?ang x�c th?c gi� tr? ?�ng...

[INFO] 10-03-2026 13:09:59 [main] Log - Gi� tr? ?�ng
[INFO] 10-03-2026 13:09:59 [main] Log - Cu?n t?i ph?n t?: [[ChromeDriver: chrome on windows (bac641d949e6ac17cc7dcfe932204c46)] -> xpath: //a[@class='list-group-item'][normalize-space()='Logout']]
[INFO] 10-03-2026 13:09:59 [main] Log - Test case registerSuccess is passed.
[INFO] 10-03-2026 13:10:02 [main] Log - Running test case registerSuccess
[INFO] 10-03-2026 13:10:02 [main] Log - ?ang x�c th?c gi� tr? ?�ng...

[INFO] 10-03-2026 13:10:02 [main] Log - Gi� tr? ?�ng
[INFO] 10-03-2026 13:10:02 [main] Log - Cu?n t?i ph?n t?: [[ChromeDriver: chrome on windows (bac641d949e6ac17cc7dcfe932204c46)] -> xpath: //legend[normalize-space()='Your Personal Details']]
[INFO] 10-03-2026 13:10:03 [main] Log - Cu?n t?i ph?n t?: [[ChromeDriver: chrome on windows (bac641d949e6ac17cc7dcfe932204c46)] -> xpath: //legend[normalize-space()='Your Password']]
[INFO] 10-03-2026 13:10:04 [main] Log - ?ang x�c th?c gi� tr? ?�ng...

[INFO] 10-03-2026 13:10:04 [main] Log - Gi� tr? ?�ng
[INFO] 10-03-2026 13:10:04 [main] Log - Cu?n t?i ph?n t?: [[ChromeDriver: chrome on windows (bac641d949e6ac17cc7dcfe932204c46)] -> xpath: //a[@class='list-group-item'][normalize-space()='Logout']]
[INFO] 10-03-2026 13:10:05 [main] Log - Test case registerSuccess is passed.
[INFO] 10-03-2026 13:10:07 [main] Log - Running test case registerSuccess
[INFO] 10-03-2026 13:10:08 [main] Log - ?ang x�c th?c gi� tr? ?�ng...

[INFO] 10-03-2026 13:10:08 [main] Log - Gi� tr? ?�ng
[INFO] 10-03-2026 13:10:08 [main] Log - Cu?n t?i ph?n t?: [[ChromeDriver: chrome on windows (bac641d949e6ac17cc7dcfe932204c46)] -> xpath: //legend[normalize-space()='Your Personal Details']]
[INFO] 10-03-2026 13:10:08 [main] Log - Cu?n t?i ph?n t?: [[ChromeDriver: chrome on windows (bac641d949e6ac17cc7dcfe932204c46)] -> xpath: //legend[normalize-space()='Your Password']]
[INFO] 10-03-2026 13:10:09 [main] Log - ?ang x�c th?c gi� tr? ?�ng...

[INFO] 10-03-2026 13:10:09 [main] Log - Gi� tr? ?�ng
[INFO] 10-03-2026 13:10:09 [main] Log - Cu?n t?i ph?n t?: [[ChromeDriver: chrome on windows (bac641d949e6ac17cc7dcfe932204c46)] -> xpath: //a[@class='list-group-item'][normalize-space()='Logout']]
[INFO] 10-03-2026 13:10:10 [main] Log - Test case registerSuccess is passed.
[INFO] 10-03-2026 13:10:13 [main] Log - Running test case registerNegativeBoundary
[INFO] 10-03-2026 13:10:13 [main] Log - Cu?n t?i ph?n t?: [[ChromeDriver: chrome on windows (bac641d949e6ac17cc7dcfe932204c46)] -> xpath: //legend[normalize-space()='Your Personal Details']]
[INFO] 10-03-2026 13:10:14 [main] Log - Cu?n t?i ph?n t?: [[ChromeDriver: chrome on windows (bac641d949e6ac17cc7dcfe932204c46)] -> xpath: //legend[normalize-space()='Your Password']]
[INFO] 10-03-2026 13:11:00 [main] Log - Th�ng b�o l?i: [Warning: E-Mail Address is already registered!]
[INFO] 10-03-2026 13:11:00 [main] Log - Test case registerNegativeBoundary is passed.
[INFO] 10-03-2026 13:11:03 [main] Log - Running test case registerNegativeBoundary
[INFO] 10-03-2026 13:11:03 [main] Log - Cu?n t?i ph?n t?: [[ChromeDriver: chrome on windows (bac641d949e6ac17cc7dcfe932204c46)] -> xpath: //legend[normalize-space()='Your Personal Details']]
[INFO] 10-03-2026 13:11:04 [main] Log - Cu?n t?i ph?n t?: [[ChromeDriver: chrome on windows (bac641d949e6ac17cc7dcfe932204c46)] -> xpath: //legend[normalize-space()='Your Password']]
[INFO] 10-03-2026 13:11:50 [main] Log - Th�ng b�o l?i: [Password confirmation does not match password!]
[INFO] 10-03-2026 13:11:50 [main] Log - Test case registerNegativeBoundary is passed.
[INFO] 10-03-2026 13:11:53 [main] Log - Running test case registerNegativeBoundary
[INFO] 10-03-2026 13:11:53 [main] Log - Cu?n t?i ph?n t?: [[ChromeDriver: chrome on windows (bac641d949e6ac17cc7dcfe932204c46)] -> xpath: //legend[normalize-space()='Your Personal Details']]
[INFO] 10-03-2026 13:11:54 [main] Log - Cu?n t?i ph?n t?: [[ChromeDriver: chrome on windows (bac641d949e6ac17cc7dcfe932204c46)] -> xpath: //legend[normalize-space()='Your Password']]
[INFO] 10-03-2026 13:13:25 [main] Log - Th�ng b�o l?i: []
[ERROR] 10-03-2026 13:13:25 [main] Log - Test case registerNegativeBoundary is failed.
[ERROR] 10-03-2026 13:13:25 [main] Log - java.lang.AssertionError: L?i mong mu?n kh�ng t�m th?y: Telephone must be between 3 and 32 characters!
Th�ng b�o th?c t?: [] expected [true] but found [false]
[INFO] 10-03-2026 13:13:28 [main] Log - Kh?i t?o tr�nh duy?t: chrome
[INFO] 10-03-2026 13:13:32 [main] Log - Cu?n t?i ph?n t?: [[ChromeDriver: chrome on windows (4e407f73cceffc95b9a8a4697cdde0e9)] -> xpath: (//a[normalize-space()='MacBook'])[1]]
[INFO] 10-03-2026 13:13:36 [main] Log - Running test case verifyProductsAddedToCart
[INFO] 10-03-2026 13:13:36 [main] Log - ?ang x�c th?c gi� tr? ?�ng...

[INFO] 10-03-2026 13:13:36 [main] Log - Gi� tr? ?�ng
[INFO] 10-03-2026 13:13:36 [main] Log - ?ang x�c th?c gi� tr? ?�ng...

[INFO] 10-03-2026 13:13:36 [main] Log - Gi� tr? ?�ng
[INFO] 10-03-2026 13:13:36 [main] Log - Test case verifyProductsAddedToCart is passed.
[INFO] 10-03-2026 13:13:38 [main] Log - Running test case verifyUpdateQuantityUpdatesTotalPrice
[INFO] 10-03-2026 13:13:39 [main] Log - ?ang x�c th?c gi� tr? b?ng nhau...
 - Th?c t?: 1324.0
 - K? v?ng: 1324.0
[INFO] 10-03-2026 13:13:39 [main] Log - Test case verifyUpdateQuantityUpdatesTotalPrice is passed.
[INFO] 10-03-2026 13:13:41 [main] Log - Running test case verifyRemoveProduct
[INFO] 10-03-2026 13:13:57 [main] Log - Test case verifyRemoveProduct is passed.
[INFO] 10-03-2026 13:13:59 [main] Log - Running test case verifyReloadKeepsCartState
[INFO] 10-03-2026 13:14:00 [main] Log - ?ang x�c th?c gi� tr? b?ng nhau...
 - Th?c t?: 3
 - K? v?ng: 3
[INFO] 10-03-2026 13:14:00 [main] Log - Test case verifyReloadKeepsCartState is passed.
[INFO] 10-03-2026 13:14:02 [main] Log - Running test case verifyQuantityOverflow
[INFO] 10-03-2026 13:14:03 [main] Log - ?ang x�c th?c gi� tr? ?�ng...

[INFO] 10-03-2026 13:14:03 [main] Log - Gi� tr? ?�ng
[INFO] 10-03-2026 13:14:03 [main] Log - Test case verifyQuantityOverflow is passed.
[INFO] 10-03-2026 13:14:05 [main] Log - Running test case verifyQuantityZero
[INFO] 10-03-2026 13:14:21 [main] Log - ?ang x�c th?c gi� tr? ?�ng...

[INFO] 10-03-2026 13:14:21 [main] Log - Gi� tr? ?�ng
[INFO] 10-03-2026 13:14:21 [main] Log - Test case verifyQuantityZero is passed.
[INFO] 10-03-2026 13:14:23 [main] Log - Running test case verifyNegativeQuantity
[INFO] 10-03-2026 13:14:39 [main] Log - Cu?n t?i ph?n t?: [[ChromeDriver: chrome on windows (4e407f73cceffc95b9a8a4697cdde0e9)] -> xpath: (//a[normalize-space()='MacBook'])[1]]
[INFO] 10-03-2026 13:14:56 [main] Log - ?ang x�c th?c gi� tr? ?�ng...

[INFO] 10-03-2026 13:14:56 [main] Log - Gi� tr? ?�ng
[INFO] 10-03-2026 13:14:56 [main] Log - Test case verifyNegativeQuantity is passed.
[INFO] 10-03-2026 13:14:59 [main] Log - Running test case verifyInvalidQuantityText
[INFO] 10-03-2026 13:15:14 [main] Log - Cu?n t?i ph?n t?: [[ChromeDriver: chrome on windows (4e407f73cceffc95b9a8a4697cdde0e9)] -> xpath: (//a[normalize-space()='MacBook'])[1]]
[INFO] 10-03-2026 13:15:31 [main] Log - ?ang x�c th?c gi� tr? ?�ng...

[INFO] 10-03-2026 13:15:31 [main] Log - Gi� tr? ?�ng
[INFO] 10-03-2026 13:15:31 [main] Log - Test case verifyInvalidQuantityText is passed.
[INFO] 10-03-2026 13:15:34 [main] Log - Running test case verifyCartTotalPrice
[INFO] 10-03-2026 13:15:50 [main] Log - Cu?n t?i ph?n t?: [[ChromeDriver: chrome on windows (4e407f73cceffc95b9a8a4697cdde0e9)] -> xpath: (//a[normalize-space()='MacBook'])[1]]
[INFO] 10-03-2026 13:15:51 [main] Log - Cu?n t?i ph?n t?: [[ChromeDriver: chrome on windows (4e407f73cceffc95b9a8a4697cdde0e9)] -> xpath: //strong[text()='Sub-Total:']/parent::td/following-sibling::td]
[INFO] 10-03-2026 13:15:52 [main] Log - ?ang x�c th?c gi� tr? ?�ng...

[INFO] 10-03-2026 13:15:52 [main] Log - Gi� tr? ?�ng
[INFO] 10-03-2026 13:15:52 [main] Log - Test case verifyCartTotalPrice is passed.
[INFO] 10-03-2026 13:15:54 [main] Log - Kh?i t?o tr�nh duy?t: chrome
[INFO] 10-03-2026 13:15:57 [main] Log - Running test case guestCheckoutSuccess
[INFO] 10-03-2026 13:16:00 [main] Log - Cu?n t?i ph?n t?: [[ChromeDriver: chrome on windows (de08ab99b6d95a9d5235feda5b26b1c5)] -> id: input-payment-firstname]
[INFO] 10-03-2026 13:16:06 [main] Log - ?ang x�c th?c gi� tr? ?�ng...

[INFO] 10-03-2026 13:16:06 [main] Log - Gi� tr? ?�ng
[INFO] 10-03-2026 13:16:07 [main] Log - ?ang x�c th?c gi� tr? ?�ng...

[INFO] 10-03-2026 13:16:07 [main] Log - Gi� tr? ?�ng
[INFO] 10-03-2026 13:16:07 [main] Log - Test case guestCheckoutSuccess is passed.
[INFO] 10-03-2026 13:16:20 [main] Log - Running test case checkoutFailWithoutAgree
[INFO] 10-03-2026 13:16:23 [main] Log - Cu?n t?i ph?n t?: [[ChromeDriver: chrome on windows (de08ab99b6d95a9d5235feda5b26b1c5)] -> id: input-payment-firstname]
[INFO] 10-03-2026 13:16:26 [main] Log - ?ang x�c th?c gi� tr? ?�ng...

[INFO] 10-03-2026 13:16:26 [main] Log - Gi� tr? ?�ng
[INFO] 10-03-2026 13:16:26 [main] Log - Test case checkoutFailWithoutAgree is passed.
[INFO] 10-03-2026 13:16:30 [main] Log - Running test case checkoutFailInvailEmailAndPhone
[INFO] 10-03-2026 13:16:32 [main] Log - Cu?n t?i ph?n t?: [[ChromeDriver: chrome on windows (de08ab99b6d95a9d5235feda5b26b1c5)] -> id: input-payment-firstname]
[ERROR] 10-03-2026 13:17:19 [main] Log - Test case checkoutFailInvailEmailAndPhone is failed.
[ERROR] 10-03-2026 13:17:19 [main] Log - org.openqa.selenium.NoSuchElementException: Timed out after 5 seconds. Unable to locate the element
[INFO] 10-03-2026 13:17:22 [main] Log - Running test case checkoutWithAccountSuccess
[INFO] 10-03-2026 13:17:29 [main] Log - ?ang x�c th?c gi� tr? ?�ng...

[INFO] 10-03-2026 13:17:29 [main] Log - Gi� tr? ?�ng
[INFO] 10-03-2026 13:17:31 [main] Log - ?ang x�c th?c gi� tr? ?�ng...

[INFO] 10-03-2026 13:17:31 [main] Log - Gi� tr? ?�ng
[INFO] 10-03-2026 13:17:31 [main] Log - Test case checkoutWithAccountSuccess is passed.
[INFO] 10-03-2026 13:17:40 [main] Log - Kh?i t?o tr�nh duy?t: chrome
[INFO] 10-03-2026 13:17:42 [main] Log - Running test case searchValidKeyword
[INFO] 10-03-2026 13:17:43 [main] Log - ?ang x�c th?c gi� tr? ?�ng...

[INFO] 10-03-2026 13:17:43 [main] Log - Gi� tr? ?�ng
[INFO] 10-03-2026 13:17:43 [main] Log - Test case searchValidKeyword is passed.
[INFO] 10-03-2026 13:17:45 [main] Log - Running test case searchValidKeyword
[INFO] 10-03-2026 13:17:45 [main] Log - ?ang x�c th?c gi� tr? ?�ng...

[INFO] 10-03-2026 13:17:45 [main] Log - Gi� tr? ?�ng
[INFO] 10-03-2026 13:17:45 [main] Log - Test case searchValidKeyword is passed.
[INFO] 10-03-2026 13:17:48 [main] Log - Running test case searchValidKeyword
[INFO] 10-03-2026 13:17:48 [main] Log - ?ang x�c th?c gi� tr? ?�ng...

[INFO] 10-03-2026 13:17:48 [main] Log - Gi� tr? ?�ng
[INFO] 10-03-2026 13:17:48 [main] Log - Test case searchValidKeyword is passed.
[INFO] 10-03-2026 13:17:51 [main] Log - Running test case filterFromCategory
[INFO] 10-03-2026 13:17:52 [main] Log - ?ang x�c th?c gi� tr? ?�ng...

[ERROR] 10-03-2026 13:17:52 [main] Log - Test case filterFromCategory is failed.
[ERROR] 10-03-2026 13:17:52 [main] Log - java.lang.RuntimeException: Ki?m tra th?t b?i: L?i: L?c theo danh m?c kh�ng hi?n s?n ph?m
[INFO] 10-03-2026 13:17:54 [main] Log - Running test case searchInvalidKeyword
[INFO] 10-03-2026 13:17:55 [main] Log - ?ang x�c th?c gi� tr? ?�ng...

[INFO] 10-03-2026 13:17:55 [main] Log - Gi� tr? ?�ng
[INFO] 10-03-2026 13:17:55 [main] Log - Test case searchInvalidKeyword is passed.
[INFO] 10-03-2026 13:17:57 [main] Log - Running test case searchInvalidKeyword
[INFO] 10-03-2026 13:17:57 [main] Log - ?ang x�c th?c gi� tr? ?�ng...

[INFO] 10-03-2026 13:17:57 [main] Log - Gi� tr? ?�ng
[INFO] 10-03-2026 13:17:57 [main] Log - Test case searchInvalidKeyword is passed.
[INFO] 10-03-2026 13:18:00 [main] Log - Running test case searchInvalidKeyword
[INFO] 10-03-2026 13:18:00 [main] Log - ?ang x�c th?c gi� tr? ?�ng...

[INFO] 10-03-2026 13:18:00 [main] Log - Gi� tr? ?�ng
[INFO] 10-03-2026 13:18:00 [main] Log - Test case searchInvalidKeyword is passed.
[INFO] 10-03-2026 13:18:02 [main] Log - Running test case filterProduct
[INFO] 10-03-2026 13:18:04 [main] Log - ?ang x�c th?c gi� tr? ?�ng...

[INFO] 10-03-2026 13:18:04 [main] Log - Gi� tr? ?�ng
[INFO] 10-03-2026 13:18:04 [main] Log - ?ang x�c th?c gi� tr? ?�ng...

[INFO] 10-03-2026 13:18:04 [main] Log - Gi� tr? ?�ng
[INFO] 10-03-2026 13:18:05 [main] Log - ?ang x�c th?c gi� tr? ?�ng...

[INFO] 10-03-2026 13:18:05 [main] Log - Gi� tr? ?�ng
[INFO] 10-03-2026 13:18:05 [main] Log - ?ang x�c th?c gi� tr? ?�ng...

[INFO] 10-03-2026 13:18:05 [main] Log - Gi� tr? ?�ng
[INFO] 10-03-2026 13:18:05 [main] Log - Test case filterProduct is passed.
[INFO] 10-03-2026 13:18:08 [main] Log - End testing OpenCart Tests
[INFO] 11-03-2026 12:07:05 [main] Log - Kh?i t?o tr�nh duy?t: chrome
[INFO] 11-03-2026 12:07:16 [main] Log - Running test case testLoginSuccess
[INFO] 11-03-2026 12:07:18 [main] Log - ?ang x�c th?c gi� tr? ?�ng...

[INFO] 11-03-2026 12:07:18 [main] Log - Gi� tr? ?�ng
[INFO] 11-03-2026 12:07:18 [main] Log - Cu?n t?i ph?n t?: [[ChromeDriver: chrome on windows (552211eb853a7442e17107c56d58bbf6)] -> xpath: //a[@class='list-group-item'][normalize-space()='Logout']]
[INFO] 11-03-2026 12:07:19 [main] Log - Test case testLoginSuccess is passed.
[INFO] 11-03-2026 12:07:23 [main] Log - Running test case testLoginNegativeBoundary
[INFO] 11-03-2026 12:07:25 [main] Log - Th�ng b�o l?i: [Warning: No match for E-Mail Address and/or Password.]
[INFO] 11-03-2026 12:07:25 [main] Log - Test case testLoginNegativeBoundary is passed.
[INFO] 11-03-2026 12:07:27 [main] Log - Running test case testLoginNegativeBoundary
[INFO] 11-03-2026 12:07:28 [main] Log - Th�ng b�o l?i: [Warning: No match for E-Mail Address and/or Password.]
[INFO] 11-03-2026 12:07:28 [main] Log - Test case testLoginNegativeBoundary is passed.
[INFO] 11-03-2026 12:07:31 [main] Log - Running test case testLoginNegativeBoundary
[INFO] 11-03-2026 12:07:32 [main] Log - Th�ng b�o l?i: [Warning: No match for E-Mail Address and/or Password.]
[ERROR] 11-03-2026 12:07:32 [main] Log - Test case testLoginNegativeBoundary is failed.
[ERROR] 11-03-2026 12:07:32 [main] Log - java.lang.AssertionError: L?i mong mu?n kh�ng t�m th?y: Password must not be empty
Th�ng b�o th?c t?: [Warning: No match for E-Mail Address and/or Password.] expected [true] but found [false]
[INFO] 11-03-2026 12:07:35 [main] Log - Running test case testBlockLogin
[INFO] 11-03-2026 12:07:36 [main] Log - Th�ng b�o l?i: [Warning: Your account has exceeded allowed number of login attempts. Please try again in 1 hour.]
[INFO] 11-03-2026 12:07:36 [main] Log - Test case testBlockLogin is passed.
[INFO] 11-03-2026 12:07:39 [main] Log - Running test case testLoginWhenLoginBlock
[INFO] 11-03-2026 12:08:25 [main] Log - Th�ng b�o l?i: []
[ERROR] 11-03-2026 12:08:25 [main] Log - Test case testLoginWhenLoginBlock is failed.
[ERROR] 11-03-2026 12:08:26 [main] Log - java.lang.AssertionError: L?i mong mu?n kh�ng t�m th?y: Warning: Your account has exceeded allowed number of login attempts. Please try again in 1 hour.
Th�ng b�o th?c t?: [] expected [true] but found [false]
[INFO] 11-03-2026 12:08:28 [main] Log - Kh?i t?o tr�nh duy?t: chrome
[INFO] 11-03-2026 12:08:31 [main] Log - Running test case registerSuccess
[INFO] 11-03-2026 12:08:32 [main] Log - ?ang x�c th?c gi� tr? ?�ng...

[INFO] 11-03-2026 12:08:32 [main] Log - Gi� tr? ?�ng
[INFO] 11-03-2026 12:08:32 [main] Log - Cu?n t?i ph?n t?: [[ChromeDriver: chrome on windows (721dd98e5d027c32ff9faab0895f8d3b)] -> xpath: //legend[normalize-space()='Your Personal Details']]
[INFO] 11-03-2026 12:08:33 [main] Log - Cu?n t?i ph?n t?: [[ChromeDriver: chrome on windows (721dd98e5d027c32ff9faab0895f8d3b)] -> xpath: //legend[normalize-space()='Your Password']]
[INFO] 11-03-2026 12:08:36 [main] Log - ?ang x�c th?c gi� tr? ?�ng...

[INFO] 11-03-2026 12:08:36 [main] Log - Gi� tr? ?�ng
[INFO] 11-03-2026 12:08:36 [main] Log - Cu?n t?i ph?n t?: [[ChromeDriver: chrome on windows (721dd98e5d027c32ff9faab0895f8d3b)] -> xpath: //a[@class='list-group-item'][normalize-space()='Logout']]
[INFO] 11-03-2026 12:08:36 [main] Log - Test case registerSuccess is passed.
[INFO] 11-03-2026 12:08:39 [main] Log - Running test case registerSuccess
[INFO] 11-03-2026 12:08:40 [main] Log - ?ang x�c th?c gi� tr? ?�ng...

[INFO] 11-03-2026 12:08:40 [main] Log - Gi� tr? ?�ng
[INFO] 11-03-2026 12:08:40 [main] Log - Cu?n t?i ph?n t?: [[ChromeDriver: chrome on windows (721dd98e5d027c32ff9faab0895f8d3b)] -> xpath: //legend[normalize-space()='Your Personal Details']]
[INFO] 11-03-2026 12:08:40 [main] Log - Cu?n t?i ph?n t?: [[ChromeDriver: chrome on windows (721dd98e5d027c32ff9faab0895f8d3b)] -> xpath: //legend[normalize-space()='Your Password']]
[INFO] 11-03-2026 12:08:41 [main] Log - ?ang x�c th?c gi� tr? ?�ng...

[INFO] 11-03-2026 12:08:41 [main] Log - Gi� tr? ?�ng
[INFO] 11-03-2026 12:08:41 [main] Log - Cu?n t?i ph?n t?: [[ChromeDriver: chrome on windows (721dd98e5d027c32ff9faab0895f8d3b)] -> xpath: //a[@class='list-group-item'][normalize-space()='Logout']]
[INFO] 11-03-2026 12:08:42 [main] Log - Test case registerSuccess is passed.
[INFO] 11-03-2026 12:08:45 [main] Log - Running test case registerSuccess
[INFO] 11-03-2026 12:08:45 [main] Log - ?ang x�c th?c gi� tr? ?�ng...

[INFO] 11-03-2026 12:08:45 [main] Log - Gi� tr? ?�ng
[INFO] 11-03-2026 12:08:45 [main] Log - Cu?n t?i ph?n t?: [[ChromeDriver: chrome on windows (721dd98e5d027c32ff9faab0895f8d3b)] -> xpath: //legend[normalize-space()='Your Personal Details']]
[INFO] 11-03-2026 12:08:46 [main] Log - Cu?n t?i ph?n t?: [[ChromeDriver: chrome on windows (721dd98e5d027c32ff9faab0895f8d3b)] -> xpath: //legend[normalize-space()='Your Password']]
[INFO] 11-03-2026 12:08:47 [main] Log - ?ang x�c th?c gi� tr? ?�ng...

[INFO] 11-03-2026 12:08:47 [main] Log - Gi� tr? ?�ng
[INFO] 11-03-2026 12:08:47 [main] Log - Cu?n t?i ph?n t?: [[ChromeDriver: chrome on windows (721dd98e5d027c32ff9faab0895f8d3b)] -> xpath: //a[@class='list-group-item'][normalize-space()='Logout']]
[INFO] 11-03-2026 12:08:48 [main] Log - Test case registerSuccess is passed.
[INFO] 11-03-2026 12:08:51 [main] Log - Running test case registerNegativeBoundary
[INFO] 11-03-2026 12:08:51 [main] Log - Cu?n t?i ph?n t?: [[ChromeDriver: chrome on windows (721dd98e5d027c32ff9faab0895f8d3b)] -> xpath: //legend[normalize-space()='Your Personal Details']]
[INFO] 11-03-2026 12:08:52 [main] Log - Cu?n t?i ph?n t?: [[ChromeDriver: chrome on windows (721dd98e5d027c32ff9faab0895f8d3b)] -> xpath: //legend[normalize-space()='Your Password']]
[INFO] 11-03-2026 12:09:38 [main] Log - Th�ng b�o l?i: [Warning: E-Mail Address is already registered!]
[INFO] 11-03-2026 12:09:38 [main] Log - Test case registerNegativeBoundary is passed.
[INFO] 11-03-2026 12:09:40 [main] Log - Running test case registerNegativeBoundary
[INFO] 11-03-2026 12:09:41 [main] Log - Cu?n t?i ph?n t?: [[ChromeDriver: chrome on windows (721dd98e5d027c32ff9faab0895f8d3b)] -> xpath: //legend[normalize-space()='Your Personal Details']]
[INFO] 11-03-2026 12:09:42 [main] Log - Cu?n t?i ph?n t?: [[ChromeDriver: chrome on windows (721dd98e5d027c32ff9faab0895f8d3b)] -> xpath: //legend[normalize-space()='Your Password']]
[INFO] 11-03-2026 12:10:28 [main] Log - Th�ng b�o l?i: [Password confirmation does not match password!]
[INFO] 11-03-2026 12:10:28 [main] Log - Test case registerNegativeBoundary is passed.
[INFO] 11-03-2026 12:10:30 [main] Log - Running test case registerNegativeBoundary
[INFO] 11-03-2026 12:10:31 [main] Log - Cu?n t?i ph?n t?: [[ChromeDriver: chrome on windows (721dd98e5d027c32ff9faab0895f8d3b)] -> xpath: //legend[normalize-space()='Your Personal Details']]
[INFO] 11-03-2026 12:10:32 [main] Log - Cu?n t?i ph?n t?: [[ChromeDriver: chrome on windows (721dd98e5d027c32ff9faab0895f8d3b)] -> xpath: //legend[normalize-space()='Your Password']]
[INFO] 11-03-2026 12:10:34 [main] Log - Cu?n t?i ph?n t?: [[ChromeDriver: chrome on windows (721dd98e5d027c32ff9faab0895f8d3b)] -> xpath: //a[@class='list-group-item'][normalize-space()='Logout']]
[ERROR] 11-03-2026 12:12:01 [main] Log - Test case registerNegativeBoundary is failed.
[ERROR] 11-03-2026 12:12:01 [main] Log - Test case registerNegativeBoundary is failed.
[INFO] 11-03-2026 12:12:01 [main] Log - End testing OpenCart Tests
[INFO] 11-03-2026 12:15:41 [main] Log - Kh?i t?o tr�nh duy?t: chrome
[INFO] 11-03-2026 12:15:47 [main] Log - Running test case searchValidKeyword
[INFO] 11-03-2026 12:15:48 [main] Log - ?ang x�c th?c gi� tr? ?�ng...

[INFO] 11-03-2026 12:15:48 [main] Log - Gi� tr? ?�ng
[INFO] 11-03-2026 12:15:48 [main] Log - Test case searchValidKeyword is passed.
[INFO] 11-03-2026 12:15:50 [main] Log - Running test case searchValidKeyword
[INFO] 11-03-2026 12:15:51 [main] Log - ?ang x�c th?c gi� tr? ?�ng...

[INFO] 11-03-2026 12:15:51 [main] Log - Gi� tr? ?�ng
[INFO] 11-03-2026 12:15:51 [main] Log - Test case searchValidKeyword is passed.
[INFO] 11-03-2026 12:15:54 [main] Log - Running test case searchValidKeyword
[INFO] 11-03-2026 12:15:54 [main] Log - ?ang x�c th?c gi� tr? ?�ng...

[INFO] 11-03-2026 12:15:54 [main] Log - Gi� tr? ?�ng
[INFO] 11-03-2026 12:15:54 [main] Log - Test case searchValidKeyword is passed.
[INFO] 11-03-2026 12:15:57 [main] Log - Running test case filterFromCategory
[INFO] 11-03-2026 12:15:58 [main] Log - ?ang x�c th?c gi� tr? ?�ng...

[ERROR] 11-03-2026 12:15:58 [main] Log - Test case filterFromCategory is failed.
[ERROR] 11-03-2026 12:15:58 [main] Log - java.lang.RuntimeException: Ki?m tra th?t b?i: L?i: L?c theo danh m?c kh�ng hi?n s?n ph?m
[INFO] 11-03-2026 12:16:00 [main] Log - Running test case searchInvalidKeyword
[INFO] 11-03-2026 12:16:01 [main] Log - ?ang x�c th?c gi� tr? ?�ng...

[INFO] 11-03-2026 12:16:01 [main] Log - Gi� tr? ?�ng
[INFO] 11-03-2026 12:16:01 [main] Log - Test case searchInvalidKeyword is passed.
[INFO] 11-03-2026 12:16:03 [main] Log - Running test case searchInvalidKeyword
[INFO] 11-03-2026 12:16:04 [main] Log - ?ang x�c th?c gi� tr? ?�ng...

[INFO] 11-03-2026 12:16:04 [main] Log - Gi� tr? ?�ng
[INFO] 11-03-2026 12:16:04 [main] Log - Test case searchInvalidKeyword is passed.
[INFO] 11-03-2026 12:16:06 [main] Log - Running test case searchInvalidKeyword
[INFO] 11-03-2026 12:16:07 [main] Log - ?ang x�c th?c gi� tr? ?�ng...

[INFO] 11-03-2026 12:16:07 [main] Log - Gi� tr? ?�ng
[INFO] 11-03-2026 12:16:07 [main] Log - Test case searchInvalidKeyword is passed.
[INFO] 11-03-2026 12:16:09 [main] Log - Running test case filterProduct
[INFO] 11-03-2026 12:16:11 [main] Log - ?ang x�c th?c gi� tr? ?�ng...

[INFO] 11-03-2026 12:16:11 [main] Log - Gi� tr? ?�ng
[INFO] 11-03-2026 12:16:12 [main] Log - ?ang x�c th?c gi� tr? ?�ng...

[INFO] 11-03-2026 12:16:12 [main] Log - Gi� tr? ?�ng
[INFO] 11-03-2026 12:16:12 [main] Log - ?ang x�c th?c gi� tr? ?�ng...

[INFO] 11-03-2026 12:16:12 [main] Log - Gi� tr? ?�ng
[INFO] 11-03-2026 12:16:13 [main] Log - ?ang x�c th?c gi� tr? ?�ng...

[INFO] 11-03-2026 12:16:13 [main] Log - Gi� tr? ?�ng
[INFO] 11-03-2026 12:16:13 [main] Log - Test case filterProduct is passed.
[INFO] 11-03-2026 12:16:16 [main] Log - End testing Search Tests
